,calib_pred,calib_true,test_pred,test_true
0,0.006042513996362686,0,0.006171971559524536,1
1,0.006733808200806379,0,0.003151153214275837,0
2,0.008831454440951347,0,0.006206766702234745,0
3,0.006655172444880009,0,0.13914687931537628,0
4,0.009071726351976395,0,0.012388444505631924,0
5,0.007406245451420546,0,0.022285953164100647,0
6,0.004520519636571407,0,0.0058278776705265045,0
7,0.013731072656810284,0,0.004864381160587072,0
8,0.00733972666785121,1,0.11908914893865585,1
9,0.0028692628256976604,0,0.002640926744788885,0
10,0.00703866221010685,0,0.009140054695308208,0
11,0.007073661312460899,0,0.010101281106472015,0
12,0.07961342483758926,0,0.005674133077263832,0
13,0.2805138826370239,0,0.004256253596395254,0
14,0.005506515968590975,0,0.00786911603063345,0
15,0.022640736773610115,0,0.010802187956869602,0
16,0.00910386722534895,0,0.002568837720900774,0
17,0.004978651646524668,0,0.007119989488273859,0
18,0.002360503887757659,0,0.027787744998931885,0
19,0.003386245807632804,0,0.0056134476326406,0
20,0.004860356915742159,0,0.004253429360687733,0
21,0.004640156403183937,0,0.5396437644958496,0
22,0.005141706205904484,0,0.0025641846004873514,1
23,0.008263293653726578,0,0.009838065132498741,0
24,0.005222238600254059,0,0.0054643121547997,0
25,0.006982146762311459,0,0.008292253129184246,0
26,0.003634283784776926,0,0.0024559726007282734,0
27,0.00693337619304657,1,0.008178779855370522,0
28,0.005575619637966156,0,0.005409482400864363,0
29,0.005799075122922659,0,0.0054525574669241905,0
30,0.002697146963328123,0,0.00511673791334033,0
31,0.003117843996733427,0,0.011375879868865013,0
32,0.009425798431038857,0,0.006112393457442522,0
33,0.018861552700400352,0,0.007813585922122002,0
34,0.004424343351274729,0,0.005882959347218275,0
35,0.0030533340759575367,0,0.012299801222980022,0
36,0.014247396029531956,0,0.054507333785295486,0
37,0.004325946792960167,0,0.0032055808696895838,0
38,0.005255711730569601,0,0.005119503475725651,0
39,0.0019989782012999058,0,0.008382609114050865,0
40,0.004186750389635563,0,0.010574533604085445,0
41,0.005222902167588472,0,0.011112157255411148,0
42,0.0076356129720807076,0,0.006237436085939407,0
43,0.0023666024208068848,0,0.0035241551231592894,0
44,0.004342449828982353,0,0.04015480726957321,0
45,0.019481297582387924,0,0.017163891345262527,0
46,0.0046186321415007114,0,0.0031893616542220116,0
47,0.06428192555904388,1,0.006624150555580854,0
48,0.004559568595141172,0,0.004661486484110355,0
49,0.004585184622555971,0,0.0038444080855697393,0
50,0.005670047830790281,0,0.5098528265953064,1
51,0.004508936777710915,0,0.00643120938912034,0
52,0.0039219981990754604,0,0.009803098626434803,0
53,0.0033524383325129747,0,0.0021565884817391634,0
54,0.0030430182814598083,0,0.014350317418575287,0
55,0.006429439876228571,0,0.0034747831523418427,0
56,0.004460691008716822,0,0.0037870907690376043,0
57,0.006693751085549593,0,0.00256332871504128,0
58,0.0068635051138699055,0,0.02261779084801674,0
59,0.06987163424491882,0,0.004872581921517849,0
60,0.005868024658411741,0,0.007644336670637131,0
61,0.0033208285458385944,0,0.007761965040117502,0
62,0.009023131802678108,0,0.00756372045725584,0
63,0.038962624967098236,0,0.021177679300308228,1
64,0.019550776109099388,0,0.005321033764630556,0
65,0.006741137709468603,0,0.0037992065772414207,0
66,0.02719108760356903,0,0.0046333977952599525,0
67,0.20411317050457,1,0.003981884103268385,0
68,0.007496590260416269,0,0.002284029731526971,0
69,0.0047780354507267475,0,0.009793845936655998,0
70,0.007619071751832962,0,0.00282574025914073,0
71,0.005270395893603563,0,0.002114985603839159,0
72,0.008718259632587433,0,0.004529889672994614,0
73,0.006015425082296133,0,0.022738605737686157,0
74,0.007595711853355169,0,0.006508378311991692,0
75,0.00619321595877409,0,0.011091092601418495,0
76,0.007577273994684219,0,0.010747378692030907,0
77,0.006289348006248474,0,0.6094695329666138,0
78,0.022067610174417496,0,0.007960503920912743,0
79,0.004645275417715311,0,0.0031200647354125977,0
80,0.006597820669412613,0,0.006334769073873758,0
81,0.0033590325620025396,0,0.005999408662319183,0
82,0.011249656789004803,0,0.002507690340280533,0
83,0.007429955061525106,0,0.00463596498593688,0
84,0.008931807242333889,0,0.7582798004150391,1
85,0.2685931622982025,0,0.4541560709476471,0
86,0.0029023103415966034,0,0.006316812243312597,0
87,0.0036720572970807552,0,0.0055744219571352005,0
88,0.007713346276432276,0,0.011201461777091026,0
89,0.005340902134776115,0,0.003551650093868375,0
90,0.0061226533725857735,0,0.027814628556370735,0
91,0.004076236393302679,0,0.00618697376921773,0
92,0.00711361737921834,0,0.003829892026260495,0
93,0.0034627437125891447,0,0.009605255909264088,0
94,0.0033086196053773165,0,0.004372953437268734,0
95,0.007381524424999952,0,0.009726468473672867,0
96,0.004595156759023666,0,0.009849339723587036,0
97,0.0035049186553806067,0,0.004774386063218117,0
98,0.02731018327176571,0,0.0038835559971630573,0
99,0.003990877419710159,0,0.007368828170001507,0
100,0.004379331134259701,0,0.018122829496860504,0
101,0.7973649501800537,1,0.004482991062104702,0
102,0.006787562742829323,0,0.005913448054343462,0
103,0.007549992296844721,0,0.012101536616683006,0
104,0.04758211597800255,0,0.004490961320698261,0
105,0.01304927933961153,0,0.07405858486890793,0
106,0.01011645421385765,0,0.006143522448837757,0
107,0.0066438340581953526,0,0.003691048128530383,0
108,0.005213238764554262,0,0.010562223382294178,0
109,0.0066583952866494656,0,0.006421923637390137,0
110,0.007853477261960506,0,0.008715021423995495,0
111,0.049630504101514816,0,0.9562801718711853,1
112,0.1687534600496292,0,0.00519455224275589,0
113,0.007281535770744085,0,0.0069657377898693085,0
114,0.012990185990929604,0,0.0031190714798867702,0
115,0.007001407910138369,0,0.0037829892244189978,0
116,0.0033821400720626116,0,0.010214678943157196,0
117,0.00523018091917038,0,0.007474508136510849,0
118,0.010716523975133896,0,0.008811675943434238,0
119,0.013030003756284714,0,0.007237377110868692,0
120,0.01168636605143547,0,0.029259545728564262,0
121,0.022225728258490562,0,0.013294519856572151,0
122,0.0056083048693835735,0,0.28556498885154724,0
123,0.004644792526960373,0,0.006321420427411795,0
124,0.029175786301493645,0,0.004060650710016489,0
125,0.005189075600355864,0,0.0061543104238808155,0
126,0.00771851884201169,1,0.00926203839480877,0
127,0.008059958927333355,0,0.003988529555499554,0
128,0.007038861978799105,0,0.005652945954352617,0
129,0.005882755387574434,0,0.002766640391200781,0
130,0.00334075465798378,0,0.008254263550043106,0
131,0.1370195597410202,0,0.0036887868773192167,0
132,0.010446219705045223,0,0.011261171661317348,0
133,0.013929658569395542,0,0.004999093245714903,0
134,0.6909040808677673,1,0.003399763023480773,0
135,0.005204230546951294,0,0.004215652123093605,0
136,0.006544021423906088,0,0.004934675991535187,0
137,0.0040445164777338505,0,0.008446648716926575,0
138,0.2061125934123993,0,0.008164782077074051,0
139,0.00496175792068243,0,0.07880087941884995,1
140,0.008061099797487259,0,0.0058367615565657616,0
141,0.006527420599013567,0,0.036216169595718384,0
142,0.0028091270942240953,0,0.006478432100266218,0
143,0.004708223044872284,0,0.005362688098102808,0
144,0.0044219475239515305,0,0.06126442924141884,0
145,0.02059825509786606,0,0.004655130207538605,0
146,0.006144439801573753,0,0.009575936943292618,0
147,0.010989906266331673,0,0.005684562027454376,0
148,0.009873340837657452,0,0.0030212453566491604,0
149,0.006999976001679897,0,0.011873702518641949,0
150,0.017941003665328026,0,0.005094924010336399,0
151,0.009713240899145603,0,0.0032619719859212637,0
152,0.007350588217377663,0,0.005670074839144945,0
153,0.0049095856957137585,0,0.0045705740340054035,0
154,0.00278744800016284,0,0.0025762964505702257,0
155,0.01249313447624445,0,0.014427761547267437,0
156,0.009857607074081898,0,0.00817902758717537,0
157,0.004057568032294512,0,0.0032677133567631245,0
158,0.00768273463472724,0,0.31010422110557556,0
159,0.008602805435657501,0,0.006792450323700905,0
160,0.005974204745143652,0,0.0032005251850932837,0
161,0.005536309443414211,0,0.002317632082849741,0
162,0.13123776018619537,0,0.006955629214644432,0
163,0.041223201900720596,0,0.007187405601143837,0
164,0.006456493865698576,0,0.0039924923330545425,0
165,0.007598372176289558,0,0.027116863057017326,0
166,0.004805231001228094,0,0.006121951621025801,0
167,0.005835333373397589,0,0.005044473335146904,0
168,0.010631796903908253,0,0.001458711689338088,0
169,0.00606354558840394,0,0.012673581019043922,0
170,0.008594134822487831,0,0.05132844299077988,0
171,0.0062313564121723175,0,0.00620208540931344,0
172,0.007125418167561293,0,0.013174634426832199,0
173,0.004505228716880083,0,0.005451231263577938,0
174,0.002986123552545905,0,0.0054900455288589,0
175,0.004272719379514456,0,0.006564557086676359,0
176,0.00401769345626235,0,0.008965498767793179,0
177,0.04189673811197281,0,0.008106342516839504,0
178,0.0034605825785547495,0,0.034470271319150925,0
179,0.0036954309325665236,0,0.004800756927579641,0
180,0.4704244136810303,1,0.005589175038039684,0
181,0.004660532809793949,0,0.0045535084791481495,0
182,0.003615470603108406,0,0.006480881478637457,0
183,0.0051348269917070866,0,0.0027542582247406244,0
184,0.009614023379981518,0,0.0025567463599145412,0
185,0.004554969724267721,1,0.003819770412519574,0
186,0.0032663531601428986,0,0.004046902991831303,0
187,0.005771440453827381,0,0.003573295660316944,0
188,0.006027191877365112,0,0.006204196251928806,0
189,0.003954864572733641,0,0.01410712581127882,0
190,0.00546966353431344,0,0.006250040605664253,0
191,0.011775635182857513,0,0.03825585916638374,0
192,0.004806248005479574,0,0.007705718278884888,0
193,0.02984577789902687,0,0.15501059591770172,0
194,0.004300149157643318,0,0.07163722813129425,0
195,0.20589473843574524,0,0.0138969412073493,0
196,0.010487621650099754,0,0.0023401323705911636,0
197,0.008582912385463715,0,0.005573404487222433,0
198,0.014283189550042152,0,0.005877576302736998,0
199,0.017976729199290276,0,0.007743117865175009,0
200,0.003469958435744047,0,0.010528435930609703,0
201,0.007211918476969004,0,0.00424593361094594,0
202,0.006335231475532055,0,0.005189023911952972,0
203,0.030671123415231705,0,0.02120177075266838,0
204,0.005465167574584484,0,0.0033791984897106886,0
205,0.06340665370225906,0,0.004396592266857624,0
206,0.04750918224453926,0,0.015555771999061108,0
207,0.007729048375040293,0,0.008202649652957916,0
208,0.05397152900695801,0,0.003913289867341518,0
209,0.021121272817254066,0,0.0037985260132700205,0
210,0.0058746072463691235,0,0.012623184360563755,0
211,0.02063051611185074,0,0.005119664128869772,0
212,0.006062663160264492,0,0.005015485920011997,0
213,0.010162168182432652,0,0.011378093622624874,0
214,0.005133107770234346,0,0.016814371570944786,0
215,0.006772544234991074,0,0.010311112739145756,0
216,0.008164770901203156,0,0.009827744215726852,0
217,0.0036505889147520065,0,0.005041932221502066,0
218,0.0024310643784701824,0,0.002278291853144765,0
219,0.0033209011889994144,0,0.01033093687146902,0
220,0.01325947418808937,0,0.005736734718084335,0
221,0.006240499205887318,0,0.004202695097774267,0
222,0.008255700580775738,0,0.0040354300290346146,0
223,0.0035746064968407154,0,0.03662898764014244,0
224,0.006344738882035017,0,0.0062838224694132805,0
225,0.012763855047523975,0,0.0071125635877251625,0
226,0.0032849074341356754,0,0.5667737722396851,1
227,0.0036045191809535027,0,0.028958646580576897,0
228,0.0062425932846963406,0,0.0029739122837781906,0
229,0.004455956630408764,0,0.011110429652035236,0
230,0.0033263887744396925,0,0.007589525543153286,0
231,0.03521289303898811,0,0.0027021656278520823,0
232,0.0034243324771523476,0,0.002428184263408184,0
233,0.003073623403906822,0,0.011400154791772366,0
234,0.006525120232254267,0,0.0038073451723903418,0
235,0.003372369334101677,0,0.005070557352155447,0
236,0.005641646683216095,0,0.005453814286738634,0
237,0.011280227452516556,0,0.01127302274107933,0
238,0.006334805395454168,0,0.02032097801566124,0
239,0.004395356867462397,0,0.003761689644306898,0
240,0.009481525048613548,0,0.007115163374692202,0
241,0.0025040716864168644,0,0.0042032296769320965,0
242,0.006727585569024086,0,0.0031861101742833853,0
243,0.004255227278918028,0,0.003476193407550454,0
244,0.004265592433512211,0,0.004654171410948038,0
245,0.005029353778809309,0,0.009742280468344688,0
246,0.01275031827390194,0,0.010138788260519505,0
247,0.0062437234446406364,0,0.0033201249316334724,0
248,0.022787632420659065,0,0.007370418403297663,0
249,0.016082512214779854,0,0.004392605274915695,0
250,0.05690431967377663,0,0.8663704991340637,1
251,0.0068826694041490555,0,0.04163224250078201,0
252,0.010887883603572845,0,0.005865966901183128,0
253,0.006467018276453018,0,0.005795134697109461,0
254,0.004542923532426357,0,0.8800623416900635,1
255,0.004120826255530119,0,0.00890836026519537,0
256,0.006620097439736128,0,0.036751966923475266,0
257,0.007585726212710142,0,0.005887235514819622,0
258,0.008518818765878677,0,0.015186603181064129,0
259,0.1193944439291954,0,0.002212394494563341,0
260,0.008101673796772957,0,0.6951854228973389,0
261,0.0065281689167022705,0,0.006641804706305265,0
262,0.009271319955587387,0,0.003851095447316766,0
263,0.006993306800723076,0,0.008128240704536438,0
264,0.004142546094954014,0,0.04562933370471001,0
265,0.026797551661729813,0,0.3279179632663727,0
266,0.009460660628974438,0,0.009266205132007599,0
267,0.017952971160411835,0,0.007066056597977877,0
268,0.027165396139025688,0,0.0033076952677220106,0
269,0.00707979267463088,0,0.00636184960603714,0
270,0.0036214774008840322,0,0.002376074669882655,0
271,0.03709442913532257,0,0.017789827659726143,0
272,0.0056320675648748875,0,0.004370107781141996,0
273,0.1515650600194931,0,0.006473090499639511,0
274,0.10523843765258789,0,0.018428772687911987,0
275,0.5941177606582642,0,0.0032675983384251595,0
276,0.0054024094715714455,0,0.012454203329980373,0
277,0.0033879748079925776,0,0.00650185439735651,0
278,0.006815864238888025,0,0.00877013336867094,0
279,0.01105925627052784,0,0.0036579675506800413,0
280,0.004015934653580189,0,0.0029712230898439884,0
281,0.004447697661817074,0,0.006033188197761774,1
282,0.07424511760473251,0,0.0035465655382722616,0
283,0.013894667848944664,0,0.007668450940400362,0
284,0.007939898408949375,0,0.004242457449436188,0
285,0.010676192119717598,0,0.013700452633202076,0
286,0.004118964076042175,0,0.0204198956489563,0
287,0.009724723175168037,0,0.01568266563117504,0
288,0.008846083655953407,0,0.008288631215691566,0
289,0.002928478643298149,0,0.00613918574526906,0
290,0.003678517648950219,0,0.008872969076037407,1
291,0.004109537228941917,0,0.014373942278325558,0
292,0.002707175211980939,0,0.006604234222322702,0
293,0.0037564076483249664,0,0.007464436814188957,0
294,0.00625231210142374,0,0.01191700343042612,0
295,0.014767706394195557,0,0.008662392385303974,0
296,0.6120228171348572,0,0.008123913779854774,0
297,0.004452395718544722,0,0.0029462689999490976,0
298,0.0045402394607663155,0,0.004326844587922096,0
299,0.002824418479576707,0,0.006999816745519638,0
300,0.030226226896047592,0,0.019327793270349503,0
301,0.03253663703799248,0,0.006821612361818552,0
302,0.0024260899517685175,0,0.002110537141561508,0
303,0.0033822106197476387,0,0.00397992180660367,0
304,0.004961004480719566,0,0.004971114918589592,0
305,0.005144218914210796,0,0.006302268244326115,0
306,0.004694177769124508,0,0.005385568831115961,0
307,0.00310144922696054,0,0.004208941478282213,0
308,0.015863269567489624,0,0.01000900100916624,0
309,0.008501405827701092,0,0.016326844692230225,0
310,0.006086715031415224,0,0.1133376806974411,0
311,0.004069575108587742,0,0.009867046028375626,0
312,0.005377661436796188,0,0.006873496808111668,0
313,0.02436380833387375,0,0.25124117732048035,0
314,0.015877926722168922,0,0.006725922226905823,0
315,0.012321729212999344,0,0.008676555939018726,0
316,0.005855476018041372,0,0.004836682695895433,0
317,0.0024576822761446238,0,0.007895871996879578,1
318,0.009234469383955002,0,0.05967826396226883,0
319,0.0134566156193614,0,0.003541148966178298,0
320,0.004610870033502579,0,0.004709248431026936,0
321,0.005490269046276808,0,0.004335310310125351,0
322,0.0034793911036103964,0,0.01634639874100685,0
323,0.0033730356954038143,0,0.10273337364196777,0
324,0.003716996405273676,0,0.003201588522642851,0
325,0.006258821580559015,0,0.0034781331196427345,0
326,0.0065933531150221825,0,0.002490121638402343,0
327,0.004561465233564377,0,0.014201142825186253,0
328,0.0032795348670333624,0,0.006414981093257666,0
329,0.027328606694936752,0,0.007058165036141872,0
330,0.004760230425745249,0,0.0066764093935489655,0
331,0.008768405765295029,0,0.014718119986355305,0
332,0.010693520307540894,0,0.01275554858148098,0
333,0.00884966365993023,0,0.005620089825242758,0
334,0.0029988191090524197,0,0.009201607666909695,0
335,0.007131114602088928,0,0.10026757419109344,0
336,0.0037078959867358208,0,0.004610217642039061,0
337,0.009866197593510151,0,0.004535496234893799,0
338,0.14302581548690796,0,0.006154292728751898,0
339,0.004975676536560059,0,0.003047106321901083,0
340,0.01163516566157341,0,0.006741377525031567,0
341,0.0021923407912254333,0,0.006803905591368675,0
342,0.013318209908902645,0,0.007760455831885338,0
343,0.005249654874205589,0,0.5017277002334595,0
344,0.0042861029505729675,0,0.0033659215550869703,0
345,0.0048845550045371056,0,0.005514299962669611,1
346,0.005731262732297182,0,0.008213188499212265,0
347,0.0020523006096482277,0,0.006476357113569975,0
348,0.008813994936645031,0,0.012067870236933231,0
349,0.004548915661871433,0,0.0028054509311914444,0
350,0.004812752828001976,0,0.046506330370903015,0
351,0.007593045476824045,0,0.005345775280147791,0
352,0.01979091763496399,0,0.005708994809538126,0
353,0.014021328650414944,0,0.0043277135118842125,0
354,0.005237554665654898,0,0.006782902870327234,0
355,0.015182672999799252,0,0.0030289478600025177,0
356,0.03381706401705742,0,0.005930330138653517,0
357,0.00558410445228219,0,0.0038800453767180443,0
358,0.014991739764809608,0,0.0040788063779473305,0
359,0.03610842302441597,0,0.004933112300932407,0
360,0.008954201824963093,0,0.018675604835152626,0
361,0.014194094575941563,0,0.00307840621098876,0
362,0.004181289114058018,0,0.020959608256816864,0
363,0.0024182023480534554,1,0.005616021808236837,0
364,0.0038492169696837664,0,0.006872507743537426,0
365,0.005987565498799086,0,0.015810992568731308,0
366,0.007392653729766607,0,0.3617333471775055,0
367,0.006984047591686249,0,0.0013360254233703017,0
368,0.007830786518752575,0,0.006999843753874302,0
369,0.00294026592746377,1,0.015549851581454277,0
370,0.005409236531704664,0,0.63055419921875,0
371,0.0077766538597643375,0,0.005004653707146645,0
372,0.002470846753567457,0,0.007328469306230545,0
373,0.02133330889046192,1,0.003826567903161049,0
374,0.006392072420567274,0,0.004874515812844038,0
375,0.026236088946461678,0,0.0021654271986335516,0
376,0.011186925694346428,0,0.006793190259486437,0
377,0.0033157127909362316,0,0.04399730637669563,0
378,0.004800237249583006,0,0.005435701459646225,0
379,0.006092356983572245,0,0.07035745680332184,0
380,0.007578532211482525,0,0.005654420703649521,0
381,0.022750720381736755,0,0.023374482989311218,0
382,0.011611981317400932,0,0.02422799915075302,0
383,0.0034072757698595524,0,0.005972078535705805,0
384,0.011388741433620453,0,0.009971987456083298,0
385,0.1617702692747116,0,0.01403516624122858,0
386,0.004036612808704376,0,0.005195873323827982,0
387,0.008318032138049603,0,0.01643151417374611,0
388,0.009507709182798862,0,0.004036400001496077,0
389,0.009216799400746822,0,0.0025781632866710424,0
390,0.004407936241477728,1,0.005270030349493027,0
391,0.014623919501900673,0,0.01783030852675438,0
392,0.0033143546897917986,0,0.007728243712335825,0
393,0.002584570785984397,0,0.004571481142193079,0
394,0.005741529632359743,0,0.008581934496760368,0
395,0.009586440399289131,0,0.008534815162420273,0
396,0.011245218105614185,0,0.00865100882947445,0
397,0.009195918217301369,0,0.008298183791339397,0
398,0.011821228079497814,0,0.0070597329176962376,0
399,0.007024546153843403,0,0.002806779695674777,0
400,0.01950216293334961,0,0.003057581139728427,0
401,0.012843219563364983,0,0.007191475946456194,0
402,0.006934174336493015,0,0.0019664836581796408,0
403,0.005423346534371376,0,0.0032843954395502806,0
404,0.006688233464956284,0,0.7534505724906921,0
405,0.007343417499214411,0,0.007326564285904169,0
406,0.01960388757288456,0,0.003286950057372451,0
407,0.0067176069132983685,0,0.007624571677297354,0
408,0.010091868229210377,0,0.005982362665235996,0
409,0.03640774264931679,0,0.01436445489525795,0
410,0.5715897083282471,1,0.006384366191923618,0
411,0.3541598618030548,1,0.0043449620716273785,0
412,0.007041099015623331,0,0.004501030780375004,0
413,0.006025354843586683,0,0.006709600333124399,0
414,0.00940889585763216,0,0.006364439148455858,0
415,0.00921659916639328,0,0.006192321423441172,0
416,0.016382457688450813,0,0.003509471658617258,0
417,0.0050737312994897366,0,0.01244335900992155,0
418,0.02961699664592743,0,0.005958727095276117,0
419,0.006535359658300877,0,0.0066490983590483665,0
420,0.010762598365545273,0,0.0032150293700397015,1
421,0.004783553071320057,0,0.028233198449015617,0
422,0.0035478819627314806,0,0.13359405100345612,0
423,0.0076905726455152035,0,0.007664891891181469,0
424,0.0047993785701692104,0,0.004916238598525524,0
425,0.010015523061156273,0,0.02532302960753441,0
426,0.0056056673638522625,0,0.0043698446825146675,0
427,0.006502433679997921,0,0.00812400970607996,0
428,0.0034487545490264893,0,0.006683446001261473,0
429,0.03461003303527832,1,0.006201309617608786,0
430,0.017225775867700577,0,0.012237031944096088,0
431,0.5329142212867737,0,0.006113635841757059,0
432,0.006369483191519976,0,0.005541399121284485,0
433,0.00461950059980154,0,0.004347640555351973,0
434,0.003513884963467717,0,0.004673446528613567,0
435,0.0034868239890784025,0,0.005896156188100576,0
436,0.008748170919716358,0,0.008314362727105618,0
437,0.006087164860218763,0,0.008036288432776928,0
438,0.006622412241995335,0,0.010368435643613338,0
439,0.005640413612127304,0,0.005094592925161123,0
440,0.0028192163445055485,0,0.004800544586032629,0
441,0.801119863986969,1,0.006934909615665674,0
442,0.01433044858276844,0,0.005332936067134142,0
443,0.00485157361254096,0,0.006412823218852282,0
444,0.004992861300706863,0,0.003368593752384186,0
445,0.02616647258400917,0,0.006184277590364218,0
446,0.004589134827256203,0,0.004806941375136375,0
447,0.005529702641069889,0,0.0032800836488604546,0
448,0.004785524215549231,0,0.021109426394104958,0
449,0.028241651132702827,0,0.004136094823479652,0
450,0.006587976589798927,0,0.0052068354561924934,0
451,0.1627623289823532,0,0.010689657181501389,0
452,0.0031674194615334272,0,0.0037253755144774914,0
453,0.03873242437839508,0,0.0028370870277285576,0
454,0.007597487885504961,0,0.005466357339173555,0
455,0.004617040976881981,0,0.012044118717312813,0
456,0.0022055967710912228,0,0.07140849530696869,0
457,0.00447764853015542,0,0.01808241195976734,0
458,0.010028145276010036,0,0.0018939358415082097,0
459,0.0032501365058124065,0,0.007045124191790819,0
460,0.015994634479284286,0,0.005821284372359514,0
461,0.006245516240596771,0,0.11182691901922226,0
462,0.004537292290478945,0,0.007808847352862358,0
463,0.004635188728570938,0,0.004044691566377878,0
464,0.005026767961680889,0,0.006026474293321371,0
465,0.0057483846321702,0,0.0037807009648531675,0
466,0.005186993163079023,0,0.010791142471134663,0
467,0.003518267534673214,0,0.01933583803474903,0
468,0.00865524634718895,0,0.0031799825374037027,0
469,0.011329077184200287,0,0.516125500202179,1
470,0.00536765530705452,0,0.005809179041534662,0
471,0.01225596945732832,0,0.024911019951105118,0
472,0.486379474401474,0,0.4996664822101593,0
473,0.004484431818127632,0,0.002655911259353161,0
474,0.0030507254414260387,0,0.580581784248352,0
475,0.006265845615416765,0,0.0022961993236094713,0
476,0.007525000721216202,0,0.015372542664408684,0
477,0.012229720130562782,0,0.002037767553701997,0
478,0.0191422700881958,0,0.0043489099480211735,0
479,0.011868758127093315,0,0.011156190186738968,0
480,0.16094495356082916,0,0.016933390870690346,0
481,0.005132849793881178,0,0.007009999360889196,0
482,0.005936010740697384,0,0.011652153916656971,0
483,0.005737567786127329,0,0.0048239566385746,1
484,0.00477189477533102,0,0.0024620946496725082,0
485,0.00702726049348712,0,0.00522797554731369,0
486,0.0057887062430381775,0,0.004819170106202364,0
487,0.0061149257235229015,0,0.0026196474209427834,0
488,0.004922970663756132,0,0.00385125819593668,0
489,0.004136951174587011,0,0.013827936723828316,0
490,0.0031821615993976593,0,0.6099651455879211,1
491,0.030193189159035683,0,0.005147621966898441,0
492,0.003895222209393978,0,0.006828503217548132,0
493,0.00673281354829669,0,0.002302491571754217,0
494,0.02379739098250866,0,0.06935717165470123,0
495,0.014427985064685345,0,0.011958056129515171,0
496,0.22190147638320923,0,0.00788094475865364,0
497,0.010920324362814426,0,0.007916128262877464,0
498,0.002864818787202239,0,0.0028428989462554455,0
499,0.007096216548234224,0,0.004593420773744583,0
500,0.003943037241697311,0,0.02496640384197235,0
501,0.018637174740433693,0,0.008286342024803162,0
502,0.004236736334860325,0,0.015005871653556824,0
503,0.004888009745627642,0,0.01024382933974266,0
504,0.004520519636571407,0,0.004386072512716055,0
505,0.004495058208703995,0,0.0015806908486410975,0
506,0.00580379506573081,0,0.04600626230239868,0
507,0.026514464989304543,0,0.006410196423530579,0
508,0.005087260156869888,0,0.054837677627801895,0
509,0.0037071136757731438,0,0.0025627873837947845,0
510,0.004099785350263119,0,0.0065440586768090725,0
511,0.007100098300725222,0,0.0118594104424119,0
512,0.011892189271748066,0,0.003463747911155224,0
513,0.00837720837444067,0,0.02008206583559513,0
514,0.0048664407804608345,0,0.00585916917771101,0
515,0.004754241090267897,0,0.00702577643096447,0
516,0.32129523158073425,0,0.6046521067619324,0
517,0.0036443190183490515,0,0.00603282218798995,0
518,0.011530752293765545,0,0.004409401677548885,0
519,0.0042592925019562244,1,0.0047304993495345116,0
520,0.0061134765855968,0,0.010860269889235497,0
521,0.005137755535542965,0,0.007334329653531313,0
522,0.004312566481530666,0,0.014491370879113674,0
523,0.006673241034150124,0,0.007757845800369978,0
524,0.006658379454165697,0,0.008649958297610283,0
525,0.0226025078445673,0,0.007829304784536362,0
526,0.004877416882663965,0,0.007108019199222326,0
527,0.004035991616547108,0,0.004997615702450275,0
528,0.005643018987029791,0,0.006864706985652447,0
529,0.006274836603552103,0,0.010878299362957478,0
530,0.009599047712981701,0,0.006451038643717766,0
531,0.006286919582635164,0,0.005677361972630024,0
532,0.0021361326798796654,0,0.00407667038962245,0
533,0.006254158448427916,0,0.0031620461959391832,1
534,0.0039129555225372314,0,0.020640194416046143,0
535,0.0045599499717354774,0,0.009637962095439434,0
536,0.002445120131596923,0,0.0041514113545417786,0
537,0.006039038300514221,0,0.0067652189172804356,0
538,0.010304448194801807,0,0.020940585061907768,0
539,0.0053809271194040775,0,0.003304910846054554,0
540,0.0022301534190773964,0,0.005615273490548134,0
541,0.004981270059943199,0,0.00695479940623045,0
542,0.004262673202902079,0,0.003038136987015605,0
543,0.004688065964728594,0,0.40911608934402466,1
544,0.23644070327281952,0,0.007928593084216118,0
545,0.02693101018667221,0,0.005572622176259756,0
546,0.006571074947714806,0,0.006589106749743223,0
547,0.0086692338809371,0,0.008166457526385784,0
548,0.005669192876666784,0,0.002832194324582815,0
549,0.01494137104600668,0,0.006320809479802847,0
550,0.008426859974861145,0,0.008553711697459221,0
551,0.0031481829937547445,0,0.006023396737873554,0
552,0.0028770824428647757,0,0.006840086542069912,0
553,0.007805829867720604,0,0.003947226796299219,0
554,0.0073936088010668755,0,0.007803750690072775,0
555,0.0021532902028411627,0,0.00355301215313375,1
556,0.0073562790639698505,0,0.013347409665584564,0
557,0.1266915500164032,0,0.03494422882795334,0
558,0.005958049092441797,0,0.05113872513175011,0
559,0.006831842008978128,0,0.003621244803071022,0
560,0.03811299055814743,0,0.0033204657956957817,0
561,0.005466279573738575,0,0.4247041940689087,0
562,0.016985779628157616,0,0.0035084045957773924,0
563,0.007223703432828188,0,0.006754720583558083,0
564,0.006679612677544355,0,0.00602998910471797,0
565,0.004721534438431263,0,0.4393729269504547,0
566,0.014725659042596817,0,0.005320286378264427,0
567,0.003298706142231822,0,0.007500035688281059,0
568,0.0048912158235907555,0,0.006252113729715347,0
569,0.39732521772384644,0,0.00557490810751915,0
570,0.6155734062194824,0,0.0024746882263571024,0
571,0.007867545820772648,0,0.0020685724448412657,0
572,0.0052005755715072155,0,0.005455175414681435,0
573,0.0040098498575389385,0,0.006843861658126116,0
574,0.0044951969757676125,0,0.007461621891707182,0
575,0.005185357294976711,0,0.00874677300453186,0
576,0.019703488796949387,0,0.007870199158787727,0
577,0.02216438204050064,0,0.003606915706768632,0
578,0.05502704530954361,0,0.004831505008041859,0
579,0.0601184219121933,0,0.004389201290905476,0
580,0.007805663626641035,0,0.0030053413938730955,0
581,0.6595741510391235,1,0.006483651231974363,0
582,0.03481864929199219,0,0.0034536300227046013,0
583,0.018987147137522697,0,0.005700291600078344,0
584,0.0038224239833652973,0,0.00752765079960227,0
585,0.010490057058632374,0,0.00719080213457346,0
586,0.005969413090497255,0,0.005317970644682646,1
587,0.003191903466358781,0,0.006495253648608923,0
588,0.01944667473435402,0,0.006418492179363966,0
589,0.00278056925162673,0,0.004666650667786598,0
590,0.008115291595458984,0,0.004218790214508772,0
591,0.006560373120009899,0,0.009965860284864902,0
592,0.04276339337229729,0,0.005168233532458544,0
593,0.0047944639809429646,0,0.005411178804934025,0
594,0.005109516903758049,0,0.058419857174158096,0
595,0.003936693537980318,0,0.0038511045277118683,0
596,0.005550351459532976,0,0.007623208686709404,0
597,0.004766784142702818,0,0.030442794784903526,0
598,0.008376836776733398,0,0.002603976521641016,0
599,0.0069805472157895565,0,0.007376603316515684,0
600,0.0077800024300813675,0,0.039290282875299454,0
601,0.009134389460086823,0,0.005875002592802048,0
602,0.008528824895620346,0,0.016399962827563286,0
603,0.03731570765376091,0,0.004375424236059189,0
604,0.005307940766215324,0,0.028182480484247208,0
605,0.002418436808511615,0,0.15500156581401825,0
606,0.003972554579377174,0,0.027655109763145447,0
607,0.011259695515036583,0,0.005572862457484007,0
608,0.012874851003289223,0,0.004802776034921408,0
609,0.006245164666324854,0,0.002770957536995411,0
610,0.008682653307914734,0,0.03584733232855797,0
611,0.13136929273605347,0,0.005468825809657574,0
612,0.009068658575415611,0,0.006724744103848934,0
613,0.007404804695397615,0,0.1599620133638382,1
614,0.014273920096457005,0,0.007117839064449072,0
615,0.003266828367486596,0,0.0011915438808500767,0
616,0.005112519022077322,0,0.008544755168259144,0
617,0.005626203492283821,0,0.5612168908119202,1
618,0.9095290303230286,1,0.0025484797079116106,0
619,0.0032495493069291115,0,0.0036721478682011366,0
620,0.01094674039632082,0,0.003579052397981286,0
621,0.011582259088754654,0,0.003883670549839735,0
622,0.0067961313761770725,0,0.006827895529568195,0
623,0.008231203071773052,0,0.005625939462333918,0
624,0.003650845494121313,0,0.19966904819011688,0
625,0.004659886937588453,0,0.009292463771998882,0
626,0.007484738249331713,0,0.004899952560663223,0
627,0.008371030911803246,0,0.005983105860650539,0
628,0.0050904275849461555,0,0.002703841542825103,0
629,0.08107265084981918,0,0.002852856880053878,0
630,0.008788258768618107,0,0.011622384190559387,0
631,0.0044005392119288445,0,0.006441809702664614,0
632,0.01251597423106432,0,0.00983310118317604,0
633,0.003584970021620393,0,0.003040723502635956,0
634,0.006568295881152153,0,0.0033442575950175524,0
635,0.006685988046228886,0,0.007283693179488182,0
636,0.011657948605716228,0,0.0236284788697958,0
637,0.06052037328481674,0,0.00601243507117033,0
638,0.002484567230567336,0,0.008038501255214214,0
639,0.004944639280438423,0,0.005092898849397898,0
640,0.0047262199223041534,0,0.7069142460823059,0
641,0.005819195415824652,0,0.10577129572629929,1
642,0.006397210527211428,0,0.004167195875197649,0
643,0.00711525185033679,0,0.01047432329505682,0
644,0.00566791370511055,0,0.004772094078361988,0
645,0.02298104017972946,0,0.0029502231627702713,0
646,0.004942717961966991,0,0.004157406277954578,0
647,0.003912550397217274,0,0.003395308507606387,0
648,0.0055880858562886715,0,0.07726723700761795,0
649,0.0081653306260705,0,0.0061359284445643425,0
650,0.0021000488195568323,0,0.0052682035602629185,0
651,0.008050910197198391,0,0.013987024314701557,0
652,0.0034950049594044685,0,0.004815151449292898,0
653,0.0033098228741437197,0,0.00642349012196064,0
654,0.01681513711810112,0,0.006057337857782841,0
655,0.002930901013314724,0,0.002316771075129509,0
656,0.008750255219638348,0,0.003697085427120328,0
657,0.010074424557387829,0,0.0050668735057115555,0
658,0.013664198108017445,0,0.005744791589677334,0
659,0.0033925343304872513,0,0.00557972164824605,0
660,0.009500657208263874,0,0.1347736418247223,0
661,0.003434838028624654,0,0.07323296368122101,0
662,0.00765952980145812,0,0.007319004740566015,0
663,0.019393999129533768,0,0.0068489001132547855,0
664,0.004625007044523954,0,0.008188673295080662,0
665,0.020954184234142303,0,0.007582005113363266,0
666,0.004224719479680061,0,0.005259482190012932,0
667,0.005647601559758186,0,0.09333236515522003,0
668,0.005116793792694807,0,0.6127838492393494,1
669,0.02040286362171173,0,0.010600253008306026,0
670,0.23737342655658722,0,0.015895549207925797,0
671,0.006620405241847038,1,0.010400130413472652,0
672,0.002762360032647848,0,0.003783176187425852,0
673,0.02791530080139637,1,0.009497247636318207,0
674,0.025803767144680023,0,0.004633444361388683,0
675,0.0496988408267498,0,0.1266256719827652,0
676,0.017855117097496986,0,0.007949398830533028,0
677,0.007398691959679127,0,0.03986421972513199,0
678,0.13797181844711304,0,0.0071977186016738415,0
679,0.008969736285507679,0,0.03791608661413193,0
680,0.0022932705469429493,0,0.006357239093631506,0
681,0.00949034746736288,0,0.5783588290214539,0
682,0.004499103873968124,0,0.00466077821329236,0
683,0.012408443726599216,0,0.015369012951850891,0
684,0.0063561936840415,0,0.0056867883540689945,0
685,0.7959091067314148,1,0.008020946756005287,0
686,0.00482856435701251,0,0.07125665247440338,0
687,0.009823542088270187,0,0.008169629611074924,0
688,0.008887188509106636,0,0.006711910478770733,0
689,0.014437067322432995,0,0.02633553370833397,0
690,0.004366936627775431,0,0.004226445220410824,0
691,0.007324289530515671,0,0.005403467454016209,0
692,0.004209890961647034,0,0.003934281878173351,0
693,0.002448893850669265,0,0.8064570426940918,1
694,0.6019018888473511,0,0.003501082072034478,0
695,0.005163288675248623,0,0.017831819131970406,0
696,0.015526502393186092,0,0.004754204768687487,0
697,0.004739231429994106,0,0.004703816492110491,0
698,0.011790432035923004,0,0.0064866566099226475,0
699,0.04002813249826431,0,0.01851065084338188,0
700,0.0074560861103236675,0,0.013813183642923832,0
701,0.005779440980404615,0,0.010220789350569248,0
702,0.013937591575086117,0,0.007570900488644838,0
703,0.004504149314016104,0,0.008329253643751144,0
704,0.0046702842228114605,0,0.004318721126765013,0
705,0.012394240126013756,0,0.018896300345659256,0
706,0.002548335352912545,0,0.008331116288900375,0
707,0.011199195869266987,0,0.0056124599650502205,0
708,0.007087547332048416,0,0.017334971576929092,0
709,0.0072188591584563255,0,0.0036720051430165768,0
710,0.007396670989692211,0,0.017283661291003227,0
711,0.006059032864868641,0,0.0056573571637272835,0
712,0.007973105646669865,0,0.13312579691410065,0
713,0.00846923142671585,0,0.0055895778350532055,0
714,0.006193943787366152,0,0.004061124753206968,0
715,0.01159631833434105,0,0.02710188366472721,0
716,0.006874430924654007,0,0.008058026432991028,0
717,0.005551635753363371,0,0.07469227910041809,0
718,0.019026871770620346,0,0.005464291665703058,0
719,0.00919074472039938,0,0.004743905272334814,0
720,0.0020445871632546186,0,0.006505225319415331,0
721,0.002765731420367956,0,0.002887805225327611,0
722,0.017700504511594772,0,0.004210340790450573,0
723,0.0035477287601679564,0,0.003972835838794708,0
724,0.0074092186987400055,0,0.010316194035112858,0
725,0.012911190278828144,0,0.058707721531391144,0
726,0.004537305328994989,0,0.08197711408138275,0
727,0.030697140842676163,0,0.0036681739147752523,0
728,0.49852490425109863,0,0.003271991852670908,0
729,0.8923693895339966,1,0.006445582956075668,0
730,0.0029793367721140385,0,0.04704849421977997,0
731,0.14814749360084534,0,0.003354602726176381,0
732,0.0052263494580984116,0,0.005114745814353228,0
733,0.008948161266744137,0,0.003392693819478154,0
734,0.04236602783203125,0,0.06761746853590012,0
735,0.011301364749670029,0,0.005434432998299599,0
736,0.010062619112432003,0,0.030491823330521584,0
737,0.002493465319275856,0,0.005858289077877998,0
738,0.003800567239522934,0,0.023205693811178207,0
739,0.011967902071774006,0,0.006798210553824902,0
740,0.014113521203398705,0,0.008578109554946423,0
741,0.07933706045150757,0,0.005937319248914719,0
742,0.003912914544343948,0,0.011496216990053654,0
743,0.0069180382415652275,0,0.004086008295416832,0
744,0.014523406513035297,0,0.01248741801828146,0
745,0.013487118296325207,0,0.04491006210446358,0
746,0.008475752547383308,0,0.002123793587088585,0
747,0.00470233429223299,0,0.1052761897444725,0
748,0.11144807934761047,0,0.01605033129453659,0
749,0.003879197407513857,0,0.01960359327495098,0
750,0.003193988697603345,0,0.006045057903975248,1
751,0.0030952177476137877,0,0.011203802190721035,0
752,0.002738002920523286,0,0.003953914158046246,0
753,0.009245762601494789,0,0.0028583260718733072,0
754,0.0024023696314543486,0,0.005163116846233606,0
755,0.0046429806388914585,0,0.009031006135046482,0
756,0.005764216184616089,0,0.022410837933421135,0
757,0.06342115253210068,0,0.004926141817122698,0
758,0.009180889464914799,0,0.008243887685239315,0
759,0.005102930590510368,0,0.00492142466828227,0
760,0.008041334338486195,0,0.0029822885990142822,0
761,0.01450026873499155,0,0.008472327142953873,0
762,0.00919949822127819,0,0.0034998978953808546,0
763,0.008786527439951897,0,0.005911015905439854,0
764,0.008516451343894005,0,0.00536766042932868,0
765,0.00528283417224884,0,0.007387571036815643,0
766,0.004231655970215797,0,0.007527800742536783,0
767,0.5657864212989807,0,0.0054800305515527725,0
768,0.012556839734315872,0,0.00828837975859642,0
769,0.0050101010128855705,0,0.005662576761096716,0
770,0.00542945833876729,0,0.010757822543382645,0
771,0.006317300256341696,0,0.004785585217177868,0
772,0.005423462018370628,0,0.004072163719683886,0
773,0.0066481661051511765,0,0.011185075156390667,0
774,0.0065036132000386715,0,0.006158222444355488,0
775,0.004718053620308638,0,0.0041583324782550335,0
776,0.003606579964980483,0,0.009755492210388184,0
777,0.00355612114071846,0,0.0043309531174600124,0
778,0.005462087225168943,0,0.007433560211211443,0
779,0.009773463942110538,0,0.003836235497146845,0
780,0.008425525389611721,0,0.008801965042948723,0
781,0.004651282448321581,0,0.004431154113262892,0
782,0.005071586929261684,0,0.003859095973894,0
783,0.010084310546517372,0,0.008265701122581959,0
784,0.006624370347708464,0,0.5733060240745544,0
785,0.4159705340862274,0,0.010380391031503677,0
786,0.0028912480920553207,0,0.014239958487451077,0
787,0.0032483248505741358,0,0.005002108868211508,0
788,0.006161921191960573,0,0.018904443830251694,0
789,0.005486151669174433,0,0.004169836640357971,0
790,0.0035703564062714577,0,0.013561587780714035,1
791,0.006185038946568966,0,0.008001632057130337,0
792,0.01482297107577324,0,0.003532943781465292,0
793,0.014397850260138512,0,0.011819506995379925,0
794,0.0029818506445735693,0,0.010914644226431847,0
795,0.005386441946029663,0,0.029201282188296318,0
796,0.008967239409685135,0,0.0020992483478039503,0
797,0.005163499154150486,0,0.008822351694107056,0
798,0.005519166123121977,0,0.00567333959043026,0
799,0.003970063291490078,0,0.006699530407786369,0
800,0.004133200738579035,0,0.006162592675536871,0
801,0.0043146368116140366,0,0.05347900837659836,0
802,0.00624068221077323,0,0.031459741294384,1
803,0.003938314970582724,0,0.1344187706708908,0
804,0.005842043086886406,0,0.006704123690724373,0
805,0.021730510517954826,0,0.002386881271377206,0
806,0.0052617378532886505,0,0.006662547122687101,0
807,0.016796471551060677,0,0.006900598760694265,0
808,0.0097385598346591,0,0.006505101919174194,0
809,0.012407058849930763,0,0.005112392362207174,0
810,0.0032922031823545694,0,0.004130133893340826,0
811,0.034595850855112076,0,0.004174365196377039,0
812,0.0067800539545714855,0,0.011678608134388924,0
813,0.004556219559162855,0,0.008560155518352985,0
814,0.003839177777990699,0,0.002804267918691039,0
815,0.003143339417874813,0,0.002091812901198864,0
816,0.004492850508540869,0,0.006529139820486307,0
817,0.015048161149024963,0,0.02113877423107624,0
818,0.008195568807423115,0,0.11521636694669724,0
819,0.0011622742749750614,0,0.0013469510013237596,0
820,0.004923403263092041,0,0.27867618203163147,0
821,0.0026203652378171682,0,0.02150139957666397,0
822,0.03339681029319763,0,0.004227179568260908,0
823,0.0030984727200120687,0,0.010477621108293533,0
824,0.0067175147123634815,0,0.010936270467936993,0
825,0.0029204434249550104,0,0.003610828658565879,0
826,0.05710121989250183,0,0.0072442940436303616,0
827,0.0042719366028904915,0,0.015127738006412983,0
828,0.0022100736387073994,0,0.005269953049719334,0
829,0.008249963633716106,0,0.009528608992695808,0
830,0.005622070282697678,0,0.8065130710601807,1
831,0.03018331155180931,0,0.007021753117442131,0
832,0.005259422585368156,1,0.0063383691012859344,0
833,0.00412103021517396,0,0.00731025543063879,0
834,0.7420819401741028,1,0.005074860528111458,0
835,0.03417779132723808,0,0.01158526074141264,0
836,0.004159476142376661,0,0.005223764572292566,0
837,0.03475939854979515,0,0.048668913543224335,0
838,0.008201470598578453,0,0.004123484715819359,0
839,0.007754051126539707,0,0.004855299834161997,0
840,0.004823681898415089,0,0.005842153448611498,0
841,0.005000357981771231,0,0.0024980641901493073,0
842,0.14326202869415283,0,0.0033895689994096756,0
843,0.005450499709695578,0,0.004911253694444895,0
844,0.008451518602669239,0,0.576624870300293,0
845,0.006511113606393337,0,0.004011925775557756,0
846,0.006608505267649889,0,0.004823288414627314,0
847,0.6715757250785828,1,0.004519159439951181,0
848,0.04365356266498566,0,0.003945354372262955,0
849,0.0025606697890907526,0,0.05366121977567673,0
850,0.008329596370458603,0,0.003732812823727727,0
851,0.004181860480457544,0,0.005881818477064371,0
852,0.007477423641830683,0,0.004848125856369734,0
853,0.1760886162519455,0,0.25064387917518616,0
854,0.010338734835386276,0,0.0026055611670017242,0
855,0.004617935046553612,0,0.002570348558947444,0
856,0.004590953700244427,0,0.007826908491551876,0
857,0.021281903609633446,0,0.0035984257701784372,0
858,0.005379329901188612,0,0.005228905938565731,0
859,0.0028586643747985363,0,0.015205170027911663,0
860,0.007255372125655413,0,0.003998010419309139,0
861,0.005108251702040434,0,0.009395466186106205,0
862,0.00522577902302146,0,0.0430760532617569,0
863,0.6016250252723694,1,0.01157497800886631,0
864,0.009890845976769924,0,0.004136167466640472,0
865,0.009987699799239635,0,0.006647863425314426,0
866,0.012286681681871414,0,0.009366171434521675,0
867,0.007910673506557941,0,0.0052963607013225555,0
868,0.005812550894916058,0,0.01254203263670206,0
869,0.006371794734150171,0,0.009350261650979519,0
870,0.0051227835938334465,0,0.0024068476632237434,0
871,0.003983985632658005,0,0.00825349148362875,0
872,0.00208052690140903,0,0.04078388959169388,0
873,0.004217714071273804,0,0.036540865898132324,0
874,0.009370296262204647,0,0.005509757902473211,0
875,0.005152375902980566,0,0.00456605339422822,0
876,0.022353025153279305,0,0.005220058839768171,0
877,0.004287477117031813,0,0.009128953330218792,0
878,0.004279809538275003,0,0.19232729077339172,0
879,0.004033468198031187,0,0.003907638136297464,0
880,0.0034072822891175747,0,0.2737377882003784,0
881,0.00675569660961628,0,0.002833995269611478,0
882,0.02342301979660988,0,0.0028664511628448963,0
883,0.014721293933689594,0,0.3168257772922516,1
884,0.006532895844429731,0,0.0051480857655406,0
885,0.00913967378437519,0,0.11110957711935043,0
886,0.01216323021799326,0,0.010839640162885189,0
887,0.004908858798444271,0,0.007464807480573654,0
888,0.00530770979821682,0,0.0024956793058663607,0
889,0.008223666809499264,0,0.0030357115902006626,0
890,0.003087767167016864,0,0.0033511160872876644,0
891,0.0037772413343191147,0,0.02520328387618065,0
892,0.0068831839598715305,0,0.0043702092953026295,0
893,0.006417704280465841,0,0.01607472635805607,0
894,0.028057247400283813,0,0.402820348739624,0
895,0.006682040169835091,0,0.00748416455462575,0
896,0.008102953433990479,0,0.00828473549336195,0
897,0.005489896517246962,0,0.007367279846221209,0
898,0.004602215718477964,0,0.00545663433149457,0
899,0.007089909631758928,0,0.0049375309608876705,0
900,0.009555838070809841,0,0.005948483012616634,0
901,0.009166685864329338,0,0.0065600089728832245,0
902,0.012720881961286068,0,0.006364218890666962,0
903,0.006757123861461878,0,0.01773791015148163,0
904,0.003855603514239192,0,0.009947890415787697,0
905,0.0032002481166273355,0,0.010017627850174904,0
906,0.00918103288859129,0,0.002054051496088505,0
907,0.010057955980300903,0,0.7380470633506775,1
908,0.008261039853096008,0,0.012300624512135983,0
909,0.007322292774915695,0,0.01335740927606821,0
910,0.003327147802338004,0,0.006417692638933659,0
911,0.006609469652175903,0,0.005929233971983194,0
912,0.004132286179810762,1,0.002287834882736206,0
913,0.006366260815411806,0,0.0338623933494091,0
914,0.0030932484660297632,0,0.005473319906741381,0
915,0.006050389260053635,0,0.004426528234034777,0
916,0.0056734285317361355,0,0.00799151323735714,0
917,0.015406900085508823,0,0.0034091996494680643,0
918,0.009541447274386883,0,0.006509198807179928,0
919,0.01202983409166336,0,0.02181917242705822,0
920,0.03479152172803879,0,0.0035581630654633045,0
921,0.00625406950712204,0,0.002210574457421899,0
922,0.016648802906274796,0,0.0033662638161331415,0
923,0.004638447891920805,0,0.007775428704917431,0
924,0.005376077722758055,0,0.0036955506075173616,0
925,0.008182777091860771,0,0.005871566943824291,0
926,0.029179107397794724,0,0.0035162002313882113,0
927,0.007408604957163334,0,0.007834143936634064,1
928,0.003540337784215808,0,0.003207095665857196,0
929,0.0030979467555880547,0,0.014896346256136894,0
930,0.26121118664741516,1,0.003301232820376754,0
931,0.003247613087296486,0,0.00784006156027317,1
932,0.015167878940701485,0,0.004150879103690386,0
933,0.019086403772234917,0,0.005234772339463234,0
934,0.004685301333665848,0,0.006266967859119177,0
935,0.010499128140509129,0,0.0038705875631421804,0
936,0.0020226615015417337,0,0.008224339224398136,0
937,0.004196959547698498,0,0.00695603433996439,0
938,0.026816604658961296,0,0.00656319223344326,0
939,0.0023273848928511143,0,0.009487316943705082,0
940,0.008381115272641182,0,0.004711260553449392,0
941,0.03377833589911461,0,0.00788214523345232,0
942,0.04042389243841171,0,0.008162492886185646,0
943,0.003175294492393732,0,0.005045208148658276,0
944,0.0031317335087805986,0,0.003984161652624607,0
945,0.025245526805520058,0,0.003928799647837877,0
946,0.002963110338896513,0,0.013102544471621513,0
947,0.005815345328301191,0,0.005781474057585001,0
948,0.010480251163244247,0,0.003072022460401058,0
949,0.003481142455711961,0,0.2762622833251953,0
950,0.006950177252292633,0,0.004623624496161938,0
951,0.02500530146062374,0,0.006389534566551447,0
952,0.004398413002490997,0,0.004689997527748346,0
953,0.005603360943496227,0,0.004696546122431755,0
954,0.007968178018927574,0,0.006242362782359123,0
955,0.006176164839416742,0,0.011992250569164753,0
956,0.007098975125700235,0,0.006082798819988966,0
957,0.003144316840916872,0,0.0037713837809860706,0
958,0.006354679353535175,0,0.6203274130821228,0
959,0.06088020280003548,0,0.007874221540987492,0
960,0.005242485553026199,0,0.023346131667494774,0
961,0.002553864847868681,0,0.568263828754425,1
962,0.005397479515522718,0,0.01099826954305172,0
963,0.0025825349148362875,0,0.20367975533008575,0
964,0.0029549833852797747,0,0.0064873844385147095,0
965,0.004306943155825138,0,0.0042333099991083145,0
966,0.004223139025270939,0,0.005578018259257078,0
967,0.004611697513610125,0,0.00513360695913434,0
968,0.008186225779354572,0,0.004312682896852493,0
969,0.003970044199377298,0,0.007608497515320778,0
970,0.0044568851590156555,0,0.022619668394327164,0
971,0.00542413117364049,0,0.006857055705040693,0
972,0.0033601264003664255,0,0.010623338632285595,0
973,0.005094111431390047,0,0.006748495157808065,0
974,0.006093324162065983,0,0.00763028534129262,0
975,0.011577346362173557,0,0.010457636788487434,0
976,0.006677047815173864,0,0.012921622022986412,0
977,0.007357128895819187,0,0.013852863572537899,0
978,0.008069701492786407,0,0.00806098897010088,0
979,0.007448319811373949,0,0.005694218911230564,0
980,0.0037403583992272615,0,0.005178678315132856,0
981,0.0019630773458629847,0,0.008713163435459137,0
982,0.0048790741711854935,0,0.007381737232208252,0
983,0.015052162110805511,0,0.005872953683137894,0
984,0.004526173230260611,0,0.007748468779027462,0
985,0.003943197894841433,0,0.008074806071817875,0
986,0.007147136144340038,0,0.0118724275380373,0
987,0.054436489939689636,0,0.011597142554819584,0
988,0.006306617055088282,0,0.01819545030593872,0
989,0.01113581471145153,0,0.01081902626901865,0
990,0.1755707561969757,0,0.005326919723302126,0
991,0.05441897734999657,0,0.007730152457952499,0
992,0.006482063326984644,0,0.008323772810399532,0
993,0.2081199437379837,0,0.0027618284802883863,0
994,0.04347749799489975,0,0.003347160993143916,0
995,0.007033232133835554,0,0.0027561162132769823,0
996,0.002224837662652135,0,0.006006558891385794,0
997,0.005888804793357849,0,0.07508943974971771,0
998,0.006712543778121471,0,0.007145346142351627,0
999,0.03652561083436012,0,0.03538486734032631,0
1000,0.002774259075522423,0,0.013695511035621166,0
1001,0.006504504010081291,0,0.005552398972213268,0
1002,0.01054609939455986,0,0.0063227321952581406,0
1003,0.0016782240709289908,0,0.03354044258594513,0
1004,0.0037259950768202543,0,0.00417611189186573,0
1005,0.003083753865212202,0,0.2941669225692749,0
1006,0.005978774279356003,0,0.017799070104956627,0
1007,0.00406262744218111,0,0.009070281870663166,0
1008,0.0042678313329815865,0,0.003782259998843074,0
1009,0.003453482175245881,0,0.07649547606706619,0
1010,0.0033525433391332626,0,0.004498809110373259,0
1011,0.0031016645953059196,0,0.003199049737304449,0
1012,0.009193681180477142,0,0.008758402429521084,0
1013,0.004483267664909363,0,0.005354359280318022,0
1014,0.007160757668316364,0,0.010788582265377045,0
1015,0.0018673340091481805,0,0.003973247483372688,0
1016,0.008065778762102127,0,0.006439136806875467,0
1017,0.031211821362376213,0,0.008049238473176956,0
1018,0.29692143201828003,0,0.09962230920791626,0
1019,0.012969745323061943,0,0.005352600011974573,0
1020,0.003927301615476608,0,0.00859495997428894,0
1021,0.015534871257841587,0,0.05785058066248894,0
1022,0.01195261999964714,0,0.007289249915629625,0
1023,0.008314162492752075,0,0.004527537617832422,0
1024,0.03196454420685768,0,0.14420448243618011,0
1025,0.007092293817549944,0,0.0057743992656469345,0
1026,0.004978000186383724,0,0.012151839211583138,0
1027,0.003972903825342655,0,0.003196385223418474,0
1028,0.00892714411020279,0,0.005015602335333824,0
1029,0.0030850644689053297,0,0.00755602540448308,0
1030,0.009487313218414783,0,0.03931405022740364,0
1031,0.06839074194431305,0,0.008206192404031754,0
1032,0.35042500495910645,0,0.003703297581523657,0
1033,0.0028048958629369736,0,0.0027587844524532557,0
1034,0.005153495352715254,0,0.003460453823208809,0
1035,0.0113179050385952,0,0.004832800477743149,0
1036,0.006544824689626694,0,0.003928154241293669,0
1037,0.0028358190320432186,0,0.0038447363767772913,0
1038,0.014712050557136536,0,0.016647428274154663,0
1039,0.006697350647300482,0,0.010361295193433762,0
1040,0.009523407556116581,0,0.00869966484606266,0
1041,0.004350536968559027,0,0.006537997629493475,0
1042,0.007432948332279921,0,0.005165157373994589,0
1043,0.008812849409878254,0,0.004924968350678682,0
1044,0.003844389459118247,0,0.010881039313971996,0
1045,0.012478835880756378,0,0.9264733195304871,1
1046,0.004747346509248018,0,0.05218540132045746,0
1047,0.003555506467819214,0,0.008978917263448238,0
1048,0.0030961891170591116,0,0.007002989761531353,0
1049,0.003991207107901573,0,0.010359040461480618,0
1050,0.006257537752389908,0,0.0024891686625778675,0
1051,0.0196289774030447,0,0.006438630633056164,0
1052,0.016449950635433197,0,0.005240160971879959,0
1053,0.011920035816729069,0,0.004106579348444939,0
1054,0.006392871495336294,0,0.0037048636004328728,0
1055,0.013617472723126411,1,0.01577509008347988,0
1056,0.002011555479839444,0,0.004984558559954166,0
1057,0.009431842714548111,0,0.0028928732499480247,0
1058,0.007976689375936985,0,0.006685541942715645,0
1059,0.02884518727660179,0,0.0017281750915572047,0
1060,0.023604750633239746,0,0.00846927985548973,0
1061,0.005426281597465277,0,0.006627144757658243,0
1062,0.004727794788777828,0,0.005057766102254391,0
1063,0.007777470629662275,0,0.013079577125608921,0
1064,0.006883393041789532,0,0.026963794603943825,0
1065,0.005387349519878626,0,0.005493716802448034,0
1066,0.0076970490626990795,0,0.00537812290713191,0
1067,0.007227612659335136,0,0.004520262125879526,0
1068,0.008298314176499844,0,0.010963274165987968,0
1069,0.00833920855075121,0,0.5172193050384521,1
1070,0.020678116008639336,0,0.013379964046180248,0
1071,0.027185777202248573,0,0.012637288309633732,0
1072,0.010920143686234951,0,0.004214419052004814,0
1073,0.007955041714012623,0,0.004938135389238596,0
1074,0.0032871561124920845,0,0.009001939557492733,0
1075,0.007783448789268732,0,0.002336372621357441,0
1076,0.00577168632298708,0,0.22070395946502686,0
1077,0.050002321600914,0,0.005951732397079468,0
1078,0.0033745765686035156,0,0.0037164592649787664,0
1079,0.08409149944782257,0,0.006601835135370493,0
1080,0.0066982898861169815,0,0.008773401379585266,0
1081,0.0057593476958572865,0,0.003239929210394621,0
1082,0.004759966395795345,0,0.008640835992991924,0
1083,0.008774206042289734,0,0.0044661215506494045,0
1084,0.012678850442171097,0,0.005202650558203459,0
1085,0.01508367620408535,0,0.032001569867134094,0
1086,0.06650694459676743,0,0.005936264060437679,0
1087,0.003495420329272747,0,0.004757093731313944,0
1088,0.007586322259157896,0,0.014067045412957668,0
1089,0.004291587043553591,0,0.002708938205614686,0
1090,0.009510449133813381,0,0.0037201072555035353,0
1091,0.0069298939779400826,0,0.0027647821698337793,0
1092,0.005944443866610527,0,0.004010519944131374,0
1093,0.012269045226275921,0,0.001939126756042242,0
1094,0.021643314510583878,0,0.004649799782782793,0
1095,0.0028221523389220238,0,0.0021194617729634047,0
1096,0.00325789419002831,0,0.005368370562791824,0
1097,0.003908118698745966,0,0.004697924014180899,0
1098,0.035270415246486664,0,0.015514525584876537,0
1099,0.003834022209048271,0,0.2556617558002472,0
1100,0.003871334483847022,0,0.004368858877569437,0
1101,0.0055289738811552525,0,0.014282007701694965,0
1102,0.006064884830266237,0,0.02072550728917122,0
1103,0.004293409176170826,0,0.003282697405666113,0
1104,0.006015753373503685,0,0.0049866801127791405,0
1105,0.014854365959763527,1,0.002613287651911378,0
1106,0.003088305937126279,0,0.005738456733524799,0
1107,0.014039560221135616,0,0.08600186556577682,0
1108,0.004156994167715311,0,0.0026813973672688007,0
1109,0.005115886684507132,0,0.017449064180254936,0
1110,0.0033632847480475903,0,0.004754441790282726,0
1111,0.009883904829621315,0,0.00542877335101366,0
1112,0.007477317005395889,0,0.0057106842286884785,0
1113,0.00883388426154852,0,0.0394563153386116,0
1114,0.041158150881528854,0,0.0029647659976035357,0
1115,0.008535956963896751,0,0.0060407016426324844,0
1116,0.006093047093600035,0,0.020164204761385918,0
1117,0.004323745612055063,0,0.005407292395830154,0
1118,0.003432181663811207,0,0.004400273784995079,0
1119,0.005234251264482737,0,0.00992655847221613,0
1120,0.00556865194812417,0,0.005277082324028015,0
1121,0.012837398797273636,0,0.007422071415930986,0
1122,0.00931289792060852,0,0.004261695314198732,0
1123,0.00797280389815569,0,0.03179419785737991,0
1124,0.003078230656683445,0,0.00596226379275322,0
1125,0.0033685779199004173,0,0.00400799885392189,0
1126,0.013807013630867004,0,0.004002537578344345,0
1127,0.0030999649316072464,0,0.0048189000226557255,0
1128,0.18454775214195251,0,0.004455937538295984,0
1129,0.004456532187759876,0,0.01687638834118843,0
1130,0.005020475946366787,0,0.012418725527822971,0
1131,0.009309783577919006,0,0.008291935548186302,0
1132,0.006014558486640453,0,0.01562979258596897,0
1133,0.011860114522278309,0,0.007781843189150095,0
1134,0.008533879183232784,0,0.007630235515534878,0
1135,0.004942300729453564,0,0.028682317584753036,0
1136,0.00873873196542263,0,0.0027765724807977676,0
1137,0.006901605054736137,0,0.20307980477809906,0
1138,0.6404524445533752,1,0.010637023486196995,0
1139,0.006510441657155752,0,0.007137248292565346,0
1140,0.006356724072247744,0,0.004220801405608654,0
1141,0.0069839623756706715,0,0.011749211698770523,1
1142,0.009333483874797821,0,0.0028057245071977377,0
1143,0.0057701957412064075,0,0.020043741911649704,0
1144,0.015857918187975883,0,0.0038313204422593117,0
1145,0.012301000766456127,0,0.00640898710116744,0
1146,0.015871891751885414,0,0.003910096362233162,0
1147,0.004659249912947416,0,0.01435143779963255,0
1148,0.0039015384390950203,0,0.003600091440603137,0
1149,0.017923010513186455,0,0.021166136488318443,0
1150,0.11977836489677429,0,0.0075113167986273766,0
1151,0.0050309267826378345,0,0.008092842064797878,0
1152,0.006227654404938221,0,0.005750939249992371,0
1153,0.0068944781087338924,0,0.002764255041256547,0
1154,0.01727110520005226,0,0.7424262762069702,1
1155,0.008425775915384293,0,0.005775997880846262,0
1156,0.008538398891687393,0,0.01396073680371046,0
1157,0.019552823156118393,0,0.04476640373468399,0
1158,0.005101524293422699,0,0.002918065758422017,0
1159,0.006078504491597414,0,0.004572225268930197,0
1160,0.011923225596547127,0,0.012128445319831371,0
1161,0.004025124944746494,0,0.008651990443468094,0
1162,0.006312578916549683,0,0.8255166411399841,0
1163,0.009651078842580318,0,0.005747940391302109,0
1164,0.003275407012552023,0,0.006423925515264273,0
1165,0.002786551835015416,0,0.02160143479704857,0
1166,0.02089187689125538,0,0.00685416953638196,0
1167,0.08476056158542633,0,0.00543953524902463,0
1168,0.01158539205789566,0,0.004413246642798185,0
1169,0.004411709029227495,0,0.003579880576580763,0
1170,0.006269504316151142,0,0.004184625577181578,0
1171,0.023248210549354553,0,0.01323471125215292,0
1172,0.054202932864427567,0,0.0045519741252064705,0
1173,0.0049970680847764015,0,0.03160889074206352,0
1174,0.01096312329173088,0,0.03560813143849373,0
1175,0.535456657409668,1,0.006024572532624006,0
1176,0.38989880681037903,1,0.00937610026448965,0
1177,0.45119255781173706,0,0.013498694635927677,0
1178,0.006107713561505079,0,0.01588880829513073,0
1179,0.0044969855807721615,0,0.006256891414523125,0
1180,0.01606225036084652,0,0.0024186093360185623,0
1181,0.004712190944701433,0,0.0023550819605588913,0
1182,0.008633715100586414,0,0.03851838409900665,0
1183,0.002136298455297947,0,0.008449816145002842,0
1184,0.004201336298137903,0,0.014647582545876503,0
1185,0.6720473766326904,1,0.0075584216974675655,0
1186,0.0661759153008461,0,0.009314754977822304,1
1187,0.04209425672888756,0,0.012163986451923847,0
1188,0.9369114637374878,1,0.01010118518024683,0
1189,0.017232632264494896,0,0.005551788490265608,0
1190,0.008529474958777428,0,0.0075126043520867825,0
1191,0.0077723790891468525,0,0.008750230073928833,0
1192,0.0033501482103019953,0,0.005871447268873453,0
1193,0.016769342124462128,0,0.004326090682297945,0
1194,0.014059766195714474,0,0.5494799017906189,1
1195,0.006838004104793072,0,0.009036827832460403,0
1196,0.011832641437649727,0,0.004299767781049013,0
1197,0.005360869690775871,0,0.00685766339302063,0
1198,0.004957451485097408,0,0.005995374638587236,0
1199,0.005776559002697468,0,0.002286959905177355,0
1200,0.004060995765030384,0,0.0034351886715739965,0
1201,0.0062403809279203415,0,0.00335792638361454,0
1202,0.006255296058952808,0,0.026396222412586212,0
1203,0.004243077710270882,0,0.006982940714806318,0
1204,0.0032339596655219793,0,0.004143075086176395,0
1205,0.03788013756275177,0,0.025521043688058853,0
1206,0.004304594360291958,0,0.006045315880328417,0
1207,0.0030672799330204725,0,0.014787637628614902,0
1208,0.8971279263496399,1,0.006502704694867134,0
1209,0.020682625472545624,0,0.02035318873822689,0
1210,0.002841608365997672,0,0.006105539854615927,0
1211,0.004471690393984318,0,0.009999461472034454,0
1212,0.008213324472308159,0,0.006364240311086178,0
1213,0.027279077097773552,0,0.0034411801025271416,0
1214,0.005169739481061697,0,0.005887978244572878,1
1215,0.004233321640640497,0,0.003407534910365939,0
1216,0.0069992863573133945,0,0.0045542349107563496,0
1217,0.023267274722456932,0,0.0016469353577122092,0
1218,0.0038760758470743895,0,0.007791171316057444,0
1219,0.005080145318061113,0,0.013111229054629803,0
1220,0.004030128940939903,0,0.004720293451100588,0
1221,0.00473466981202364,0,0.004723444115370512,1
1222,0.005132834892719984,0,0.006504688411951065,0
1223,0.006896620150655508,0,0.02242353931069374,0
1224,0.005179779138416052,0,0.004759354051202536,0
1225,0.008444408886134624,0,0.05427158251404762,0
1226,0.0037336850073188543,0,0.0026575056836009026,0
1227,0.03131043538451195,0,0.02132502757012844,0
1228,0.0030799563974142075,0,0.018589885905385017,0
1229,0.004639143589884043,0,0.0066210138611495495,0
1230,0.016164729371666908,0,0.002248810837045312,0
1231,0.0039717829786241055,0,0.011042580008506775,0
1232,0.004090200178325176,0,0.012844095937907696,0
1233,0.0071264030411839485,0,0.006750131491571665,0
1234,0.007436031010001898,0,0.008952817879617214,0
1235,0.004946049302816391,0,0.0026586686726659536,0
1236,0.0053648934699594975,0,0.4823777973651886,0
1237,0.0035740903113037348,0,0.004775977227836847,0
1238,0.005434497259557247,0,0.006726387422531843,0
1239,0.006749543361365795,0,0.05527316778898239,0
1240,0.018017208203673363,0,0.007964789867401123,0
1241,0.004943841602653265,0,0.00517418934032321,0
1242,0.007593095768243074,0,0.003346206620335579,0
1243,0.003940344788134098,0,0.008296637795865536,0
1244,0.005909127648919821,0,0.007131743244826794,0
1245,0.007290157489478588,0,0.0033060703426599503,0
1246,0.0046417382545769215,0,0.002670064801350236,0
1247,0.005959263537079096,0,0.006838652305305004,0
1248,0.004824153613299131,0,0.005538389086723328,0
1249,0.011786798015236855,0,0.008858254179358482,0
1250,0.033836670219898224,0,0.005039694253355265,0
1251,0.006282574962824583,0,0.009029213339090347,0
1252,0.004183528944849968,0,0.003848491469398141,0
1253,0.006040500942617655,0,0.006163352634757757,0
1254,0.011345913633704185,0,0.006257445551455021,0
1255,0.026695750653743744,0,0.011227153241634369,0
1256,0.09966740012168884,0,0.005434094928205013,0
1257,0.00565680954605341,0,0.007828274741768837,0
1258,0.006435589864850044,0,0.3053208887577057,0
1259,0.006715682335197926,0,0.005525514017790556,0
1260,0.02107992209494114,0,0.6065516471862793,1
1261,0.004864944145083427,0,0.007065802346915007,0
1262,0.00809320155531168,0,0.005724302493035793,0
1263,0.008189369924366474,0,0.005516390316188335,0
1264,0.004855322651565075,0,0.02494780533015728,0
1265,0.007818292826414108,0,0.0026181628927588463,0
1266,0.006826378870755434,0,0.00500203063711524,0
1267,0.04134459048509598,0,0.004562196787446737,0
1268,0.36971765756607056,0,0.004346766974776983,0
1269,0.00400289474055171,0,0.005342222284525633,0
1270,0.0028004569467157125,0,0.010460291989147663,0
1271,0.00446894858032465,0,0.005805704277008772,0
1272,0.007803529500961304,0,0.00469485716894269,0
1273,0.006885511800646782,0,0.0787910595536232,0
1274,0.006261550821363926,0,0.009730041958391666,0
1275,0.0029775300063192844,0,0.006142564583569765,0
1276,0.00336731830611825,0,0.007038515526801348,0
1277,0.009827326983213425,0,0.002178316470235586,0
1278,0.005018278025090694,0,0.12822483479976654,0
1279,0.004610543604940176,0,0.010557521134614944,0
1280,0.01851755380630493,0,0.005713700782507658,1
1281,0.006028114352375269,0,0.007264438550919294,0
1282,0.004578584339469671,0,0.00505570275709033,0
1283,0.8507013916969299,0,0.004750285297632217,0
1284,0.03984390199184418,1,0.026862429454922676,0
1285,0.029000703245401382,0,0.008462423458695412,0
1286,0.004672508221119642,0,0.0047232238575816154,0
1287,0.00727635994553566,0,0.8876200914382935,1
1288,0.014885729178786278,0,0.007538302801549435,0
1289,0.5725173354148865,0,0.00224241241812706,0
1290,0.009247985668480396,0,0.010207627899944782,0
1291,0.011806265451014042,0,0.004363283049315214,0
1292,0.006666859146207571,0,0.002922568703070283,0
1293,0.003956269938498735,0,0.0044761099852621555,0
1294,0.26315706968307495,0,0.014020220376551151,0
1295,0.007760807406157255,0,0.004510083701461554,0
1296,0.6988071203231812,1,0.006717504933476448,0
1297,0.006859156768769026,0,0.005030795466154814,0
1298,0.008737451396882534,0,0.010703746229410172,0
1299,0.030625514686107635,0,0.0038621542043983936,0
1300,0.004130716435611248,0,0.014308460988104343,0
1301,0.010892634280025959,0,0.004663389176130295,0
1302,0.0016443124040961266,0,0.004403774160891771,0
1303,0.0060773203149437904,0,0.0050433725118637085,0
1304,0.008680461905896664,0,0.1826067715883255,1
1305,0.002481629839166999,0,0.011114641092717648,0
1306,0.007877186872065067,0,0.1395406574010849,0
1307,0.03542717546224594,0,0.0065412381663918495,0
1308,0.003933874890208244,0,0.0019460346084088087,0
1309,0.014947556890547276,0,0.005779632832854986,0
1310,0.005780005361884832,0,0.04060114175081253,0
1311,0.00552615849301219,0,0.007600918412208557,0
1312,0.009008046239614487,0,0.018895454704761505,0
1313,0.01269566360861063,0,0.007644303608685732,0
1314,0.007402744609862566,0,0.0055951569229364395,0
1315,0.0035928410943597555,0,0.002250820165500045,0
1316,0.004462196957319975,0,0.002398592419922352,0
1317,0.006007760297507048,0,0.010970923118293285,0
1318,0.0066681825555861,0,0.0035416518803685904,0
1319,0.011482466012239456,0,0.021887702867388725,0
1320,0.03608625754714012,1,0.008282404392957687,0
1321,0.0025557554326951504,0,0.0027697221376001835,0
1322,0.009804538451135159,0,0.007505756337195635,0
1323,0.01299849059432745,0,0.006264188792556524,0
1324,0.006626137066632509,0,0.00414000079035759,0
1325,0.009145859628915787,0,0.005381447728723288,0
1326,0.017400195822119713,0,0.006586629431694746,0
1327,0.013513986952602863,0,0.008804631419479847,0
1328,0.01478852704167366,0,0.00424499437212944,0
1329,0.004922123160213232,0,0.04294758290052414,0
1330,0.05587570369243622,0,0.0067026661708951,0
1331,0.04491390287876129,0,0.015968313440680504,0
1332,0.005083669908344746,0,0.005983707029372454,0
1333,0.0044609978795051575,0,0.006151155102998018,0
1334,0.008557165041565895,0,0.005427388474345207,0
1335,0.5033434629440308,0,0.005602279677987099,0
1336,0.007770896889269352,1,0.03285053372383118,0
1337,0.00560311134904623,0,0.006430064328014851,0
1338,0.006350612733513117,0,0.002725424477830529,0
1339,0.007485510781407356,0,0.008075734600424767,0
1340,0.0037234555929899216,0,0.0037316670641303062,0
1341,0.018722394481301308,0,0.0840713158249855,0
1342,0.025430899113416672,0,0.08559299260377884,0
1343,0.02434425987303257,0,0.03306744247674942,0
1344,0.003211615839973092,0,0.005733502097427845,0
1345,0.005138804204761982,0,0.003224167972803116,0
1346,0.004844517447054386,0,0.004824746400117874,0
1347,0.0063387383706867695,0,0.012652445584535599,0
1348,0.004080732353031635,0,0.053879205137491226,0
1349,0.008055969141423702,0,0.005541967228055,0
1350,0.009941307827830315,0,0.003860162803903222,0
1351,0.003428458468988538,0,0.011648222804069519,0
1352,0.003922746982425451,0,0.024870894849300385,0
1353,0.006484492681920528,0,0.016939789056777954,0
1354,0.005422597751021385,0,0.030023233965039253,0
1355,0.005910491570830345,0,0.015235001221299171,0
1356,0.0037535035517066717,0,0.16212384402751923,1
1357,0.004781437572091818,0,0.015505684539675713,0
1358,0.0040165432728827,0,0.011172798462212086,0
1359,0.003781830659136176,0,0.006500191055238247,0
1360,0.031049208715558052,0,0.003574501257389784,1
1361,0.004968106281012297,0,0.0056722634471952915,1
1362,0.004489358514547348,0,0.009345580823719501,0
1363,0.015128105878829956,0,0.009779474698007107,0
1364,0.007270362693816423,0,0.030912594869732857,0
1365,0.004703258164227009,0,0.0034896454308182,0
1366,0.005501141771674156,0,0.013193790800869465,0
1367,0.008893730118870735,0,0.0033498008269816637,0
1368,0.0039670285768806934,0,0.11807376146316528,0
1369,0.008352345786988735,0,0.004548846278339624,0
1370,0.5279077887535095,0,0.011212151497602463,0
1371,0.006431093905121088,0,0.009149922989308834,0
1372,0.004662594757974148,0,0.008663683198392391,0
1373,0.004447524435818195,0,0.0062331524677574635,0
1374,0.052843499928712845,0,0.008380243554711342,0
1375,0.013653386384248734,0,0.006145150400698185,0
1376,0.0019974636379629374,0,0.004535531159490347,0
1377,0.006795677822083235,0,0.005649103783071041,0
1378,0.004037977661937475,0,0.00391398137435317,0
1379,0.03906713053584099,0,0.09451490640640259,0
1380,0.003891904605552554,0,0.042160242795944214,0
1381,0.6812428832054138,1,0.005056892521679401,0
1382,0.37732505798339844,0,0.00788138434290886,0
1383,0.0052703856490552425,0,0.07856938987970352,0
1384,0.0024357938673347235,0,0.005459282547235489,0
1385,0.004628085996955633,0,0.004498561378568411,0
1386,0.005061563570052385,0,0.002440818352624774,0
1387,0.005683484021574259,0,0.0054656732827425,0
1388,0.009101338684558868,0,0.00461730407550931,0
1389,0.005184088367968798,0,0.008677511475980282,0
1390,0.005231267772614956,0,0.0037042212206870317,0
1391,0.5538870096206665,1,0.020982306450605392,0
1392,0.005345767829567194,0,0.016643134877085686,0
1393,0.0017728008097037673,0,0.009100263006985188,0
1394,0.02433706820011139,0,0.0029038451611995697,0
1395,0.056985292583703995,0,0.02173919603228569,0
1396,0.068105049431324,0,0.010260445065796375,0
1397,0.7673521637916565,1,0.012120409868657589,0
1398,0.008264172822237015,0,0.0728713870048523,0
1399,0.006363983731716871,0,0.010536356829106808,0
1400,0.004493970423936844,0,0.008686437271535397,0
1401,0.0073203109204769135,0,0.0028633589390665293,0
1402,0.006311287172138691,0,0.002055979799479246,0
1403,0.00822055246680975,0,0.011514930985867977,0
1404,0.007566569838672876,0,0.0034515776205807924,0
1405,0.010085158050060272,1,0.0050165350548923016,0
1406,0.02066207118332386,0,0.006812488194555044,0
1407,0.005758381448686123,0,0.0041483137756586075,0
1408,0.0030910864006727934,0,0.05664189159870148,0
1409,0.01657809689640999,0,0.006261381320655346,0
1410,0.6431979537010193,1,0.004773237742483616,0
1411,0.0035599151160568,0,0.0065622529946267605,0
1412,0.002987239509820938,0,0.0219263955950737,0
1413,0.32133522629737854,0,0.00545304361730814,0
1414,0.00908973440527916,0,0.011127782985568047,0
1415,0.005244251806288958,0,0.006756550632417202,0
1416,0.004343314096331596,0,0.006557234562933445,0
1417,0.0032919999212026596,0,0.008890137076377869,0
1418,0.005991664715111256,0,0.023671980947256088,0
1419,0.009015834890305996,0,0.012613179162144661,0
1420,0.003893019398674369,0,0.31767845153808594,1
1421,0.013986959122121334,0,0.0028320029377937317,0
1422,0.01836199127137661,0,0.006109589710831642,0
1423,0.018743153661489487,0,0.006367494817823172,0
1424,0.0025678020901978016,0,0.0160082895308733,0
1425,0.004689674824476242,0,0.01593707501888275,0
1426,0.29205983877182007,1,0.011319233104586601,0
1427,0.005139538086950779,0,0.00561457360163331,0
1428,0.012498372234404087,0,0.00606189901009202,0
1429,0.003445571754127741,0,0.18286487460136414,0
1430,0.00731364730745554,0,0.004985203966498375,0
1431,0.0030694997403770685,0,0.021937554702162743,0
1432,0.01513198483735323,0,0.0022280302364379168,0
1433,0.005299918353557587,0,0.008132070302963257,0
1434,0.004549533128738403,0,0.004160418175160885,0
1435,0.0062154135666787624,0,0.003449431387707591,0
1436,0.02896665781736374,0,0.0034637805074453354,0
1437,0.005929301027208567,1,0.006906130351126194,0
1438,0.004765743389725685,0,0.005948522128164768,0
1439,0.0042120045982301235,0,0.002320375759154558,0
1440,0.013699325732886791,0,0.004202922340482473,0
1441,0.005156591534614563,0,0.006301837973296642,0
1442,0.00457422249019146,0,0.007438026834279299,0
1443,0.004956567194312811,0,0.013723751530051231,0
1444,0.008264560252428055,1,0.0035180016420781612,0
1445,0.009121103212237358,0,0.006264823954552412,0
1446,0.004013158846646547,0,0.022488446906208992,0
1447,0.007773732300847769,0,0.006944926455616951,0
1448,0.007724876515567303,0,0.8194421529769897,0
1449,0.006303582340478897,0,0.006748028099536896,0
1450,0.009690114296972752,0,0.007489131763577461,0
1451,0.01535355020314455,0,0.005794681143015623,0
1452,0.005905425641685724,0,0.007000721991062164,0
1453,0.0019192621111869812,0,0.0028133979067206383,0
1454,0.04932645335793495,0,0.02355756238102913,0
1455,0.7220948934555054,1,0.0032752323895692825,0
1456,0.004734373651444912,0,0.021196676418185234,0
1457,0.002467612037435174,0,0.009647279046475887,0
1458,0.006605447269976139,0,0.006782192271202803,0
1459,0.01741802506148815,0,0.0038031733129173517,0
1460,0.0067766220308840275,0,0.4053277373313904,1
1461,0.006573095917701721,0,0.03747808560729027,0
1462,0.00547432666644454,0,0.5907894372940063,0
1463,0.0027687526308000088,0,0.010394865646958351,0
1464,0.0062417443841695786,0,0.005292101763188839,0
1465,0.006674730218946934,0,0.007309362292289734,0
1466,0.04753442108631134,0,0.008256341330707073,0
1467,0.20776712894439697,0,0.0056573785841465,0
1468,0.010578750632703304,0,0.007921485230326653,0
1469,0.05223127081990242,0,0.01116397324949503,0
1470,0.012906030751764774,0,0.0076558226719498634,0
1471,0.0049499934539198875,0,0.006756829097867012,0
1472,0.008779843337833881,0,0.005453938618302345,0
1473,0.008682669140398502,1,0.007740898057818413,0
1474,0.018290121108293533,0,0.005024793557822704,0
1475,0.0038140537217259407,0,0.02161269634962082,0
1476,0.004330422729253769,0,0.0038860212080180645,0
1477,0.0442676842212677,0,0.005090664140880108,0
1478,0.00959883350878954,0,0.0028722055722028017,0
1479,0.008559294044971466,0,0.00320227793417871,0
1480,0.010002793744206429,0,0.004719755612313747,0
1481,0.010134137235581875,0,0.0060428231954574585,0
1482,0.028409460559487343,0,0.6981089115142822,1
1483,0.005998339504003525,0,0.012867472134530544,0
1484,0.010635573416948318,0,0.026190442964434624,0
1485,0.021966300904750824,0,0.006630174349993467,0
1486,0.005439945962280035,0,0.0663100853562355,0
1487,0.008123963139951229,0,0.006410508416593075,0
1488,0.012236760929226875,0,0.0055930535309016705,0
1489,0.027697738260030746,0,0.005518320947885513,0
1490,0.03127409517765045,0,0.006744868122041225,0
1491,0.0039183469489216805,0,0.006187771447002888,0
1492,0.003807992907240987,0,0.0018836878007277846,0
1493,0.01825164444744587,0,0.004199168179184198,0
1494,0.006601328495889902,0,0.0038843490183353424,0
1495,0.006901696790009737,0,0.005458362866193056,0
1496,0.0057449983432888985,0,0.0070254006423056126,0
1497,0.014076624996960163,0,0.002850951626896858,0
1498,0.004855663515627384,0,0.0019891245756298304,0
1499,0.004436504561454058,0,0.0030080201104283333,0
1500,0.014872603118419647,0,0.008386459201574326,0
1501,0.010524640791118145,0,0.0070616817101836205,0
1502,0.1269993633031845,0,0.002746750833466649,0
1503,0.0031639947555959225,0,0.003165449248626828,0
1504,0.0021447131875902414,0,0.0044188168831169605,0
1505,0.004332100506871939,0,0.001960399793460965,0
1506,0.004073395859450102,0,0.004587141796946526,0
1507,0.002562388777732849,0,0.005806965287774801,1
1508,0.858614444732666,0,0.0031852407846599817,0
1509,0.0063574048690497875,0,0.008550808764994144,0
1510,0.006150858011096716,0,0.006521344184875488,0
1511,0.08980830013751984,0,0.003634704975411296,0
1512,0.0024792407639324665,0,0.011031623929738998,0
1513,0.006057174410670996,0,0.00950967613607645,0
1514,0.006198524963110685,0,0.005147470161318779,0
1515,0.017496634274721146,0,0.0081787109375,0
1516,0.008636781014502048,0,0.006336161866784096,0
1517,0.005222139414399862,0,0.005959034897387028,0
1518,0.005573951173573732,0,0.05300143361091614,0
1519,0.0019763167947530746,0,0.006490375380963087,0
1520,0.0037398841232061386,0,0.0048842718824744225,0
1521,0.004296835046261549,0,0.03540417551994324,0
1522,0.010767478495836258,0,0.008490540087223053,0
1523,0.0376080758869648,0,0.004917680285871029,0
1524,0.008215663023293018,0,0.020510362461209297,0
1525,0.00745015311986208,0,0.0026705306954681873,0
1526,0.07666441053152084,0,0.00813585240393877,0
1527,0.007299024611711502,0,0.6207596063613892,1
1528,0.013213579542934895,0,0.1884799748659134,0
1529,0.007026675157248974,0,0.0045331609435379505,0
1530,0.003051240462809801,0,0.012891903519630432,0
1531,0.060065608471632004,0,0.028725985437631607,0
1532,0.004370898474007845,0,0.030351849272847176,0
1533,0.012067750096321106,0,0.010061669163405895,0
1534,0.004296696279197931,0,0.020668210461735725,0
1535,0.0030279774218797684,0,0.09173670411109924,0
1536,0.0021910634823143482,0,0.2424762099981308,0
1537,0.004517576657235622,0,0.009325554594397545,0
1538,0.00600227527320385,0,0.0035484787076711655,0
1539,0.05186450481414795,0,0.004135564435273409,0
1540,0.11671212315559387,0,0.003881188342347741,0
1541,0.006856406107544899,1,0.024222498759627342,0
1542,0.028375647962093353,0,0.005406366661190987,0
1543,0.007192300166934729,0,0.005580276716500521,0
1544,0.0045141917653381824,0,0.007493116892874241,0
1545,0.005153287667781115,0,0.0030717551708221436,0
1546,0.008617294952273369,0,0.7671771049499512,1
1547,0.0032866124529391527,0,0.00957657489925623,0
1548,0.003691206220537424,0,0.005364957265555859,0
1549,0.0038581867702305317,0,0.5327820181846619,0
1550,0.0021896471735090017,0,0.010625869035720825,0
1551,0.008415376767516136,0,0.0021274671889841557,0
1552,0.006319084670394659,0,0.004950395319610834,0
1553,0.00800102949142456,0,0.004717628471553326,0
1554,0.006173667963594198,0,0.029608294367790222,0
1555,0.01690487749874592,0,0.004149903543293476,0
1556,0.004069219809025526,0,0.004222140181809664,0
1557,0.010592903941869736,0,0.0034191387239843607,0
1558,0.003865770297124982,0,0.008809263817965984,0
1559,0.007752708159387112,0,0.06274626404047012,0
1560,0.012274675071239471,0,0.02427206002175808,0
1561,0.004553754813969135,0,0.009573789313435555,0
1562,0.005242202430963516,0,0.0067591178230941296,0
1563,0.004609635565429926,0,0.015426238998770714,0
1564,0.00701723899692297,0,0.016635006293654442,0
1565,0.0107528455555439,0,0.004258695524185896,0
1566,0.01131298579275608,0,0.08601094782352448,0
1567,0.0059761954471468925,0,0.007529518101364374,0
1568,0.007386000826954842,0,0.006896358449012041,0
1569,0.009302794001996517,0,0.00434101140126586,0
1570,0.0033077315893024206,0,0.0030220123007893562,0
1571,0.007872519083321095,0,0.004612524528056383,0
1572,0.013830992393195629,0,0.009620300494134426,0
1573,0.004755768459290266,0,0.5847574472427368,1
1574,0.01257528830319643,0,0.008932123892009258,0
1575,0.028597267344594002,0,0.004921329207718372,0
1576,0.007975282147526741,0,0.005090806633234024,0
1577,0.005220160353928804,0,0.17108924686908722,0
1578,0.00895665679126978,0,0.01656547747552395,0
1579,0.008589508943259716,0,0.005733232945203781,0
1580,0.0035281928721815348,0,0.020307185128331184,0
1581,0.0030936908442527056,0,0.0033459460828453302,0
1582,0.008993486873805523,0,0.007926185615360737,0
1583,0.004600901156663895,0,0.00691804476082325,0
1584,0.02303878217935562,0,0.003418741049245,0
1585,0.00798459816724062,0,0.007598818279802799,0
1586,0.008011250756680965,0,0.03548162430524826,0
1587,0.009608558379113674,0,0.00969573576003313,0
1588,0.005178098566830158,0,0.003543653292581439,0
1589,0.0045851911418139935,0,0.005503208376467228,0
1590,0.03751257807016373,0,0.004442805889993906,0
1591,0.9309696555137634,1,0.0248528141528368,1
1592,0.004603146575391293,0,0.0064888447523117065,0
1593,0.004554161336272955,0,0.0018796586664393544,0
1594,0.0038421114441007376,0,0.056801486760377884,0
1595,0.00471949577331543,0,0.006984047591686249,0
1596,0.0021404752042144537,0,0.015726521611213684,1
1597,0.00958790723234415,0,0.004268611315637827,0
1598,0.0055558281019330025,0,0.004975298885256052,0
1599,0.01648375205695629,0,0.005860005039721727,0
1600,0.0065135108307003975,0,0.008773198351264,0
1601,0.007480779197067022,0,0.004045085050165653,0
1602,0.004790958948433399,0,0.005259442608803511,0
1603,0.5818123817443848,0,0.006441004108637571,0
1604,0.00408085435628891,0,0.007687149569392204,0
1605,0.008677306585013866,0,0.007327223662286997,0
1606,0.00329564418643713,0,0.32423678040504456,0
1607,0.00760990846902132,0,0.005775277502834797,0
1608,0.007922657765448093,0,0.006471643224358559,0
1609,0.00529531529173255,0,0.005102932918816805,0
1610,0.005563616286963224,1,0.004670923110097647,0
1611,0.015779338777065277,0,0.00813981331884861,0
1612,0.00435546413064003,0,0.021413901820778847,0
1613,0.03036881424486637,0,0.0032107532024383545,0
1614,0.003837290918454528,0,0.007653927896171808,0
1615,0.01986004039645195,1,0.006667120847851038,0
1616,0.004834121558815241,0,0.014009085483849049,0
1617,0.0046125114895403385,0,0.0046066236682236195,0
1618,0.8067969679832458,1,0.029524167999625206,0
1619,0.008074535056948662,0,0.5521119832992554,1
1620,0.011844879016280174,0,0.0045464616268873215,0
1621,0.0053024631924927235,0,0.00892246700823307,0
1622,0.004702327307313681,0,0.007052242755889893,0
1623,0.0047869025729596615,0,0.007016594056040049,0
1624,0.04351312667131424,0,0.013009605929255486,0
1625,0.01276086363941431,0,0.004995210096240044,0
1626,0.0019483198411762714,0,0.004162314813584089,0
1627,0.03179023414850235,0,0.0107980165630579,0
1628,0.05935737118124962,0,0.004811663180589676,0
1629,0.004683482460677624,0,0.0035058564972132444,0
1630,0.008877495303750038,0,0.006946192588657141,0
1631,0.01881331577897072,0,0.01822405494749546,0
1632,0.010223818942904472,0,0.0037413768004626036,0
1633,0.0073552378453314304,0,0.01260692160576582,0
1634,0.014974912628531456,0,0.006937554106116295,0
1635,0.0067710112780332565,0,0.004314538557082415,0
1636,0.005274759605526924,0,0.004670762922614813,0
1637,0.01018377486616373,0,0.004960761871188879,0
1638,0.006997311487793922,0,0.005073873326182365,0
1639,0.009172196500003338,0,0.004361425526440144,0
1640,0.005728635936975479,0,0.005498567596077919,0
1641,0.009197525680065155,0,0.020555216819047928,0
1642,0.014268065802752972,0,0.012226598337292671,0
1643,0.004499678034335375,0,0.03473714366555214,0
1644,0.004447292070835829,0,0.01121227815747261,0
1645,0.003886034246534109,0,0.026422839611768723,0
1646,0.006610875483602285,0,0.039382413029670715,0
1647,0.04484488070011139,1,0.007264087907969952,0
1648,0.0026633343659341335,0,0.003200849052518606,0
1649,0.008163731545209885,0,0.00805689487606287,0
1650,0.0210401751101017,0,0.0028588983695954084,0
1651,0.006956808269023895,0,0.007437495049089193,0
1652,0.0035834305454045534,0,0.003034495282918215,0
1653,0.004932971205562353,0,0.007664800621569157,0
1654,0.009201432578265667,0,0.004596840590238571,0
1655,0.04848664253950119,0,0.00336850737221539,0
1656,0.003907740116119385,0,0.005374203901737928,0
1657,0.026419319212436676,0,0.005144448019564152,0
1658,0.006321975030004978,0,0.005585317499935627,0
1659,0.004985507111996412,0,0.006345220375806093,0
1660,0.0037252306938171387,0,0.007970990613102913,0
1661,0.0039277286268770695,0,0.0035097566433250904,0
1662,0.20548532903194427,1,0.12552058696746826,0
1663,0.002609771443530917,0,0.0050639319233596325,0
1664,0.006505459081381559,0,0.007995071820914745,0
1665,0.004301148001104593,0,0.008006928488612175,0
1666,0.002482015872374177,0,0.006855967920273542,0
1667,0.003138373838737607,0,0.005419856868684292,0
1668,0.012275021523237228,0,0.007517550606280565,0
1669,0.00531433941796422,0,0.006613804027438164,0
1670,0.46764075756073,0,0.0070104640908539295,0
1671,0.003993027377873659,0,0.0027988965157419443,0
1672,0.6258538961410522,1,0.01089037861675024,0
1673,0.00787328276783228,0,0.004690565634518862,0
1674,0.0052949716337025166,0,0.008442903868854046,0
1675,0.007196080405265093,0,0.011831202544271946,0
1676,0.00742372265085578,0,0.0022678228560835123,0
1677,0.004541222471743822,0,0.003048556623980403,0
1678,0.002765358192846179,0,0.007951880805194378,0
1679,0.010931680910289288,0,0.005960020702332258,0
1680,0.004929501563310623,0,0.5033480525016785,1
1681,0.010869518853724003,0,0.005468566436320543,1
1682,0.008376927115023136,0,0.02334231697022915,0
1683,0.009421179071068764,0,0.005960800219327211,0
1684,0.4943699538707733,0,0.010103793814778328,0
1685,0.0062132966704666615,0,0.007473913952708244,0
1686,0.0047227018512785435,0,0.08001729100942612,0
1687,0.012070116586983204,0,0.005713142920285463,0
1688,0.014545487239956856,0,0.005796640180051327,0
1689,0.007137809880077839,0,0.02695407345890999,0
1690,0.01914910227060318,0,0.005475159734487534,0
1691,0.005824936553835869,0,0.008462090976536274,0
1692,0.012376001104712486,0,0.0046568866819143295,0
1693,0.0049734534695744514,0,0.0035310827661305666,0
1694,0.006631826516240835,0,0.09888691455125809,0
1695,0.00993040669709444,0,0.00584960263222456,0
1696,0.014979205094277859,0,0.04266616702079773,0
1697,0.003491171170026064,0,0.006755491718649864,0
1698,0.020744245499372482,0,0.009048142470419407,0
1699,0.00737685477361083,0,0.004304471891373396,0
1700,0.01899571716785431,0,0.006395913194864988,0
1701,0.005009844433516264,0,0.0063310544937849045,0
1702,0.010035348124802113,0,0.009776201099157333,0
1703,0.01419838611036539,0,0.005511040333658457,0
1704,0.006048032082617283,0,0.007540643680840731,0
1705,0.0052163805812597275,0,0.0029708840884268284,0
1706,0.0033319436479359865,0,0.025623353198170662,0
1707,0.0035362187772989273,0,0.004836935084313154,0
1708,0.0064954692497849464,0,0.2086029350757599,0
1709,0.009991995990276337,0,0.005911710672080517,0
1710,0.005785142537206411,0,0.006452102679759264,0
1711,0.09855141490697861,0,0.023135099560022354,0
1712,0.01151964906603098,0,0.0058723799884319305,0
1713,0.00463347090408206,0,0.00405713077634573,0
1714,0.06564511358737946,0,0.004345077555626631,0
1715,0.0064501678571105,0,0.0039725773967802525,0
1716,0.009325101040303707,0,0.006795062683522701,0
1717,0.005106788594275713,0,0.005333437118679285,0
1718,0.0022911406122148037,0,0.01023965235799551,0
1719,0.008161989971995354,0,0.002997013507410884,0
1720,0.018382949754595757,0,0.006472201086580753,0
1721,0.006288331933319569,0,0.0066324928775429726,0
1722,0.011537792161107063,0,0.00569303659722209,0
1723,0.009608599357306957,0,0.00309853907674551,0
1724,0.00906655378639698,0,0.004167069215327501,0
1725,0.011206078343093395,0,0.0024718977510929108,0
1726,0.004434545990079641,0,0.0050941091030836105,0
1727,0.0041347830556333065,0,0.6410712003707886,0
1728,0.0036977529525756836,0,0.006412571296095848,0
1729,0.00558270700275898,0,0.003526661079376936,0
1730,0.004439696203917265,0,0.03257187455892563,0
1731,0.004879852291196585,0,0.0035346699878573418,0
1732,0.005749707110226154,0,0.007993403822183609,0
1733,0.0062437113374471664,0,0.002736781956627965,0
1734,0.0045145004987716675,0,0.0034868689253926277,0
1735,0.008123140782117844,0,0.014017010107636452,0
1736,0.0034895490389317274,0,0.30576056241989136,0
1737,0.029287269338965416,0,0.004557805601507425,0
1738,0.036715906113386154,0,0.045904677361249924,0
1739,0.002401466015726328,0,0.009044005535542965,0
1740,0.007457515690475702,0,0.004552116617560387,0
1741,0.008430740796029568,0,0.003701749723404646,0
1742,0.007148868404328823,0,0.017500609159469604,0
1743,0.005285162944346666,0,0.03246788680553436,0
1744,0.012445703148841858,0,0.0036605349741876125,0
1745,0.009039288386702538,0,0.6324687004089355,1
1746,0.00260897702537477,0,0.006934410892426968,0
1747,0.0027383752167224884,0,0.0051948330365121365,0
1748,0.005007007624953985,0,0.018478235229849815,0
1749,0.0034065553918480873,0,0.006120010744780302,0
1750,0.006797566544264555,0,0.5455357432365417,1
1751,0.0029882676899433136,0,0.03324677050113678,0
1752,0.004567366559058428,0,0.00580520648509264,0
1753,0.0147768659517169,0,0.0026853750459849834,0
1754,0.004601949360221624,0,0.20228400826454163,1
1755,0.0023089302703738213,0,0.0063253422267735004,0
1756,0.003397813532501459,0,0.003211957635357976,0
1757,0.007639596238732338,0,0.015055372379720211,0
1758,0.0032593172509223223,0,0.004986547864973545,0
1759,0.018215274438261986,0,0.006874545011669397,0
1760,0.008895554579794407,0,0.00631606113165617,0
1761,0.004946389701217413,0,0.004918319638818502,0
1762,0.009114089421927929,0,0.013361068442463875,0
1763,0.0024097508285194635,0,0.004978843033313751,0
1764,0.07866393029689789,0,0.003610495710745454,0
1765,0.006082596722990274,0,0.008571372367441654,0
1766,0.007616999559104443,0,0.0038233520463109016,0
1767,0.005427224095910788,0,0.004635402001440525,0
1768,0.005297849886119366,0,0.019290735945105553,0
1769,0.006461426615715027,0,0.014822280034422874,0
1770,0.00354539486579597,0,0.07692732661962509,0
1771,0.009978458285331726,0,0.004984856583178043,0
1772,0.008189192041754723,0,0.004906807094812393,0
1773,0.005519640166312456,0,0.17105646431446075,1
1774,0.011984254233539104,0,0.006502192933112383,0
1775,0.003442062996327877,0,0.037932977080345154,0
1776,0.004906874615699053,0,0.44812509417533875,1
1777,0.014878821559250355,0,0.0034917101729661226,0
1778,0.01955474354326725,0,0.03584500774741173,0
1779,0.004505083430558443,0,0.0031828044448047876,0
1780,0.006109592504799366,0,0.0032543158158659935,0
1781,0.006084834225475788,0,0.012118536978960037,0
1782,0.011773863807320595,0,0.003923533484339714,0
1783,0.42484936118125916,0,0.002407614840194583,0
1784,0.004822155460715294,0,0.0041809831745922565,0
1785,0.006614436861127615,0,0.0031327414326369762,0
1786,0.0052801393903791904,0,0.002235184423625469,0
1787,0.27092763781547546,0,0.033469390124082565,1
1788,0.004618965554982424,0,0.003930061124265194,0
1789,0.005760910455137491,0,0.006566784344613552,0
1790,0.0050368825905025005,0,0.005127706564962864,0
1791,0.004315230995416641,0,0.005018213298171759,0
1792,0.004625401925295591,0,0.0038325272034853697,0
1793,0.037033502012491226,0,0.006712219212204218,1
1794,0.4939287304878235,0,0.07020867615938187,0
1795,0.00781072536483407,0,0.004251406528055668,0
1796,0.006270645186305046,0,0.004520519636571407,0
1797,0.004863545764237642,0,0.009053385816514492,0
1798,0.00436994805932045,0,0.007808618247509003,0
1799,0.004761897958815098,0,0.004264616407454014,0
1800,0.006845009047538042,0,0.012103099375963211,0
1801,0.0036720186471939087,0,0.006274179555475712,0
1802,0.01409838069230318,0,0.11568423360586166,0
1803,0.26696711778640747,0,0.007343069650232792,0
1804,0.015239045023918152,0,0.012490452267229557,0
1805,0.0026901056990027428,0,0.004757635295391083,0
1806,0.004866105504333973,0,0.008241306990385056,0
1807,0.002805087948217988,0,0.005933419801294804,0
1808,0.010375943966209888,0,0.014549609273672104,0
1809,0.006940619554370642,0,0.005970023572444916,0
1810,0.028984569013118744,0,0.004300576169043779,0
1811,0.005751342512667179,0,0.011276834644377232,0
1812,0.003936341963708401,0,0.005259677302092314,0
1813,0.011972656473517418,0,0.006951585877686739,0
1814,0.0063604689203202724,0,0.009221826680004597,0
1815,0.0055259172804653645,0,0.004930063150823116,0
1816,0.005318669136613607,0,0.015444167889654636,1
1817,0.006134968716651201,0,0.005948166828602552,0
1818,0.019537772983312607,0,0.10426276922225952,0
1819,0.006051885895431042,0,0.030429620295763016,0
1820,0.0055374931544065475,0,0.004742640070617199,0
1821,0.011038284748792648,0,0.022615894675254822,0
1822,0.026553329080343246,0,0.006601021625101566,0
1823,0.0055335452780127525,0,0.007027812767773867,0
1824,0.00404649181291461,0,0.0019745775498449802,0
1825,0.004882114939391613,1,0.008096862584352493,0
1826,0.008604154922068119,0,0.5950794816017151,0
1827,0.005092881619930267,1,0.01575690135359764,0
1828,0.006386925466358662,0,0.006832446437329054,0
1829,0.0030671311542391777,0,0.008857455104589462,0
1830,0.41988396644592285,1,0.006641984451562166,0
1831,0.0131634920835495,0,0.005170916672796011,0
1832,0.0036549135111272335,0,0.350105881690979,0
1833,0.004966624081134796,0,0.00417799036949873,0
1834,0.007841158658266068,0,0.0021443418227136135,0
1835,0.007184180896729231,0,0.011052384972572327,0
1836,0.009074706584215164,0,0.007049581967294216,0
1837,0.0036857142113149166,0,0.008491122163832188,0
1838,0.0047643957659602165,0,0.007064925506711006,0
1839,0.005788544192910194,0,0.010829860344529152,0
1840,0.613017737865448,0,0.01657526008784771,0
1841,0.003169615287333727,0,0.005876395385712385,0
1842,0.006076445337384939,1,0.007417365442961454,0
1843,0.008055035024881363,0,0.007281170226633549,0
1844,0.030396241694688797,0,0.00634294468909502,1
1845,0.01329648308455944,0,0.012699938379228115,0
1846,0.42538097500801086,1,0.004053458105772734,0
1847,0.004554833751171827,0,0.0030466588214039803,0
1848,0.33714422583580017,1,0.0036299768835306168,0
1849,0.012930626980960369,0,0.003929188009351492,0
1850,0.006497676018625498,0,0.1717178374528885,0
1851,0.013860838487744331,0,0.009435920044779778,0
1852,0.023657405748963356,0,0.0032386237289756536,0
1853,0.005694396793842316,0,0.023702681064605713,0
1854,0.014601838774979115,0,0.00813244003802538,0
1855,0.008952957578003407,0,0.006341829895973206,0
1856,0.00959283858537674,1,0.27291300892829895,0
1857,0.0032284772023558617,0,0.11730194091796875,0
1858,0.004093653056770563,0,0.008651413954794407,0
1859,0.0026265487540513277,0,0.008498183451592922,0
1860,0.07076910883188248,0,0.0031710301991552114,0
1861,0.007671764120459557,0,0.004761482123285532,0
1862,0.04535302519798279,0,0.002826557494699955,0
1863,0.363637238740921,1,0.006631210912019014,0
1864,0.004522653296589851,0,0.005270685534924269,0
1865,0.006468568928539753,0,0.5431914925575256,1
1866,0.0037169044371694326,0,0.007644655182957649,1
1867,0.005611225496977568,0,0.010893410071730614,0
1868,0.004886270500719547,0,0.007794614881277084,0
1869,0.007816202938556671,0,0.008867159485816956,0
1870,0.004692564718425274,0,0.007990802638232708,0
1871,0.007514531258493662,0,0.004546075128018856,0
1872,0.005913094617426395,0,0.003569335211068392,0
1873,0.023839350789785385,0,0.005098023451864719,0
1874,0.009433477185666561,1,0.007787235081195831,0
1875,0.006870913319289684,0,0.007759732659906149,0
1876,0.008099214173853397,0,0.02591315470635891,0
1877,0.005451999604701996,0,0.005373666528612375,0
1878,0.008084344677627087,0,0.00928069744259119,0
1879,0.006032681558281183,0,0.008103716187179089,0
1880,0.002005602465942502,0,0.003953226841986179,0
1881,0.012915492989122868,0,0.0024910836946219206,0
1882,0.00942234043031931,0,0.00603171531111002,0
1883,0.0062638805247843266,0,0.007821241393685341,0
1884,0.020511042326688766,0,0.0030941793229430914,0
1885,0.006579659413546324,0,0.009402693249285221,0
1886,0.0041861641220748425,0,0.0013326837215572596,0
1887,0.005432482343167067,0,0.03125452622771263,0
1888,0.008828182704746723,0,0.06396924704313278,0
1889,0.013224096968770027,0,0.005560519639402628,0
1890,0.014109207317233086,0,0.005857305601239204,0
1891,0.005957684945315123,0,0.1719045341014862,0
1892,0.018396833911538124,0,0.002604937646538019,0
1893,0.005326545797288418,0,0.007690685335546732,0
1894,0.00589792849496007,0,0.007089416496455669,0
1895,0.002953690942376852,0,0.05427654832601547,0
1896,0.006620251573622227,0,0.005854923743754625,0
1897,0.008507219143211842,0,0.05446942523121834,0
1898,0.005046567879617214,0,0.004240954760462046,0
1899,0.0037330605555325747,0,0.00491253100335598,1
1900,0.007103538140654564,0,0.003652547486126423,0
1901,0.005875072441995144,0,0.003086511045694351,0
1902,0.032099492847919464,0,0.061488401144742966,0
1903,0.13109157979488373,0,0.002625091467052698,0
1904,0.011370254680514336,0,0.03151385113596916,0
1905,0.004505104385316372,0,0.00973332766443491,0
1906,0.0078956363722682,0,0.0030940412543714046,0
1907,0.10113495588302612,0,0.004546176642179489,0
1908,0.006292412057518959,0,0.00789194367825985,0
1909,0.00471083540469408,0,0.006260348949581385,0
1910,0.005605120211839676,0,0.0045771524310112,0
1911,0.8315950036048889,1,0.006692442111670971,0
1912,0.006204443052411079,0,0.0064538270235061646,0
1913,0.30436620116233826,0,0.0036857211962342262,0
1914,0.008148648776113987,0,0.00829327292740345,0
1915,0.0029665653128176928,0,0.005443876143544912,0
1916,0.018601829186081886,0,0.003510994603857398,0
1917,0.002101621124893427,0,0.006386199966073036,0
1918,0.00908596906810999,0,0.006717686075717211,0
1919,0.005902739241719246,0,0.003760263789445162,0
1920,0.009441821835935116,0,0.013748390600085258,0
1921,0.06237267702817917,1,0.008292276412248611,0
1922,0.005476985592395067,0,0.007687567733228207,0
1923,0.007882294245064259,0,0.003559069475159049,0
1924,0.004984797444194555,1,0.005615750793367624,0
1925,0.005559083074331284,0,0.0025432247202843428,0
1926,0.00736962677910924,0,0.011109674349427223,0
1927,0.00765668461099267,0,0.0055235023610293865,0
1928,0.005880268756300211,0,0.004169994965195656,0
1929,0.0021733783651143312,0,0.005064388271421194,0
1930,0.0066804769448935986,0,0.004009064752608538,0
1931,0.13997721672058105,1,0.008375738747417927,0
1932,0.007218305487185717,0,0.009631628170609474,0
1933,0.002648875117301941,0,0.018240349367260933,0
1934,0.0037000125739723444,0,0.0067205470986664295,0
1935,0.009175472892820835,0,0.004210005048662424,0
1936,0.007460915017873049,0,0.004376326221972704,0
1937,0.006553949322551489,0,0.007009528577327728,0
1938,0.004289044998586178,0,0.008313431404531002,0
1939,0.018695920705795288,0,0.0073265191167593,0
1940,0.003473379649221897,0,0.008082651533186436,0
1941,0.003909280989319086,0,0.002676337258890271,0
1942,0.014691541902720928,0,0.005248103756457567,0
1943,0.004017495084553957,0,0.012134216725826263,0
1944,0.0066923401318490505,0,0.0041836840100586414,0
1945,0.005713056307286024,0,0.058244261890649796,0
1946,0.028783921152353287,0,0.010833466425538063,0
1947,0.011388038285076618,0,0.0034216551575809717,0
1948,0.004493366461247206,0,0.013262688182294369,0
1949,0.050612788647413254,0,0.004950996488332748,0
1950,0.0047638374380767345,0,0.007971219718456268,0
1951,0.003270649816840887,0,0.007829741574823856,0
1952,0.004647879861295223,0,0.004968457855284214,0
1953,0.005623866803944111,0,0.0045209405943751335,0
1954,0.007384595926851034,0,0.01169607974588871,0
1955,0.008967285975813866,0,0.0035090495366603136,0
1956,0.003973115235567093,0,0.05131470784544945,0
1957,0.005302435252815485,0,0.04288312792778015,0
1958,0.014377700164914131,0,0.29057109355926514,1
1959,0.01356362272053957,0,0.044414158910512924,0
1960,0.01067011896520853,0,0.039164502173662186,0
1961,0.14089131355285645,0,0.021134590730071068,0
1962,0.005737961735576391,0,0.566159188747406,0
1963,0.003806650871410966,0,0.004694498144090176,0
1964,0.007426306139677763,0,0.004985681734979153,0
1965,0.005981699097901583,0,0.003222050843760371,0
1966,0.029013294726610184,0,0.004065569024533033,0
1967,0.0032847668044269085,0,0.004618283826857805,0
1968,0.008513154461979866,0,0.0037905534263700247,0
1969,0.0033580923918634653,0,0.05498232692480087,0
1970,0.0024179343599826097,0,0.004908034112304449,0
1971,0.00785367377102375,0,0.0046995230950415134,0
1972,0.061579637229442596,0,0.004907950293272734,0
1973,0.004979958292096853,0,0.0072847832925617695,0
1974,0.0068452428095042706,0,0.008316525258123875,0
1975,0.008470681495964527,1,0.004568307660520077,0
1976,0.004820718429982662,0,0.8934530019760132,1
1977,0.004759354051202536,0,0.007044500205665827,0
1978,0.0035207741893827915,0,0.005474664270877838,0
1979,0.005264224484562874,0,0.004487853962928057,0
1980,0.00756267923861742,0,0.0051843514665961266,0
1981,0.0048827496357262135,0,0.004968719556927681,0
1982,0.3350938856601715,0,0.018724676221609116,0
1983,0.004909865092486143,0,0.007493241224437952,0
1984,0.011340828612446785,0,0.018017351627349854,0
1985,0.003792455652728677,0,0.03263866901397705,0
1986,0.3445405662059784,0,0.006288072094321251,0
1987,0.018734334036707878,0,0.008175168186426163,0
1988,0.004743949975818396,0,0.0029779544565826654,0
1989,0.0077061159536242485,0,0.006629043724387884,0
1990,0.004926574416458607,0,0.04832274839282036,0
1991,0.008224394172430038,0,0.007631754968315363,0
1992,0.006513113155961037,0,0.002824829425662756,0
1993,0.007890110835433006,0,0.004338396713137627,0
1994,0.006204049102962017,0,0.01235229056328535,0
1995,0.012607170268893242,0,0.005845589097589254,0
1996,0.04329073056578636,0,0.004581538960337639,0
1997,0.005489138886332512,0,0.0050800275057554245,0
1998,0.0022280302364379168,0,0.005167091265320778,0
1999,0.004373978823423386,0,0.006600540596991777,0
2000,0.006720343604683876,0,0.7480367422103882,0
2001,0.005265280604362488,0,0.009307716973125935,0
2002,0.16063739359378815,0,0.006000344175845385,0
2003,0.004093647003173828,1,0.007046265061944723,0
2004,0.02114040218293667,0,0.004712926689535379,0
2005,0.004195487126708031,0,0.010206487029790878,0
2006,0.016969576478004456,0,0.008953296579420567,0
2007,0.0033359951339662075,0,0.005873420741409063,0
2008,0.008444340899586678,0,0.0027063090819865465,0
2009,0.006601134780794382,0,0.008604505099356174,0
2010,0.002754651242867112,0,0.018940428271889687,0
2011,0.005983020644634962,0,0.003288772189989686,0
2012,0.004799246322363615,0,0.0032040090300142765,0
2013,0.005045864265412092,0,0.004559318069368601,0
2014,0.00668041966855526,0,0.005373393651098013,0
2015,0.007622631266713142,0,0.002480410737916827,0
2016,0.01998162269592285,0,0.0028708239551633596,0
2017,0.006279000546783209,0,0.009948824532330036,0
2018,0.00768854608759284,0,0.008390889503061771,0
2019,0.014647569507360458,0,0.00283454661257565,0
2020,0.009260594844818115,0,0.001942041446454823,0
2021,0.023484988138079643,0,0.6464146971702576,0
2022,0.008109877817332745,0,0.00452453875914216,0
2023,0.0061710006557404995,0,0.004402660299092531,0
2024,0.005099987145513296,0,0.006810791790485382,0
2025,0.007466168142855167,0,0.014808895997703075,0
2026,0.006694699637591839,0,0.010738307610154152,0
2027,0.18318386375904083,0,0.0036090549547225237,0
2028,0.010285606607794762,0,0.0267341211438179,0
2029,0.008766954764723778,0,0.002625399734824896,0
2030,0.005594424903392792,0,0.007669786456972361,0
2031,0.004466757643967867,0,0.004265302792191505,0
2032,0.0024695072788745165,0,0.004765110090374947,0
2033,0.006260088179260492,0,0.010172465816140175,0
2034,0.014888295903801918,0,0.007923276163637638,0
2035,0.012239309027791023,0,0.006329038646072149,0
2036,0.8974264860153198,1,0.1664411425590515,0
2037,0.06953190267086029,0,0.0044556474313139915,0
2038,0.003223346546292305,0,0.004860145039856434,0
2039,0.008934276178479195,0,0.00832442194223404,0
2040,0.004720781464129686,0,0.023014908656477928,0
2041,0.008976970799267292,0,0.006081213243305683,0
2042,0.004663236904889345,0,0.07070807367563248,0
2043,0.0038131424225866795,0,0.00273467181250453,0
2044,0.01763140968978405,0,0.006440967321395874,0
2045,0.005448096431791782,0,0.00480823265388608,0
2046,0.011169764213263988,0,0.009164680726826191,0
2047,0.002417186740785837,0,0.00844789482653141,0
2048,0.01155335083603859,0,0.05272548645734787,0
2049,0.006185542792081833,0,0.03837542235851288,0
2050,0.004399030935019255,0,0.002405320992693305,0
2051,0.03736454248428345,0,0.00560171902179718,0
2052,0.005264234263449907,0,0.005373299587517977,0
2053,0.006880880333483219,0,0.00575212761759758,0
2054,0.005535046104341745,0,0.004622687119990587,0
2055,0.004405208397656679,0,0.006421454716473818,0
2056,0.002096807584166527,0,0.007625145837664604,0
2057,0.0077698715031147,0,0.0018168083624914289,0
2058,0.006833220366388559,0,0.0079451659694314,0
2059,0.00463124131783843,0,0.0032988833263516426,0
2060,0.011709414422512054,0,0.003397892462089658,0
2061,0.003856043331325054,0,0.006218412425369024,0
2062,0.008908520452678204,0,0.003066195407882333,0
2063,0.013052289374172688,0,0.008222565986216068,0
2064,0.09106003493070602,0,0.005157222505658865,0
2065,0.009218864142894745,0,0.004130905028432608,0
2066,0.009523209184408188,0,0.006405477877706289,0
2067,0.004802299197763205,0,0.01033313013613224,0
2068,0.004178768023848534,0,0.002440471202135086,0
2069,0.01111882459372282,0,0.010137921199202538,0
2070,0.005210075061768293,0,0.018978316336870193,0
2071,0.0041126529686152935,0,0.008195712231099606,0
2072,0.008176297880709171,0,0.0021756088826805353,0
2073,0.004861069843173027,0,0.003958609886467457,0
2074,0.01894763670861721,0,0.002700821729376912,0
2075,0.005542955361306667,0,0.004836664069443941,0
2076,0.00450551975518465,0,0.0034194656182080507,0
2077,0.005577131640166044,0,0.012481186538934708,0
2078,0.5537322759628296,0,0.013140296563506126,0
2079,0.6122730374336243,1,0.0165556687861681,0
2080,0.013983349315822124,0,0.004103458486497402,0
2081,0.007603911682963371,0,0.02388482168316841,0
2082,0.019140448421239853,0,0.007121505681425333,0
2083,0.002415063790977001,0,0.003478356171399355,0
2084,0.11990799754858017,0,0.004266603384166956,0
2085,0.008069084025919437,0,0.008987938985228539,0
2086,0.0056151594035327435,0,0.025911768898367882,0
2087,0.006096403114497662,0,0.01097527053207159,0
2088,0.006015256978571415,0,0.0042589991353452206,0
2089,0.0048908656463027,0,0.003855493851006031,0
2090,0.00490469578653574,0,0.008732562884688377,0
2091,0.006213441025465727,0,0.008115019649267197,0
2092,0.020240671932697296,0,0.005845832638442516,0
2093,0.0058148931711912155,0,0.007908818311989307,0
2094,0.667962908744812,1,0.005283826496452093,0
2095,0.003264895873144269,0,0.005945894867181778,0
2096,0.011741949245333672,0,0.005118318367749453,0
2097,0.019050342962145805,0,0.0037031674291938543,0
2098,0.003194632474333048,0,0.005709265358746052,0
2099,0.021408412605524063,0,0.005259138066321611,0
2100,0.0033329494763165712,0,0.7916945815086365,0
2101,0.007840335369110107,0,0.004937207791954279,1
2102,0.006021266803145409,0,0.0062676891684532166,0
2103,0.004285820294171572,0,0.004764052107930183,0
2104,0.0022578879725188017,0,0.007593829184770584,0
2105,0.0183316171169281,0,0.01277941558510065,0
2106,0.004169856198132038,0,0.011647235602140427,0
2107,0.00809510052204132,0,0.004170802887529135,0
2108,0.004446545150130987,0,0.0073438165709376335,0
2109,0.0036537658888846636,0,0.007642329204827547,0
2110,0.003033992135897279,0,0.0055224280804395676,0
2111,0.006920747924596071,0,0.013075041584670544,0
2112,0.0032048223074525595,0,0.038430336862802505,0
2113,0.0053651174530386925,0,0.5399613380432129,0
2114,0.004039905499666929,0,0.010747130028903484,0
2115,0.01589304395020008,0,0.007876266725361347,0
2116,0.01833740808069706,0,0.016038933768868446,0
2117,0.0395301878452301,0,0.0039774272590875626,0
2118,0.00398502079769969,0,0.007262376137077808,0
2119,0.002948654117062688,0,0.006120779551565647,0
2120,0.32485800981521606,0,0.026109442114830017,0
2121,0.009904126636683941,0,0.010334866121411324,1
2122,0.0062040966004133224,0,0.002364836633205414,0
2123,0.012135234661400318,0,0.004096550866961479,0
2124,0.0023375023156404495,0,0.00992660503834486,0
2125,0.015548471361398697,0,0.004094994626939297,0
2126,0.006653839256614447,0,0.008030908182263374,0
2127,0.102962926030159,0,0.006808253936469555,0
2128,0.012879494577646255,0,0.0059326523914933205,0
2129,0.0036585270427167416,0,0.006173659581691027,0
2130,0.00997115857899189,0,0.006840750575065613,0
2131,0.7652472257614136,1,0.009923878125846386,0
2132,0.02401120401918888,0,0.00290524959564209,0
2133,0.022983167320489883,0,0.02506294846534729,0
2134,0.008038288913667202,0,0.003283599391579628,0
2135,0.00616024574264884,0,0.003477363148704171,0
2136,0.0033000123221427202,0,0.006527358666062355,0
2137,0.011178036220371723,0,0.005761314183473587,0
2138,0.003944696858525276,0,0.005876743700355291,0
2139,0.0029645771719515324,0,0.5223017930984497,1
2140,0.00456959567964077,0,0.01716209575533867,0
2141,0.004603500012308359,0,0.7291909456253052,1
2142,0.006731308065354824,0,0.0031494072172790766,0
2143,0.18344561755657196,0,0.006865367293357849,0
2144,0.026463132351636887,0,0.007353003136813641,0
2145,0.005143384449183941,0,0.7154726982116699,1
2146,0.005456424783915281,0,0.013854673132300377,0
2147,0.0022463675122708082,0,0.664054274559021,0
2148,0.004370381589978933,0,0.004289248492568731,0
2149,0.010252336040139198,0,0.009328939020633698,0
2150,0.16928018629550934,0,0.006933983881026506,0
2151,0.00864012073725462,0,0.005433312151581049,0
2152,0.008064481429755688,0,0.005050477106124163,0
2153,0.008256145752966404,0,0.003755411831662059,0
2154,0.0037493903655558825,0,0.006273908540606499,0
2155,0.011641275137662888,1,0.006173873320221901,0
2156,0.013901489786803722,0,0.010692653246223927,0
2157,0.30818885564804077,0,0.009308033622801304,0
2158,0.008041270077228546,0,0.008258223533630371,0
2159,0.003655172185972333,0,0.06447641551494598,0
2160,0.005309011321514845,0,0.008224433287978172,0
2161,0.0036222776398062706,0,0.005522485822439194,0
2162,0.045128993690013885,0,0.0067135607823729515,0
2163,0.42574557662010193,1,0.013997156172990799,0
2164,0.0018757532816380262,0,0.00899916235357523,0
2165,0.005906237289309502,0,0.03254944086074829,0
2166,0.006292850710451603,0,0.003187771886587143,0
2167,0.005497673526406288,0,0.0058434586971998215,0
2168,0.003682339796796441,0,0.018233412876725197,0
2169,0.005641873925924301,0,0.01050771214067936,0
2170,0.0055212052538990974,0,0.0024893602821975946,0
2171,0.013576075434684753,0,0.007565872278064489,0
2172,0.03914547711610794,0,0.009709920734167099,0
2173,0.006403098814189434,0,0.016961758956313133,0
2174,0.0040607876144349575,0,0.00888446718454361,0
2175,0.008546625263988972,0,0.003424264257773757,0
2176,0.029432397335767746,0,0.0033719444181770086,0
2177,0.0063173482194542885,0,0.00578122166916728,0
2178,0.002378483535721898,0,0.008211529813706875,0
2179,0.005828936118632555,0,0.013604259118437767,1
2180,0.011151431128382683,0,0.03532334789633751,0
2181,0.003394588828086853,0,0.006351702380925417,0
2182,0.008423437364399433,0,0.0516984723508358,0
2183,0.0042427354492247105,0,0.017872510477900505,0
2184,0.00757707329466939,0,0.004298455081880093,0
2185,0.009359758347272873,0,0.07228029519319534,0
2186,0.00814980547875166,0,0.005277247168123722,0
2187,0.019280120730400085,0,0.056331828236579895,1
2188,0.007515477482229471,0,0.005567189306020737,0
2189,0.004335697274655104,0,0.017272820696234703,0
2190,0.07698681950569153,0,0.008261309005320072,0
2191,0.0061288923025131226,0,0.006269540172070265,0
2192,0.0064232745207846165,0,0.7954312562942505,1
2193,0.006312706973403692,0,0.007699045352637768,0
2194,0.005092553328722715,0,0.0030988098587840796,0
2195,0.007621729746460915,0,0.015285604633390903,0
2196,0.05009462684392929,0,0.0038346033543348312,0
2197,0.00417176540941,0,0.0042985836043953896,1
2198,0.09048932790756226,0,0.3619561493396759,0
2199,0.0038646061439067125,0,0.03721257299184799,0
2200,0.00361457047984004,0,0.002863815054297447,0
2201,0.013636854477226734,0,0.0036161679308861494,0
2202,0.03251360356807709,0,0.009610096924006939,0
2203,0.00749991787597537,0,0.005817375145852566,0
2204,0.005551815032958984,0,0.010082102380692959,0
2205,0.0377080962061882,0,0.0028709222096949816,0
2206,0.006155634764581919,0,0.006488140672445297,0
2207,0.02382691390812397,0,0.007421508897095919,0
2208,0.012552016414701939,0,0.019317718222737312,0
2209,0.017012009397149086,0,0.005792549811303616,0
2210,0.0060529704205691814,0,0.13502000272274017,0
2211,0.01696232333779335,0,0.004548641387373209,0
2212,0.005952369421720505,0,0.004477944225072861,0
2213,0.010355507954955101,0,0.02335936762392521,0
2214,0.0025230736937373877,0,0.0048667131923139095,0
2215,0.005609911400824785,0,0.0033587501384317875,0
2216,0.004597456194460392,0,0.007290184963494539,0
2217,0.009730887599289417,0,0.004281201399862766,0
2218,0.005005881655961275,0,0.005438666325062513,0
2219,0.00714753195643425,0,0.0023577059619128704,0
2220,0.003209224669262767,0,0.022218232974410057,0
2221,0.003809991991147399,0,0.00459711579605937,0
2222,0.013868238776922226,0,0.5724778771400452,1
2223,0.007354625500738621,0,0.030345074832439423,1
2224,0.003883268218487501,0,0.004060189705342054,0
2225,0.008854993619024754,0,0.0037065872456878424,0
2226,0.006552403327077627,0,0.002772687003016472,0
2227,0.021475981920957565,0,0.004270545206964016,0
2228,0.019108032807707787,0,0.004964315332472324,0
2229,0.03931593894958496,0,0.004793783649802208,0
2230,0.009136202745139599,0,0.012521568685770035,0
2231,0.0077361236326396465,0,0.007887318730354309,0
2232,0.006113850511610508,0,0.004632336087524891,0
2233,0.005812319461256266,0,0.010272610932588577,0
2234,0.0024394975043833256,0,0.009120211005210876,0
2235,0.00650910334661603,0,0.007464397698640823,0
2236,0.009823481552302837,0,0.0025888902600854635,0
2237,0.006569279357790947,0,0.008225856348872185,0
2238,0.004594825208187103,0,0.005567569751292467,0
2239,0.007546748500317335,0,0.01276080310344696,0
2240,0.02112516760826111,0,0.009383055381476879,0
2241,0.00506298802793026,0,0.0025663685519248247,0
2242,0.010749285109341145,0,0.003465446876361966,0
2243,0.010062490589916706,0,0.0062715038657188416,0
2244,0.00527369137853384,0,0.004159764386713505,0
2245,0.009026031009852886,0,0.004426616709679365,0
2246,0.0045437319204211235,0,0.006889781448990107,0
2247,0.017138216644525528,0,0.007301823701709509,0
2248,0.006017883308231831,0,0.004842524882405996,0
2249,0.006417546886950731,0,0.007568475790321827,0
2250,0.018741145730018616,0,0.058951154351234436,0
2251,0.004839598201215267,0,0.0068606906570494175,0
2252,0.003318421309813857,0,0.0050049456767737865,0
2253,0.005962148308753967,0,0.003111755708232522,0
2254,0.012779475189745426,0,0.011346139013767242,0
2255,0.0036833127960562706,0,0.01957644894719124,0
2256,0.006963280960917473,0,0.029228439554572105,0
2257,0.006087487563490868,0,0.0074188015423715115,0
2258,0.004174916539341211,0,0.0073252227157354355,0
2259,0.006006795447319746,0,0.008045238442718983,0
2260,0.00774375582113862,0,0.0026917639188468456,0
2261,0.0026165719609707594,1,0.00734450900927186,0
2262,0.004633206874132156,0,0.005301190540194511,0
2263,0.005344016011804342,0,0.004526207689195871,0
2264,0.006935388781130314,0,0.002581740263849497,0
2265,0.004649205598980188,0,0.04114053025841713,0
2266,0.005083110649138689,0,0.00531422346830368,0
2267,0.006387736648321152,0,0.004903234541416168,0
2268,0.004521403927356005,0,0.006451185327023268,0
2269,0.007486020680516958,0,0.006500785704702139,0
2270,0.011660454794764519,0,0.003735920647159219,0
2271,0.005606358405202627,0,0.046333011239767075,0
2272,0.014778198674321175,0,0.005895434878766537,0
2273,0.0056151594035327435,0,0.01635870151221752,0
2274,0.0023869641590863466,0,0.005069720093160868,0
2275,0.002877027727663517,0,0.025081973522901535,0
2276,0.0020596226677298546,0,0.0077117253094911575,0
2277,0.010738631710410118,0,0.003478779224678874,0
2278,0.0031591046135872602,0,0.006527612451463938,0
2279,0.002030510688200593,0,0.006628890056163073,0
2280,0.0056166453287005424,0,0.005054144188761711,0
2281,0.008111159317195415,0,0.020182522013783455,0
2282,0.00598045764490962,0,0.051621999591588974,0
2283,0.007424597162753344,1,0.003678860142827034,0
2284,0.17196021974086761,0,0.0027019265107810497,0
2285,0.064116470515728,1,0.014081522822380066,0
2286,0.6909374594688416,1,0.00442040478810668,0
2287,0.005496122408658266,0,0.004993923008441925,0
2288,0.005639413371682167,0,0.008562280796468258,0
2289,0.005176119040697813,0,0.004371060058474541,0
2290,0.015419636853039265,0,0.006073545664548874,0
2291,0.03146970272064209,0,0.0052152895368635654,0
2292,0.0040088556706905365,1,0.0030502150766551495,0
2293,0.003535190597176552,0,0.0035261784214526415,0
2294,0.004642447456717491,0,0.005898000672459602,0
2295,0.005595298018306494,0,0.006592809222638607,0
2296,0.004074736963957548,0,0.005932674277573824,0
2297,0.005949876271188259,0,0.008972499519586563,0
2298,0.005112887360155582,0,0.0027858219109475613,0
2299,0.005513479467481375,0,0.003812231821939349,0
2300,0.006481755990535021,0,0.005693965125828981,0
2301,0.0051072463393211365,0,0.0052681537345051765,0
2302,0.027345765382051468,0,0.004345116671174765,0
2303,0.008581817150115967,0,0.005752814933657646,0
2304,0.00446115480735898,0,0.004448446910828352,0
2305,0.007173339370638132,0,0.012073368765413761,0
2306,0.014063806273043156,0,0.0037001040764153004,0
2307,0.0029639543499797583,0,0.21421565115451813,0
2308,0.005260682664811611,0,0.03112165629863739,0
2309,0.00796367134898901,0,0.00355526152998209,0
2310,0.0025846161879599094,0,0.004440271761268377,0
2311,0.006722559221088886,0,0.0037911313120275736,0
2312,0.003619531635195017,0,0.010303553193807602,0
2313,0.0031794989481568336,0,0.009133604355156422,0
2314,0.006185595877468586,0,0.09212600439786911,0
2315,0.0067888484336435795,0,0.008426317945122719,0
2316,0.006087008863687515,0,0.0044931406155228615,0
2317,0.03325147181749344,0,0.005045040510594845,0
2318,0.021129801869392395,0,0.03013700619339943,0
2319,0.006232301238924265,0,0.03346448391675949,0
2320,0.05627652257680893,0,0.008280920796096325,0
2321,0.01209249347448349,0,0.2360146939754486,1
2322,0.0031501916237175465,0,0.00659773638471961,0
2323,0.006411310750991106,0,0.014825289137661457,0
2324,0.00629004230722785,0,0.004509058315306902,0
2325,0.006921531166881323,0,0.010187620297074318,0
2326,0.004725475329905748,0,0.0039429510943591595,0
2327,0.006089346017688513,0,0.0067695071920752525,0
2328,0.007951482199132442,0,0.009648180566728115,0
2329,0.0032248133793473244,0,0.003387334058061242,0
2330,0.009118021465837955,0,0.006106116343289614,0
2331,0.02582711912691593,0,0.6041646599769592,0
2332,0.014734004624187946,0,0.006006598938256502,0
2333,0.38461992144584656,1,0.003646889701485634,0
2334,0.6493601202964783,1,0.007068040315061808,0
2335,0.0045141917653381824,0,0.003970065154135227,0
2336,0.011463954113423824,0,0.013783724047243595,0
2337,0.006413306575268507,0,0.004406940657645464,0
2338,0.012252089567482471,0,0.006957006175071001,0
2339,0.007620590273290873,0,0.003961368929594755,1
2340,0.010633952915668488,0,0.09581457823514938,0
2341,0.006672426126897335,0,0.0041828458197414875,0
2342,0.17157454788684845,0,0.005636974703520536,0
2343,0.6346151828765869,0,0.0045771109871566296,0
2344,0.015583383850753307,0,0.018687712028622627,0
2345,0.004814358428120613,0,0.0038019849453121424,0
2346,0.007266412489116192,0,0.002498073736205697,0
2347,0.005543336272239685,0,0.007035334128886461,0
2348,0.007048560306429863,0,0.0033126368653029203,0
2349,0.008446629159152508,0,0.004413586109876633,0
2350,0.005556610878556967,0,0.007450227625668049,0
2351,0.02158822864294052,0,0.0052458238787949085,0
2352,0.010156413540244102,0,0.37880560755729675,1
2353,0.0026180583517998457,0,0.040921833366155624,0
2354,0.004195225890725851,0,0.0057356092147529125,0
2355,0.0075979409739375114,0,0.002836245112121105,0
2356,0.0030303176026791334,0,0.019731838256120682,0
2357,0.010966065339744091,0,0.007682393305003643,0
2358,0.005809958558529615,0,0.00700679374858737,0
2359,0.008142191916704178,0,0.0026367087848484516,0
2360,0.0053521255031228065,0,0.010782538913190365,0
2361,0.004536947701126337,0,0.003925382625311613,0
2362,0.014944776892662048,0,0.0030785980634391308,0
2363,0.004078494384884834,0,0.011039616540074348,0
2364,0.007093432359397411,0,0.005009521264582872,0
2365,0.004152180161327124,0,0.019037675112485886,0
2366,0.5510525703430176,0,0.12044760584831238,0
2367,0.004579740576446056,0,0.011033804155886173,0
2368,0.0034845981281250715,0,0.0062681143172085285,0
2369,0.0038188453763723373,0,0.008350315503776073,0
2370,0.012346741743385792,0,0.007357988506555557,0
2371,0.005245286505669355,0,0.0026916794013231993,0
2372,0.004016371443867683,0,0.022007018327713013,0
2373,0.00267557124607265,0,0.03746085986495018,0
2374,0.008304606191813946,0,0.06049031391739845,0
2375,0.007303040940314531,0,0.007304271683096886,0
2376,0.0031270254403352737,0,0.005493368022143841,0
2377,0.00338663044385612,0,0.005291338544338942,0
2378,0.0084792235866189,0,0.03283905237913132,0
2379,0.004523043986409903,0,0.006738562136888504,0
2380,0.0029232383240014315,0,0.003689587814733386,0
2381,0.021038146689534187,0,0.0013956869952380657,0
2382,0.007138194516301155,0,0.007346372585743666,0
2383,0.008839075453579426,0,0.007284124847501516,0
2384,0.009742574766278267,0,0.04977583885192871,0
2385,0.006398756522685289,0,0.0035485816188156605,0
2386,0.005216237157583237,0,0.0036867300514131784,0
2387,0.007445189636200666,0,0.04018639400601387,0
2388,0.006043453235179186,0,0.003458162536844611,0
2389,0.0035984874702990055,0,0.0047732628881931305,0
2390,0.0073473635129630566,0,0.003615666413679719,0
2391,0.007571305148303509,0,0.006236836314201355,0
2392,0.006698816083371639,0,0.03189609572291374,0
2393,0.0054542385041713715,0,0.0032871062867343426,0
2394,0.00589388981461525,0,0.005170823074877262,0
2395,0.011925147846341133,0,0.005834996234625578,0
2396,0.002235120628029108,0,0.007615780457854271,0
2397,0.002894227160140872,0,0.0059434156864881516,0
2398,0.523176908493042,0,0.007120794616639614,0
2399,0.0034574083983898163,0,0.006360134109854698,0
2400,0.00300582149066031,0,0.0029172806534916162,0
2401,0.001985386246815324,0,0.005708166863769293,0
2402,0.05007803067564964,0,0.012775854207575321,0
2403,0.008368157781660557,0,0.00835984107106924,0
2404,0.02348605915904045,0,0.007302944082766771,0
2405,0.0052961315959692,0,0.006500527262687683,0
2406,0.006299156695604324,0,0.004626853857189417,0
2407,0.010648567229509354,0,0.009811781346797943,0
2408,0.019403858110308647,0,0.003090589540079236,0
2409,0.008022995665669441,0,0.008331289514899254,0
2410,0.014793021604418755,0,0.0051828171126544476,0
2411,0.011820904910564423,0,0.006060885265469551,0
2412,0.002448451239615679,0,0.007704599294811487,0
2413,0.0039488282054662704,0,0.006004492286592722,0
2414,0.0027931903023272753,0,0.0037403814494609833,0
2415,0.014827092178165913,0,0.013624429702758789,0
2416,0.02924598567187786,0,0.005531255155801773,0
2417,0.037601713091135025,0,0.0035903684329241514,0
2418,0.005895577371120453,0,0.04115089401602745,0
2419,0.004640469327569008,0,0.013164049945771694,0
2420,0.010887718759477139,0,0.005958644673228264,0
2421,0.03248467296361923,0,0.009501195512712002,0
2422,0.8841916918754578,1,0.004276718012988567,0
2423,0.006963313557207584,0,0.006223332602530718,0
2424,0.005705514922738075,0,0.0033676940947771072,0
2425,0.004902757704257965,0,0.007117273285984993,0
2426,0.0865265503525734,0,0.003743814304471016,0
2427,0.0027765724807977676,0,0.1850803792476654,0
2428,0.010640280321240425,0,0.006114354357123375,0
2429,0.01038143876940012,0,0.005489313509315252,0
2430,0.0030146613717079163,0,0.002543741138651967,0
2431,0.009444592520594597,0,0.0029814422596246004,0
2432,0.0030585378408432007,0,0.0194830521941185,0
2433,0.006216739304363728,0,0.39170074462890625,0
2434,0.03798601031303406,0,0.01866920106112957,0
2435,0.00602643471211195,0,0.002708969172090292,0
2436,0.003822752507403493,0,0.007665527053177357,0
2437,0.004534202627837658,0,0.011234031990170479,0
2438,0.0029328190721571445,0,0.004708117805421352,0
2439,0.004430594388395548,0,0.0049617295153439045,0
2440,0.007450413890182972,0,0.0059207770973443985,0
2441,0.005385731812566519,0,0.007437174208462238,0
2442,0.017402559518814087,0,0.00518360361456871,0
2443,0.0036381951067596674,0,0.003371921833604574,0
2444,0.0023427689447999,0,0.002858266234397888,0
2445,0.0033336130436509848,0,0.007780374493449926,0
2446,0.015532874502241611,0,0.0117927435785532,0
2447,0.005130602512508631,0,0.005700215697288513,0
2448,0.011094889603555202,0,0.004541927482932806,0
2449,0.009051674976944923,0,0.004070236347615719,0
2450,0.004586135968565941,0,0.006075261626392603,0
2451,0.15531711280345917,0,0.006391284987330437,0
2452,0.009222854860126972,0,0.033810537308454514,0
2453,0.00472068740054965,0,0.007588475942611694,0
2454,0.010893410071730614,0,0.004855127073824406,0
2455,0.007174921687692404,0,0.004303212743252516,0
2456,0.0059278374537825584,0,0.01454191841185093,0
2457,0.005511837545782328,0,0.007716137915849686,0
2458,0.005125545430928469,0,0.017529428005218506,0
2459,0.005894261412322521,0,0.0046222396194934845,0
2460,0.006881528068333864,0,0.005909373983740807,0
2461,0.004885134752839804,0,0.0759562999010086,0
2462,0.0075707221403717995,0,0.0051580737344920635,0
2463,0.0028053508140146732,0,0.012213141657412052,0
2464,0.008191406726837158,0,0.010521761141717434,0
2465,0.004919178783893585,0,0.002637852681800723,0
2466,0.1817263662815094,1,0.34001439809799194,0
2467,0.06802266091108322,0,0.01671825908124447,0
2468,0.0032852976582944393,0,0.3622262477874756,1
2469,0.01411517895758152,0,0.007349909748882055,0
2470,0.05053713545203209,1,0.006136247888207436,0
2471,0.00446105282753706,0,0.007586638443171978,0
2472,0.005492711439728737,0,0.004501876886934042,0
2473,0.01538433413952589,0,0.03156236931681633,0
2474,0.003185001900419593,0,0.002765002893283963,0
2475,0.007762140594422817,0,0.006823770701885223,0
2476,0.005155593156814575,0,0.02072559855878353,0
2477,0.010942569002509117,0,0.7386518716812134,0
2478,0.0022131663281470537,0,0.006447015330195427,0
2479,0.07515209168195724,0,0.008353822864592075,0
2480,0.004843747243285179,0,0.008391953073441982,0
2481,0.004020629450678825,0,0.02284090220928192,0
2482,0.003284665523096919,0,0.006274765357375145,0
2483,0.005551825277507305,0,0.022817416116595268,0
2484,0.004529549740254879,0,0.014209255576133728,0
2485,0.006591266952455044,0,0.007566817104816437,1
2486,0.02028973586857319,0,0.005917864851653576,0
2487,0.007980169728398323,0,0.007571667432785034,0
2488,0.0035249891225248575,1,0.015005505643785,0
2489,0.003801450366154313,0,0.1384315937757492,0
2490,0.004600894171744585,0,0.45142820477485657,1
2491,0.7235773205757141,1,0.007237548474222422,0
2492,0.0046597677282989025,0,0.005861555226147175,0
2493,0.003983926959335804,0,0.0031418323051184416,0
2494,0.006895794067531824,0,0.01042890828102827,1
2495,0.02301732823252678,0,0.12933702766895294,0
2496,0.01116801705211401,0,0.0020851672161370516,0
2497,0.005310285836458206,0,0.003080143826082349,0
2498,0.05559881776571274,0,0.006237489636987448,0
2499,0.005981339141726494,0,0.007834035903215408,0
2500,0.00496398750692606,0,0.008031417615711689,0
2501,0.008481381461024284,0,0.005448657087981701,0
2502,0.0072807190008461475,0,0.009136254899203777,0
2503,0.003414193168282509,0,0.0037993777077645063,0
2504,0.0053695570677518845,0,0.009322617202997208,0
2505,0.013353602029383183,0,0.0033488553017377853,0
2506,0.007774916477501392,0,0.0019540844950824976,0
2507,0.05806509777903557,0,0.005189838353544474,0
2508,0.004766896832734346,0,0.0038675039540976286,0
2509,0.0021859018597751856,1,0.014181382954120636,0
2510,0.017785003408789635,0,0.004135623574256897,0
2511,0.0037114291917532682,0,0.010184611193835735,0
2512,0.007631238549947739,0,0.0062556639313697815,0
2513,0.005274286959320307,0,0.012104365043342113,0
2514,0.003386416705325246,0,0.004867819137871265,1
2515,0.38443928956985474,0,0.004460375756025314,0
2516,0.0036330081056803465,0,0.004191436804831028,0
2517,0.012153254821896553,0,0.007359137758612633,0
2518,0.005183210130780935,0,0.008239923045039177,0
2519,0.0035178191028535366,0,0.003804911859333515,0
2520,0.005726482253521681,0,0.004903269466012716,0
2521,0.009307206608355045,0,0.6984354853630066,1
2522,0.0038840833585709333,0,0.004072243347764015,0
2523,0.0067333742044866085,0,0.028656842187047005,0
2524,0.005145041272044182,0,0.005347149912267923,0
2525,0.0037474886048585176,0,0.003152189776301384,0
2526,0.004899713676422834,0,0.00730934226885438,0
2527,0.05242481455206871,0,0.003606185782700777,0
2528,0.16352784633636475,0,0.0022565156687051058,0
2529,0.0036683673970401287,0,0.011471759527921677,0
2530,0.003650396130979061,0,0.005146447103470564,0
2531,0.009809507057070732,0,0.03178853541612625,0
2532,0.0022025764919817448,0,0.005315741524100304,0
2533,0.01003639493137598,0,0.005172670818865299,0
2534,0.005316757597029209,0,0.007659620139747858,0
2535,0.008612396195530891,0,0.005939016118645668,1
2536,0.7520939111709595,1,0.009766987524926662,0
2537,0.007140912115573883,0,0.0042945160530507565,0
2538,0.009707619436085224,0,0.004182744305580854,0
2539,0.005547422915697098,0,0.0061325738206505775,0
2540,0.010604269802570343,0,0.005815058946609497,0
2541,0.007555142045021057,0,0.001847829669713974,0
2542,0.01230253092944622,0,0.005817151628434658,0
2543,0.005723808892071247,0,0.006206495687365532,0
2544,0.0056929150596261024,0,0.007472828030586243,0
2545,0.004605073947459459,0,0.011946399696171284,0
2546,0.003215588629245758,0,0.03994884341955185,0
2547,0.0074745225720107555,0,0.004715622402727604,0
2548,0.05327921733260155,0,0.00585388857871294,0
2549,0.031893134117126465,0,0.003937424626201391,0
2550,0.004036346450448036,0,0.008026168681681156,0
2551,0.16479413211345673,0,0.1844019740819931,0
2552,0.00978253223001957,0,0.01161830872297287,0
2553,0.005339764524251223,0,0.0035973109770566225,0
2554,0.012431146577000618,0,0.003272600006312132,0
2555,0.003972175531089306,0,0.003593058092519641,0
2556,0.004224881995469332,0,0.004250054247677326,0
2557,0.0032762945629656315,0,0.01394867803901434,0
2558,0.01814701408147812,0,0.0237874835729599,0
2559,0.005316634196788073,0,0.004613527562469244,0
2560,0.0023732460103929043,0,0.006714069750159979,0
2561,0.011078584007918835,0,0.00671403156593442,0
2562,0.008652390912175179,0,0.008677827194333076,0
2563,0.005511254537850618,0,0.005733480677008629,0
2564,0.13318896293640137,0,0.008501341566443443,0
2565,0.008161029778420925,0,0.002463371492922306,0
2566,0.004207417368888855,0,0.0056811426766216755,0
2567,0.01085143256932497,0,0.011753476224839687,0
2568,0.006012545898556709,0,0.0070037320256233215,0
2569,0.003732417244464159,0,0.5390289425849915,1
2570,0.006746848579496145,0,0.00812482088804245,0
2571,0.008633862249553204,0,0.005202325060963631,0
2572,0.004602145869284868,0,0.005379158537834883,0
2573,0.007151312194764614,0,0.014340945519506931,0
2574,0.00874795950949192,0,0.01105433888733387,0
2575,0.0029345203656703234,0,0.006810178980231285,0
2576,0.008492395281791687,0,0.007265978958457708,0
2577,0.512204647064209,1,0.00463512260466814,0
2578,0.005615148693323135,0,0.007140131667256355,0
2579,0.017939232289791107,0,0.0031608291901648045,0
2580,0.015557919628918171,0,0.004496947396546602,0
2581,0.014566423371434212,0,0.0034750800114125013,0
2582,0.11679675430059433,0,0.0019682690035551786,0
2583,0.5950002074241638,1,0.006864362861961126,0
2584,0.0029656558763235807,0,0.0037082270719110966,0
2585,0.009842214174568653,0,0.005487077869474888,0
2586,0.002596472389996052,0,0.008401898667216301,0
2587,0.0038327204529196024,0,0.015040700323879719,0
2588,0.01078298594802618,0,0.020024092867970467,0
2589,0.00985400564968586,0,0.004690066911280155,1
2590,0.005311114247888327,0,0.0071486253291368484,0
2591,0.014436062425374985,0,0.003666884731501341,0
2592,0.7998085618019104,1,0.004104230552911758,0
2593,0.026700161397457123,0,0.05374933406710625,0
2594,0.006435955874621868,0,0.0029868618585169315,0
2595,0.007406129967421293,0,0.006836388725787401,0
2596,0.2931802570819855,0,0.0128608588129282,0
2597,0.21069438755512238,0,0.008994456380605698,0
2598,0.0028175613842904568,0,0.009323356673121452,0
2599,0.024756284430623055,0,0.0027140676975250244,0
2600,0.0038583811838179827,0,0.008685559034347534,0
2601,0.682185173034668,1,0.010500767268240452,0
2602,0.002919053891673684,0,0.004593865945935249,0
2603,0.006880876608192921,0,0.003192489268258214,0
2604,0.010992721654474735,0,0.002871826058253646,0
2605,0.005288377869874239,0,0.006864148657768965,0
2606,0.08946274220943451,0,0.008512578904628754,1
2607,0.006554551888257265,0,0.013251996599137783,0
2608,0.004281061235815287,0,0.04515103995800018,0
2609,0.013304018415510654,0,0.01087208278477192,0
2610,0.006560615263879299,0,0.04280829057097435,0
2611,0.007622263394296169,0,0.01003219373524189,0
2612,0.010257476009428501,0,0.03858376294374466,0
2613,0.005392545834183693,0,0.006640203297138214,0
2614,0.00670299306511879,1,0.002463665558025241,0
2615,0.008894398808479309,0,0.005144250113517046,0
2616,0.04255872592329979,0,0.004346765112131834,0
2617,0.011478222906589508,0,0.1411743313074112,0
2618,0.005062704440206289,0,0.005818941630423069,0
2619,0.010526776313781738,0,0.004331895150244236,0
2620,0.007290613371878862,0,0.005440196022391319,0
2621,0.006686158943921328,0,0.005408151540905237,0
2622,0.03460756689310074,0,0.00895081739872694,0
2623,0.007795725017786026,0,0.008192367851734161,0
2624,0.008109448477625847,0,0.0029485365375876427,0
2625,0.003870801068842411,0,0.014436538331210613,0
2626,0.6552533507347107,1,0.4900936782360077,1
2627,0.004546808544546366,0,0.09830765426158905,0
2628,0.1503649353981018,0,0.028119582682847977,0
2629,0.00780625781044364,0,0.048483122140169144,0
2630,0.007546841166913509,0,0.003724296111613512,0
2631,0.02904510125517845,0,0.003254947252571583,0
2632,0.0036793078761547804,0,0.004995020106434822,0
2633,0.002628084272146225,0,0.022836927324533463,0
2634,0.004802390467375517,0,0.006376212928444147,0
2635,0.009770524688065052,0,0.02916894666850567,0
2636,0.012357592582702637,0,0.004862663801759481,0
2637,0.005052710417658091,0,0.010143516585230827,0
2638,0.0029410880524665117,0,0.023809321224689484,0
2639,0.01992008276283741,0,0.005064885597676039,0
2640,0.08680784702301025,0,0.006779803428798914,0
2641,0.012367075309157372,0,0.0065009864047169685,0
2642,0.006335321348160505,0,0.0037570821586996317,0
2643,0.011743797920644283,0,0.01911821775138378,0
2644,0.00991177000105381,0,0.007082096301019192,0
2645,0.006772640161216259,0,0.0029266078490763903,0
2646,0.00867571122944355,0,0.0038034045137465,0
2647,0.007285997271537781,0,0.019118715077638626,0
2648,0.003361285896971822,0,0.008984566666185856,0
2649,0.004938041791319847,0,0.5345438718795776,0
2650,0.004244115203619003,0,0.07908213883638382,0
2651,0.007731563877314329,0,0.005546384025365114,0
2652,0.005835117772221565,0,0.004461171571165323,0
2653,0.005974091589450836,0,0.006643708795309067,0
2654,0.006458044983446598,0,0.002639654790982604,0
2655,0.0045930370688438416,0,0.006403560284525156,0
2656,0.006558831315487623,0,0.17043781280517578,0
2657,0.00695785554125905,0,0.005545760504901409,0
2658,0.0056253233924508095,0,0.008403463289141655,0
2659,0.0037516390439122915,0,0.0035989866591989994,0
2660,0.0049829622730612755,0,0.005930127575993538,0
2661,0.008265865035355091,0,0.00834216270595789,0
2662,0.046882856637239456,0,0.004695242736488581,0
2663,0.028838245198130608,0,0.0050700451247394085,0
2664,0.006448655854910612,0,0.004015953745692968,0
2665,0.008352053351700306,0,0.0027338762301951647,0
2666,0.005406836047768593,0,0.06961488723754883,0
2667,0.005971036851406097,0,0.009255054406821728,0
2668,0.007054764311760664,0,0.004910904448479414,0
2669,0.011339496821165085,0,0.005955050699412823,0
2670,0.028759930282831192,0,0.04918529465794563,0
2671,0.01765579730272293,0,0.006562265567481518,0
2672,0.02598641626536846,0,0.003917225170880556,0
2673,0.010339276865124702,0,0.013959018513560295,0
2674,0.005162972491234541,0,0.00709913345053792,0
2675,0.003213417250663042,0,0.017956234514713287,0
2676,0.002550678327679634,0,0.005623755045235157,0
2677,0.006974969990551472,0,0.7078095078468323,0
2678,0.007895883172750473,0,0.008561268448829651,0
2679,0.33469218015670776,0,0.014034940861165524,0
2680,0.007373949512839317,0,0.018214721232652664,0
2681,0.007561956532299519,0,0.02664782479405403,0
2682,0.0034339595586061478,0,0.003272145753726363,0
2683,0.012145711109042168,0,0.0033116748090833426,0
2684,0.012995732948184013,0,0.05466208606958389,0
2685,0.022428646683692932,0,0.008816641755402088,0
2686,0.004456667695194483,0,0.011312196962535381,0
2687,0.004744033329188824,0,0.01021457277238369,0
2688,0.004376818425953388,0,0.006548682693392038,0
2689,0.0026660566218197346,0,0.0037142604123800993,0
2690,0.010980136692523956,0,0.0027671721763908863,1
2691,0.30650320649147034,1,0.003365029115229845,0
2692,0.009782209061086178,0,0.01919681206345558,0
2693,0.009420008398592472,0,0.003629086771979928,0
2694,0.002751006744801998,0,0.0036349743604660034,0
2695,0.002423336962237954,0,0.006070541683584452,0
2696,0.05975771322846413,0,0.01056148111820221,0
2697,0.00809280015528202,0,0.003269950393587351,0
2698,0.01838797517120838,0,0.016569260507822037,0
2699,0.0075586214661598206,0,0.006001064088195562,0
2700,0.009561439976096153,0,0.030904924497008324,0
2701,0.05041338503360748,0,0.2604207694530487,0
2702,0.022857286036014557,0,0.015973055735230446,0
2703,0.007915453985333443,0,0.007517074700444937,0
2704,0.006378666963428259,0,0.00904872827231884,0
2705,0.003836224786937237,0,0.0038340019527822733,0
2706,0.005446210503578186,0,0.17427228391170502,0
2707,0.005519788712263107,0,0.011949128471314907,0
2708,0.005396614316850901,0,0.0248175747692585,0
2709,0.006164794787764549,0,0.004581342916935682,0
2710,0.011146867647767067,0,0.0024630012921988964,0
2711,0.009908882901072502,0,0.00472149858251214,0
2712,0.09134566783905029,0,0.006277893669903278,0
2713,0.003480047220364213,0,0.008296520449221134,0
2714,0.7520498633384705,1,0.011044631712138653,0
2715,0.004305444657802582,1,0.006143953185528517,0
2716,0.007072180975228548,0,0.003545805811882019,0
2717,0.022559335455298424,1,0.005651839077472687,0
2718,0.006719827651977539,0,0.004982853773981333,0
2719,0.0045813145115971565,0,0.016259489580988884,0
2720,0.003579528536647558,0,0.010056687518954277,0
2721,0.009476089850068092,0,0.005133526399731636,0
2722,0.032027680426836014,0,0.006799170281738043,0
2723,0.003558751428499818,0,0.007309615146368742,0
2724,0.00345616159029305,0,0.004251059144735336,0
2725,0.0034949055407196283,0,0.005648929625749588,0
2726,0.006335664074867964,0,0.022747669368982315,0
2727,0.006907650735229254,0,0.003015058347955346,0
2728,0.006738395895808935,0,0.014099527150392532,0
2729,0.005598500836640596,0,0.004660351201891899,0
2730,0.01228961069136858,1,0.010740243829786777,0
2731,0.033621229231357574,0,0.004561681766062975,0
2732,0.005887860897928476,0,0.004211628343909979,0
2733,0.0033038805704563856,0,0.006248328369110823,0
2734,0.004897839855402708,0,0.004663666244596243,0
2735,0.0025372151285409927,0,0.0038120721001178026,0
2736,0.003656792687252164,0,0.004481882322579622,0
2737,0.008526656776666641,0,0.009203463792800903,0
2738,0.0029251682572066784,0,0.0084462221711874,0
2739,0.024785934016108513,0,0.06310364603996277,0
2740,0.004987278953194618,0,0.004476477392017841,0
2741,0.020620493218302727,0,0.004347640555351973,0
2742,0.2231016755104065,0,0.009479809552431107,0
2743,0.005777668207883835,0,0.01828121952712536,0
2744,0.002240654779598117,0,0.0059331306256353855,0
2745,0.006259913090616465,0,0.0070414491929113865,0
2746,0.0033557824790477753,0,0.0037741169799119234,0
2747,0.011903978884220123,0,0.0025116486940532923,0
2748,0.003175327554345131,0,0.0029270811937749386,0
2749,0.006410317029803991,0,0.005808008369058371,0
2750,0.006046874448657036,0,0.0019496054155752063,0
2751,0.006878362037241459,0,0.18380294740200043,0
2752,0.0035944718401879072,0,0.013773285783827305,0
2753,0.003243096871301532,0,0.0036734461318701506,0
2754,0.019564390182495117,0,0.006566622294485569,0
2755,0.0026216479018330574,0,0.053709402680397034,0
2756,0.005711615551263094,0,0.007443397305905819,0
2757,0.004706426523625851,0,0.009662643074989319,0
2758,0.003360915230587125,0,0.00339332758449018,0
2759,0.010229798965156078,0,0.0033283717930316925,0
2760,0.0034273082856088877,0,0.008972317911684513,0
2761,0.0029122764244675636,0,0.004031457006931305,0
2762,0.3020876944065094,0,0.008804955519735813,0
2763,0.006946695502847433,0,0.005259078461676836,0
2764,0.006202785298228264,0,0.012548612430691719,0
2765,0.005127668380737305,0,0.010067873634397984,0
2766,0.001887240563519299,0,0.0068344236351549625,0
2767,0.005791769828647375,0,0.007183561567217112,0
2768,0.005457201506942511,0,0.0043632229790091515,0
2769,0.036141570657491684,0,0.0069250981323421,0
2770,0.015686117112636566,0,0.028609218075871468,0
2771,0.005123841110616922,0,0.007639425806701183,0
2772,0.0035565304569900036,0,0.011921417899429798,0
2773,0.006446267012506723,0,0.0033037359826266766,0
2774,0.006016759667545557,0,0.05953539162874222,0
2775,0.008157521486282349,0,0.0087460121139884,0
2776,0.008098148740828037,0,0.006525781936943531,0
2777,0.007078888360410929,0,0.0059694149531424046,0
2778,0.01106517668813467,0,0.5987541675567627,1
2779,0.008531894534826279,0,0.006373950745910406,0
2780,0.008449009619653225,0,0.011326578445732594,0
2781,0.005033681634813547,0,0.00604614894837141,0
2782,0.00408484460785985,0,0.0023904924746602774,0
2783,0.0043020099401474,0,0.011573986150324345,0
2784,0.011181873269379139,0,0.004829357378184795,0
2785,0.006836689542979002,0,0.005586774088442326,0
2786,0.0023263697512447834,0,0.007945218123495579,0
2787,0.02461334690451622,0,0.009484745562076569,0
2788,0.007139316760003567,0,0.003334654262289405,0
2789,0.002680686069652438,0,0.06935141235589981,0
2790,0.010029669851064682,0,0.004005704075098038,0
2791,0.022696323692798615,0,0.0018934276886284351,0
2792,0.0029395432211458683,0,0.004090842790901661,0
2793,0.007103177718818188,0,0.007330029737204313,0
2794,0.008415786549448967,0,0.002601019572466612,0
2795,0.010086681693792343,0,0.008019224740564823,0
2796,0.006967165973037481,0,0.0028551204595714808,0
2797,0.019968820735812187,0,0.0030611837282776833,0
2798,0.005103223491460085,0,0.004184615798294544,0
2799,0.01841801032423973,0,0.0025337468832731247,0
2800,0.006277328357100487,0,0.008743656799197197,0
2801,0.0018749741138890386,0,0.034976132214069366,0
2802,0.04145534709095955,0,0.007781923748552799,0
2803,0.005913577042520046,0,0.005254076793789864,0
2804,0.023933907970786095,0,0.03426020219922066,0
2805,0.004162998870015144,0,0.007880295626819134,0
2806,0.00598864397034049,0,0.33243513107299805,0
2807,0.010986849665641785,0,0.07311177253723145,1
2808,0.009349241852760315,0,0.007011513691395521,0
2809,0.004963377956300974,0,0.005484668537974358,0
2810,0.0033640617039054632,0,0.00650137709453702,0
2811,0.008360263891518116,0,0.005458438768982887,0
2812,0.014459636993706226,0,0.008061065338551998,0
2813,0.012870191596448421,0,0.016878414899110794,0
2814,0.003768189111724496,0,0.0671536922454834,0
2815,0.44459906220436096,0,0.00921393558382988,0
2816,0.07991624623537064,0,0.004569669719785452,0
2817,0.00723695196211338,0,0.004434232600033283,0
2818,0.005021669436246157,0,0.008007049560546875,0
2819,0.010495933704078197,0,0.018473591655492783,0
2820,0.0044807870872318745,0,0.004301354289054871,0
2821,0.07361346483230591,0,0.007008625194430351,0
2822,0.14234785735607147,0,0.00495567824691534,0
2823,0.011355342343449593,0,0.008853474631905556,0
2824,0.01153820101171732,0,0.002648275811225176,0
2825,0.5394525527954102,0,0.005491612479090691,0
2826,0.0024145273491740227,0,0.004714821465313435,0
2827,0.003364031435921788,0,0.0038036645855754614,0
2828,0.0029036933556199074,0,0.02139735035598278,0
2829,0.0036374155897647142,0,0.0025476738810539246,0
2830,0.00354685727506876,0,0.006307627540081739,1
2831,0.009638744406402111,0,0.01706559769809246,0
2832,0.008199507370591164,0,0.012746142223477364,0
2833,0.01618223264813423,0,0.009355359710752964,0
2834,0.00494456896558404,0,0.01113154087215662,0
2835,0.00676740100607276,0,0.002830229001119733,0
2836,0.003955732099711895,0,0.007132857106626034,0
2837,0.0070846350863575935,0,0.04740268737077713,0
2838,0.021332645788788795,0,0.006830735132098198,0
2839,0.004847873002290726,0,0.002913645002990961,0
2840,0.0060734134167432785,0,0.0058731092140078545,0
2841,0.007783471141010523,0,0.03789341449737549,0
2842,0.007703709881752729,0,0.0027560582384467125,0
2843,0.0024268401321023703,0,0.004660258535295725,0
2844,0.008140490390360355,0,0.0150335393846035,0
2845,0.00904782209545374,0,0.011854908429086208,0
2846,0.011824313551187515,0,0.00893401075154543,0
2847,0.009806848131120205,0,0.34977367520332336,0
2848,0.003483501961454749,0,0.004226998891681433,0
2849,0.006826446857303381,0,0.005389376077800989,0
2850,0.008036896586418152,0,0.004100151360034943,0
2851,0.004855878185480833,0,0.016098402440547943,0
2852,0.005134257022291422,0,0.0037371704820543528,0
2853,0.0038794702850282192,0,0.006413106340914965,0
2854,0.007832449860870838,0,0.008294252678751945,0
2855,0.005925482604652643,0,0.00448922673240304,0
2856,0.006014535203576088,0,0.005905912723392248,0
2857,0.011263672262430191,0,0.0070541431196033955,0
2858,0.005426086485385895,0,0.005228801630437374,0
2859,0.8292664885520935,1,0.0035931195598095655,0
2860,0.003976312931627035,0,0.0070279925130307674,0
2861,0.0536937490105629,0,0.006481642834842205,0
2862,0.04766715317964554,0,0.010045732371509075,0
2863,0.005681568291038275,0,0.0031451149843633175,0
2864,0.004043341148644686,0,0.06822963058948517,0
2865,0.0027003823779523373,0,0.05413346737623215,0
2866,0.007818607613444328,0,0.003858846379444003,0
2867,0.007506125140935183,0,0.0046026441268622875,0
2868,0.008146645501255989,0,0.015713507309556007,0
2869,0.006471916101872921,0,0.008744942024350166,0
2870,0.0034303213469684124,0,0.008516068570315838,0
2871,0.0021560415625572205,1,0.0026954454369843006,0
2872,0.010466285981237888,0,0.009448621422052383,0
2873,0.007491549476981163,0,0.007969716563820839,0
2874,0.01065922249108553,0,0.00674749119207263,0
2875,0.004450536333024502,0,0.020005516707897186,0
2876,0.003572450252249837,0,0.005939624737948179,0
2877,0.014381085522472858,0,0.005056187976151705,0
2878,0.009745749644935131,0,0.00470883259549737,0
2879,0.0051439134404063225,0,0.006964840926229954,0
2880,0.010732818394899368,0,0.009982415474951267,0
2881,0.00553610734641552,0,0.5578262805938721,0
2882,0.0048017799854278564,0,0.004955647513270378,0
2883,0.0037074696738272905,0,0.026666419580578804,0
2884,0.07889111340045929,0,0.0025931564159691334,0
2885,0.00436715641990304,0,0.008390805684030056,0
2886,0.004745395388454199,0,0.005882340483367443,0
2887,0.004768129903823137,0,0.008370572701096535,0
2888,0.003538390388712287,0,0.008377394638955593,0
2889,0.011666495352983475,0,0.006591285578906536,0
2890,0.006940455641597509,0,0.20939041674137115,0
2891,0.0032131606712937355,0,0.007666916120797396,0
2892,0.005473568569868803,0,0.02709936536848545,0
2893,0.01567743346095085,0,0.004344677086919546,0
2894,0.011749516241252422,0,0.005034730304032564,0
2895,0.005414693150669336,0,0.006075880955904722,0
2896,0.002998280106112361,0,0.0029620358254760504,0
2897,0.007907429710030556,0,0.00396815175190568,0
2898,0.004474112764000893,0,0.0063502369448542595,0
2899,0.005924179684370756,0,0.006244267802685499,0
2900,0.0033738678321242332,0,0.007651136256754398,0
2901,0.007001010235399008,0,0.004251939244568348,0
2902,0.008680297061800957,0,0.004085793159902096,0
2903,0.01261942833662033,0,0.0033248872496187687,0
2904,0.0058909012004733086,0,0.0038723344914615154,0
2905,0.007726488634943962,0,0.018838461488485336,0
2906,0.007310992572456598,0,0.007087050937116146,0
2907,0.018678052350878716,0,0.0049131507985293865,0
2908,0.0051806289702653885,0,0.004517366178333759,0
2909,0.005455901846289635,0,0.0029008907731622458,0
2910,0.02930442802608013,0,0.0042192405089735985,0
2911,0.004427640233188868,0,0.011643738485872746,0
2912,0.0055480832234025,0,0.008672574535012245,0
2913,0.004257070366293192,0,0.0044533745385706425,0
2914,0.005986211821436882,0,0.0034137845505028963,0
2915,0.04912456497550011,0,0.005604368168860674,0
2916,0.005664448253810406,0,0.005709054414182901,0
2917,0.0026526330038905144,0,0.00363537878729403,0
2918,0.00896124541759491,0,0.013125168159604073,0
2919,0.008296120911836624,0,0.003848471213132143,0
2920,0.005038348026573658,0,0.003004607278853655,0
2921,0.004073618445545435,0,0.0038522828835994005,0
2922,0.0074371397495269775,0,0.010265869088470936,0
2923,0.006075647659599781,0,0.0034731123596429825,0
2924,0.003416087245568633,0,0.011404342018067837,0
2925,0.026976393535733223,0,0.003756297053769231,0
2926,0.004221226554363966,0,0.006387385539710522,0
2927,0.015382549725472927,0,0.0095431013032794,1
2928,0.006246279925107956,0,0.005401838105171919,0
2929,0.0034194234758615494,0,0.005953668151050806,0
2930,0.002567308722063899,0,0.011814734898507595,0
2931,0.006413896568119526,0,0.007000512909144163,0
2932,0.005470397882163525,0,0.03488084673881531,0
2933,0.007420635316520929,0,0.01147537212818861,0
2934,0.004710298962891102,0,0.4574030041694641,0
2935,0.0022215163335204124,0,0.009125706739723682,0
2936,0.00500470818951726,0,0.007654134184122086,0
2937,0.008616733364760876,0,0.006158777046948671,0
2938,0.009271564893424511,0,0.009849530644714832,0
2939,0.0026419933419674635,0,0.6392250657081604,1
2940,0.015118219889700413,0,0.03443746641278267,0
2941,0.012464506551623344,0,0.0018658237531781197,0
2942,0.004557348787784576,0,0.03847784176468849,0
2943,0.006691681686788797,0,0.012058589607477188,0
2944,0.006472427863627672,0,0.010916796512901783,0
2945,0.003983440808951855,0,0.01121052261441946,0
2946,0.00704437680542469,1,0.005575516261160374,0
2947,0.005883597768843174,0,0.0019022405613213778,0
2948,0.004654772114008665,0,0.003156515536829829,0
2949,0.0023136937525123358,0,0.0053937481716275215,0
2950,0.0071055591106414795,0,0.00458182580769062,0
2951,0.011006961576640606,0,0.008588298223912716,0
2952,0.0032255384139716625,0,0.005849006585776806,0
2953,0.008104723878204823,0,0.2918700873851776,0
2954,0.003510130336508155,0,0.0023344617802649736,0
2955,0.004591136705130339,0,0.011783210560679436,0
2956,0.013847026973962784,0,0.005435476545244455,0
2957,0.011276834644377232,0,0.2507844865322113,0
2958,0.01214403472840786,0,0.0038927309215068817,0
2959,0.004428626038134098,0,0.0064900461584329605,0
2960,0.010867941193282604,0,0.0050536212511360645,0
2961,0.008002043701708317,0,0.003349514212459326,0
2962,0.006501367781311274,0,0.00504668802022934,0
2963,0.00804640632122755,0,0.002977262483909726,0
2964,0.006683338433504105,0,0.0036267598625272512,0
2965,0.005847104825079441,0,0.026351405307650566,0
2966,0.008347994647920132,0,0.1285550594329834,0
2967,0.007207529153674841,0,0.00704516377300024,0
2968,0.012612253427505493,0,0.004237758461385965,0
2969,0.010266552679240704,0,0.0037014700938016176,0
2970,0.08463801443576813,0,0.007260914891958237,0
2971,0.005674722138792276,0,0.0051970272324979305,0
2972,0.10280656069517136,0,0.0052961441688239574,0
2973,0.8963785171508789,1,0.0038948412984609604,0
2974,0.005997322034090757,0,0.7768390774726868,1
2975,0.011968748643994331,0,0.006584841292351484,0
2976,0.8671974539756775,1,0.0046777245588600636,0
2977,0.0036808953154832125,0,0.0033085602335631847,0
2978,0.29764509201049805,0,0.014885127544403076,1
2979,0.005145473405718803,0,0.0044396016746759415,0
2980,0.005849924404174089,0,0.004642040003091097,0
2981,0.0064639924094080925,0,0.010494467802345753,0
2982,0.005098944995552301,0,0.009626894257962704,0
2983,0.013232331722974777,0,0.004607609938830137,0
2984,0.03842902183532715,0,0.003725147107616067,0
2985,0.008400218561291695,0,0.003922952339053154,0
2986,0.013214941136538982,0,0.0051142070442438126,0
2987,0.0034525783266872168,0,0.0024743396788835526,0
2988,0.08048723638057709,0,0.2778436839580536,1
2989,0.004435716662555933,0,0.02262079156935215,0
2990,0.01005207933485508,0,0.005777479615062475,0
2991,0.034939639270305634,0,0.013320127502083778,0
2992,0.006898096296936274,0,0.003642650321125984,0
2993,0.020521659404039383,0,0.011636201292276382,0
2994,0.00176009361166507,0,0.009873984381556511,0
2995,0.00476744445040822,0,0.0052254218608140945,0
2996,0.006644010543823242,0,0.04872285947203636,0
2997,0.009145129472017288,0,0.008800741285085678,0
2998,0.009261776693165302,0,0.00672459090128541,0
2999,0.004853318445384502,0,0.00948808342218399,0
3000,0.0033291957806795835,0,0.008533983491361141,0
3001,0.007440170738846064,0,0.00696082878857851,0
3002,0.004341757390648127,0,0.0126866539940238,0
3003,0.00402036402374506,0,0.005322520155459642,0
3004,0.005797145422548056,0,0.009495229460299015,0
3005,0.013101953081786633,0,0.0057653142139315605,0
3006,0.004163006786257029,0,0.009877788834273815,0
3007,0.4096536934375763,0,0.004947851877659559,0
3008,0.008809996768832207,0,0.014588911086320877,0
3009,0.005414844490587711,0,0.0035496053751558065,0
3010,0.06963051855564117,0,0.0067139011807739735,0
3011,0.006327923387289047,0,0.0447063073515892,0
3012,0.005964469164609909,0,0.8925260901451111,1
3013,0.0044157784432172775,0,0.0022764347959309816,0
3014,0.007729388307780027,0,0.5609293580055237,0
3015,0.04401836171746254,0,0.49532240629196167,0
3016,0.012485924176871777,0,0.004871685057878494,0
3017,0.007263262756168842,0,0.003854145994409919,0
3018,0.007970337755978107,0,0.015842586755752563,0
3019,0.004374344367533922,0,0.005641435272991657,0
3020,0.007802997250109911,0,0.004065304528921843,0
3021,0.002962531754747033,0,0.013155256398022175,0
3022,0.006009118631482124,0,0.0036060865968465805,0
3023,0.0037377970293164253,0,0.004294948652386665,0
3024,0.00505399564281106,0,0.006881339475512505,0
3025,0.0036608027294278145,0,0.006574714556336403,0
3026,0.5783010125160217,0,0.011820636689662933,0
3027,0.059609122574329376,0,0.008355067111551762,0
3028,0.006175016984343529,0,0.00642816349864006,0
3029,0.004433054011315107,0,0.0044233836233615875,0
3030,0.00325680710375309,0,0.002007728209719062,0
3031,0.036776602268218994,0,0.07333890348672867,0
3032,0.11203156411647797,0,0.11113186180591583,0
3033,0.004957004450261593,0,0.018666911870241165,0
3034,0.6308749318122864,1,0.003686514450237155,0
3035,0.011898180469870567,0,0.05649281293153763,0
3036,0.0038736958522349596,0,0.011099892668426037,0
3037,0.007292998488992453,0,0.004565498325973749,0
3038,0.009546932764351368,0,0.10463684052228928,0
3039,0.005360033363103867,0,0.0027193333953619003,0
3040,0.00429602712392807,0,0.009376751258969307,0
3041,0.004344376269727945,0,0.007431305479258299,0
3042,0.004859649110585451,0,0.010520133189857006,0
3043,0.0031315400265157223,0,0.02405577525496483,0
3044,0.004628617316484451,0,0.005274932365864515,0
3045,0.003291398985311389,0,0.00805599894374609,0
3046,0.008663867600262165,0,0.00926271267235279,0
3047,0.0169606301933527,0,0.0053427997045218945,0
3048,0.00264866859652102,0,0.003637731773778796,0
3049,0.0051839109510183334,0,0.004137733019888401,0
3050,0.003226841799914837,0,0.004963354207575321,0
3051,0.005258634220808744,0,0.004842938389629126,0
3052,0.0033918926492333412,0,0.0015518766595050693,0
3053,0.01941259764134884,0,0.009276805445551872,0
3054,0.02285112626850605,0,0.002365346299484372,0
3055,0.005680617410689592,0,0.0043404013849794865,0
3056,0.00828009843826294,0,0.0039938162080943584,0
3057,0.0048152427189052105,0,0.11058612912893295,0
3058,0.010292045772075653,0,0.014657572843134403,0
3059,0.006138639058917761,0,0.005554732400923967,0
3060,0.004230524878948927,0,0.9648619294166565,1
3061,0.028968870639801025,0,0.004217531997710466,0
3062,0.9468945860862732,1,0.01670634001493454,0
3063,0.16258330643177032,0,0.02022477798163891,0
3064,0.002357856370508671,0,0.01541463565081358,0
3065,0.004733072593808174,0,0.002938608406111598,0
3066,0.0034597371704876423,0,0.005667099729180336,0
3067,0.005597526673227549,0,0.01304285041987896,0
3068,0.0074044824577867985,0,0.003870911430567503,0
3069,0.003672716673463583,0,0.0029313035774976015,0
3070,0.006161725148558617,0,0.09539646655321121,0
3071,0.010129881091415882,0,0.009551700204610825,0
3072,0.004283206537365913,0,0.017794977873563766,0
3073,0.01966184563934803,0,0.002675582654774189,0
3074,0.11070563644170761,0,0.009657785296440125,0
3075,0.019512314349412918,0,0.004191908519715071,0
3076,0.003348199650645256,0,0.004661032930016518,0
3077,0.013054624199867249,0,0.02152908965945244,0
3078,0.008381824009120464,0,0.0031851804815232754,0
3079,0.005733064375817776,0,0.005876417737454176,0
3080,0.007211856544017792,0,0.013386889360845089,0
3081,0.0077044786885380745,0,0.00798038486391306,0
3082,0.006919515784829855,0,0.0059019275940954685,0
3083,0.008353574201464653,0,0.002929023001343012,0
3084,0.20127466320991516,0,0.015808284282684326,0
3085,0.00423315679654479,0,0.0037008069921284914,0
3086,0.005116113927215338,0,0.0032318239100277424,0
3087,0.010220630094408989,0,0.05059865117073059,0
3088,0.00798838771879673,0,0.013790739700198174,0
3089,0.02142169326543808,0,0.004069751128554344,0
3090,0.019047727808356285,0,0.004610554780811071,0
3091,0.9389915466308594,1,0.007158317603170872,0
3092,0.0034808828495442867,0,0.008946338668465614,0
3093,0.006895176600664854,0,0.008909627795219421,0
3094,0.0021584765054285526,0,0.004878736101090908,0
3095,0.007360636256635189,0,0.004589676856994629,0
3096,0.003441418521106243,0,0.006170582491904497,0
3097,0.07946847379207611,0,0.0058728172443807125,0
3098,0.016151312738656998,0,0.0073266541585326195,0
3099,0.006131016183644533,0,0.013692948967218399,0
3100,0.012850784696638584,0,0.005406997632235289,0
3101,0.01345021091401577,0,0.002701489720493555,0
3102,0.005757931154221296,0,0.01891959086060524,0
3103,0.005395367741584778,0,0.003717126790434122,0
3104,0.021391956135630608,0,0.00399559224024415,0
3105,0.004636224824935198,0,0.014275121502578259,0
3106,0.006523018702864647,0,0.2109566628932953,0
3107,0.3728785812854767,0,0.004210156854242086,0
3108,0.005055338144302368,0,0.002501762006431818,0
3109,0.007603753823786974,0,0.0037263401318341494,0
3110,0.014111463911831379,0,0.0024476058315485716,0
3111,0.005208658520132303,0,0.005899267271161079,0
3112,0.0039908261969685555,0,0.0052594696171581745,0
3113,0.012065056711435318,0,0.012852084822952747,0
3114,0.006008466240018606,0,0.4699111580848694,1
3115,0.029407154768705368,0,0.017033951357007027,0
3116,0.002853554207831621,0,0.006230441387742758,0
3117,0.03564615547657013,0,0.01374843530356884,0
3118,0.007499499246478081,0,0.007598038762807846,0
3119,0.011971860192716122,0,0.005770728923380375,0
3120,0.003635814180597663,0,0.009262568317353725,0
3121,0.004380980506539345,0,0.005920735187828541,0
3122,0.01679369993507862,0,0.011729186400771141,0
3123,0.014849147759377956,0,0.6056787967681885,1
3124,0.00479716993868351,0,0.0030920354183763266,0
3125,0.002780148759484291,0,0.007724214810878038,0
3126,0.003533346811309457,0,0.0027501750737428665,0
3127,0.005061059258878231,0,0.028773637488484383,0
3128,0.006658540572971106,0,0.005759670399129391,0
3129,0.0032864846289157867,0,0.0025484589859843254,0
3130,0.02302083559334278,0,0.005621723365038633,0
3131,0.011040877550840378,0,0.010484574362635612,0
3132,0.004571826197206974,0,0.003291105153039098,0
3133,0.2634589374065399,0,0.00655089458450675,0
3134,0.004233663436025381,0,0.012418977916240692,1
3135,0.005556189455091953,0,0.0036303286906331778,0
3136,0.010280637070536613,0,0.005292364861816168,0
3137,0.0051071979105472565,0,0.004782413598150015,0
3138,0.0064978208392858505,0,0.00573523947969079,0
3139,0.16523414850234985,0,0.004312828183174133,0
3140,0.008516713045537472,0,0.04414369910955429,0
3141,0.006050205323845148,0,0.0055440436117351055,0
3142,0.011887753382325172,0,0.020596902817487717,0
3143,0.005460004787892103,0,0.00697770481929183,0
3144,0.08856809139251709,0,0.013111401349306107,0
3145,0.004246540367603302,0,0.005074619315564632,0
3146,0.504020631313324,0,0.0035307640209794044,0
3147,0.006351316813379526,0,0.15453730523586273,0
3148,0.006758078001439571,0,0.012216133065521717,0
3149,0.006167544983327389,0,0.014563275501132011,0
3150,0.009366856887936592,0,0.11379459500312805,0
3151,0.004210892599076033,0,0.003492427058517933,0
3152,0.6095526218414307,1,0.038250986486673355,0
3153,0.005519281141459942,0,0.019624298438429832,0
3154,0.005552535876631737,1,0.0060294256545603275,0
3155,0.0031834247056394815,0,0.010277882218360901,0
3156,0.00176983792334795,0,0.006957065314054489,0
3157,0.007301388308405876,0,0.011602599173784256,0
3158,0.00678584910929203,0,0.0036712773144245148,0
3159,0.012910849414765835,0,0.003039575880393386,0
3160,0.0060734134167432785,0,0.006803921889513731,0
3161,0.0057537127286195755,0,0.007884128950536251,0
3162,0.017500970512628555,1,0.00750849861651659,0
3163,0.002337021753191948,0,0.002871320815756917,0
3164,0.006775533780455589,0,0.0035701969172805548,0
3165,0.005037324968725443,0,0.0040660519152879715,0
3166,0.007109755650162697,0,0.01429144199937582,0
3167,0.004733816254884005,0,0.042418692260980606,0
3168,0.007609880529344082,0,0.004398508928716183,0
3169,0.008991268463432789,0,0.006847175303846598,0
3170,0.09475608170032501,0,0.010414510034024715,0
3171,0.006623058579862118,0,0.00605224771425128,0
3172,0.007177853491157293,0,0.7417088150978088,1
3173,0.007005102001130581,0,0.0038579560350626707,0
3174,0.013798543252050877,0,0.009974229149520397,0
3175,0.01748955249786377,1,0.004904439672827721,0
3176,0.00808968860656023,0,0.0214859452098608,0
3177,0.913203239440918,1,0.014107417315244675,0
3178,0.003820959245786071,0,0.0029288670048117638,0
3179,0.010442163795232773,0,0.554714560508728,1
3180,0.009975047782063484,0,0.0056123328395187855,0
3181,0.008840859867632389,0,0.0034741126000881195,0
3182,0.0046926760114729404,0,0.006582374684512615,0
3183,0.003314112313091755,0,0.022041229531168938,1
3184,0.009771125391125679,0,0.023768706247210503,0
3185,0.006617088336497545,0,0.009225373156368732,0
3186,0.002921487670391798,0,0.0029299757443368435,0
3187,0.35987403988838196,1,0.00944680068641901,0
3188,0.003628081874921918,0,0.018660960718989372,0
3189,0.006530875340104103,0,0.009321256540715694,0
3190,0.0028876978904008865,0,0.005902520846575499,0
3191,0.010394933633506298,0,0.005456593353301287,0
3192,0.00631930585950613,0,0.007859327830374241,0
3193,0.005589159205555916,0,0.006174274254590273,0
3194,0.00879083015024662,0,0.008665218949317932,0
3195,0.19025222957134247,0,0.006369434762746096,0
3196,0.007924607023596764,0,0.010520619340240955,0
3197,0.004320280160754919,0,0.023447370156645775,0
3198,0.005912669003009796,0,0.0038530949968844652,0
3199,0.02603686973452568,0,0.0754782110452652,0
3200,0.00393942603841424,0,0.009470232762396336,0
3201,0.004053342621773481,0,0.046770110726356506,0
3202,0.005167064256966114,0,0.004074092488735914,0
3203,0.005909049417823553,0,0.008225888013839722,0
3204,0.07971088588237762,0,0.009404434822499752,0
3205,0.006503637880086899,0,0.019310448318719864,0
3206,0.006351073272526264,0,0.013121314346790314,0
3207,0.014810733497142792,0,0.002666305284947157,0
3208,0.005833085160702467,0,0.005795609671622515,0
3209,0.010025338269770145,0,0.03775492683053017,0
3210,0.0064544049091637135,0,0.0023976601660251617,0
3211,0.049100980162620544,0,0.0036825602874159813,0
3212,0.003984739072620869,0,0.0066224317997694016,0
3213,0.013686677441000938,0,0.008115986362099648,0
3214,0.00815748330205679,0,0.014979703351855278,0
3215,0.006025629583746195,0,0.10756747424602509,0
3216,0.011334157548844814,0,0.0054963333532214165,0
3217,0.03905576467514038,0,0.007607359904795885,0
3218,0.010678403079509735,0,0.009157274849712849,0
3219,0.020262086763978004,0,0.016525819897651672,0
3220,0.0060631632804870605,0,0.22640211880207062,0
3221,0.007486272603273392,1,0.026425231248140335,0
3222,0.006145499646663666,0,0.006389329209923744,0
3223,0.060853421688079834,0,0.004283859394490719,0
3224,0.0332343690097332,0,0.0058989571407437325,0
3225,0.005684858188033104,0,0.0040995050221681595,0
3226,0.003129882039502263,0,0.1033000499010086,0
3227,0.011378100141882896,0,0.013036266900599003,0
3228,0.007776748854666948,0,0.010793846100568771,0
3229,0.012665092945098877,0,0.003516213269904256,0
3230,0.01480121910572052,0,0.009826835244894028,0
3231,0.006303817965090275,0,0.006846279837191105,0
3232,0.0029782832134515047,0,0.00744793564081192,0
3233,0.030445042997598648,0,0.0104238111525774,0
3234,0.006247982382774353,0,0.0062380037270486355,0
3235,0.003261258825659752,1,0.006286085583269596,0
3236,0.0068870834074914455,0,0.023137567564845085,1
3237,0.005013094749301672,0,0.006601703353226185,0
3238,0.0057257493026554585,0,0.005536185577511787,0
3239,0.0034027176443487406,0,0.005668668542057276,0
3240,0.006287402007728815,0,0.003949212841689587,0
3241,0.004035418387502432,0,0.00421784445643425,0
3242,0.005453710909932852,0,0.006613005418330431,0
3243,0.0018531802343204618,0,0.004246195778250694,0
3244,0.008557740598917007,0,0.20020580291748047,0
3245,0.006124882493168116,0,0.002852244069799781,0
3246,0.005024156998842955,0,0.0061661917716264725,0
3247,0.00967215746641159,0,0.005307644139975309,0
3248,0.006580859422683716,0,0.005510097369551659,0
3249,0.004831539932638407,0,0.010631279088556767,0
3250,0.00865223165601492,0,0.005641082301735878,0
3251,0.007693422958254814,0,0.0027224801015108824,0
3252,0.013055986724793911,0,0.0060027907602488995,0
3253,0.006064490880817175,0,0.0035265604965388775,0
3254,0.020212776958942413,0,0.007684487849473953,0
3255,0.01193974819034338,0,0.009794363752007484,0
3256,0.003228016896173358,0,0.45430952310562134,0
3257,0.005535468924790621,0,0.5650027990341187,0
3258,0.006204531993716955,0,0.008686105720698833,0
3259,0.008256083354353905,1,0.028903739526867867,0
3260,0.00615350529551506,0,0.006344219204038382,0
3261,0.752036452293396,0,0.009210444986820221,0
3262,0.01261803787201643,0,0.02213393710553646,0
3263,0.002909298287704587,0,0.032565392553806305,0
3264,0.011075669899582863,0,0.8778302073478699,0
3265,0.0029644689057022333,0,0.005097237415611744,0
3266,0.01570247858762741,0,0.006085047498345375,0
3267,0.0055066910572350025,0,0.019159257411956787,0
3268,0.01566929556429386,0,0.005326146725565195,0
3269,0.002392139518633485,0,0.00819436740130186,0
3270,0.004309432581067085,0,0.006476467940956354,0
3271,0.005263557657599449,0,0.013719280250370502,0
3272,0.006500265095382929,0,0.014161943458020687,0
3273,0.003842620411887765,0,0.041274864226579666,0
3274,0.02042153663933277,0,0.004268449265509844,0
3275,0.017382586374878883,0,0.014489824883639812,0
3276,0.006735792383551598,0,0.0049757943488657475,0
3277,0.07989466935396194,0,0.011903232894837856,0
3278,0.011016188189387321,0,0.02718798629939556,0
3279,0.00445196870714426,0,0.0033261373173445463,0
3280,0.004554723389446735,0,0.004305689595639706,0
3281,0.004158468917012215,0,0.00740734301507473,0
3282,0.0031135755125433207,0,0.004739822819828987,0
3283,0.624225378036499,1,0.010789528489112854,0
3284,0.025914765894412994,0,0.0024290045257657766,0
3285,0.009272493422031403,0,0.008198562078177929,0
3286,0.008514679968357086,0,0.007320137694478035,0
3287,0.0077260276302695274,0,0.5519333481788635,0
3288,0.007962729781866074,0,0.002857804298400879,0
3289,0.04171908646821976,0,0.03753512352705002,0
3290,0.0072226873598992825,0,0.00811839010566473,0
3291,0.009673098102211952,1,0.005071957595646381,0
3292,0.006397634744644165,0,0.04650679603219032,0
3293,0.006636543665081263,0,0.006805165205150843,0
3294,0.004900810774415731,0,0.008952636271715164,0
3295,0.004145416896790266,0,0.005497180391103029,0
3296,0.0057292222045362,0,0.006834763567894697,0
3297,0.005478559527546167,0,0.006178801879286766,0
3298,0.007872269488871098,0,0.002732004737481475,0
3299,0.0068125915713608265,0,0.0031549062114208937,0
3300,0.009121693670749664,0,0.1390443742275238,0
3301,0.01281759887933731,0,0.009629445150494576,0
3302,0.004069935064762831,0,0.024914808571338654,0
3303,0.004442468751221895,0,0.007666814606636763,0
3304,0.2016938030719757,0,0.008535953238606453,0
3305,0.0024061461444944143,0,0.009198064915835857,0
3306,0.20589473843574524,0,0.00831649824976921,0
3307,0.015212825499475002,0,0.003423821646720171,0
3308,0.0034153324086219072,0,0.10945427417755127,1
3309,0.0030263338703662157,0,0.003241959260776639,0
3310,0.009538870304822922,0,0.0030198353342711926,0
3311,0.0038315372075885534,0,0.01212277915328741,0
3312,0.0061366260051727295,0,0.3255416452884674,0
3313,0.0023048948496580124,0,0.006973635405302048,0
3314,0.004511674866080284,0,0.0030063074082136154,0
3315,0.026080278679728508,0,0.02253597415983677,0
3316,0.0061284624971449375,0,0.041095100343227386,0
3317,0.007915941067039967,0,0.006790025159716606,0
3318,0.6536418199539185,0,0.00862878654152155,0
3319,0.0033644260838627815,0,0.006046688184142113,0
3320,0.006138915661722422,0,0.002574025886133313,0
3321,0.003384627401828766,0,0.002885681577026844,0
3322,0.0033946307376027107,0,0.005845345091074705,0
3323,0.003556489944458008,0,0.010178123600780964,0
3324,0.8691409826278687,1,0.003235463285818696,1
3325,0.6309073567390442,0,0.015407644212245941,0
3326,0.005589032080024481,0,0.005022726953029633,0
3327,0.004951569717377424,0,0.006753086112439632,0
3328,0.037422262132167816,0,0.008104126900434494,0
3329,0.45244354009628296,0,0.007075597066432238,0
3330,0.009846717119216919,0,0.0026415360625833273,0
3331,0.004613693803548813,0,0.0047376458533108234,0
3332,0.007355975918471813,0,0.1160326823592186,0
3333,0.005077593959867954,0,0.01055570226162672,0
3334,0.0027044382877647877,0,0.006031063850969076,0
3335,0.04464855045080185,0,0.005029785912483931,0
3336,0.051616642624139786,0,0.008495928719639778,0
3337,0.004989399574697018,0,0.17186091840267181,0
3338,0.006513403262943029,0,0.5319605469703674,1
3339,0.002915377030149102,0,0.003527227556332946,0
3340,0.01706971786916256,0,0.003107149852439761,0
3341,0.00522986613214016,0,0.01219162903726101,0
3342,0.004191434942185879,0,0.005058255512267351,0
3343,0.003035180503502488,0,0.02811102196574211,0
3344,0.006952803581953049,0,0.005295217037200928,0
3345,0.00812460482120514,0,0.013716661371290684,0
3346,0.003716014791280031,0,0.005986180622130632,0
3347,0.004113014321774244,0,0.00268046697601676,0
3348,0.006120776757597923,0,0.003935272805392742,0
3349,0.0052743167616426945,0,0.004382792394608259,0
3350,0.010592828504741192,0,0.007974875159561634,0
3351,0.004726608283817768,0,0.014362139627337456,0
3352,0.0027256382163614035,0,0.006983023136854172,0
3353,0.0045922002755105495,0,0.007627675775438547,0
3354,0.010556788183748722,1,0.00894874520599842,0
3355,0.03862404078245163,0,0.007743858266621828,0
3356,0.005493170116096735,0,0.013877565972507,0
3357,0.053765006363391876,0,0.006445023696869612,0
3358,0.0075210388749837875,0,0.004912558943033218,0
3359,0.0034728979226201773,0,0.0041283005848526955,0
3360,0.007491351570934057,0,0.007758942432701588,0
3361,0.0062441136687994,0,0.01062456052750349,0
3362,0.7135245203971863,1,0.0045301346108317375,0
3363,0.002775179920718074,0,0.3823247253894806,0
3364,0.009111028164625168,0,0.007361855823546648,0
3365,0.005873932968825102,0,0.0024766181595623493,0
3366,0.00529579259455204,0,0.008524100296199322,0
3367,0.20810401439666748,0,0.07529605180025101,0
3368,0.004243754781782627,0,0.006560757756233215,0
3369,0.002762989606708288,0,0.007723411079496145,0
3370,0.004025205038487911,0,0.0068579064682126045,0
3371,0.0057286410592496395,0,0.005396680440753698,0
3372,0.04803682491183281,0,0.016434812918305397,0
3373,0.006399259436875582,0,0.0020179995335638523,0
3374,0.0059577240608632565,0,0.004181741736829281,0
3375,0.04638553410768509,0,0.004718712065368891,0
3376,0.019017890095710754,0,0.008987556211650372,1
3377,0.01187314372509718,0,0.006499125622212887,0
3378,0.005842447280883789,0,0.0031390124931931496,0
3379,0.009272195398807526,0,0.006079887505620718,0
3380,0.0067873564548790455,0,0.0039016236551105976,0
3381,0.0032162764109671116,0,0.005012688226997852,0
3382,0.010180823504924774,0,0.003738219616934657,0
3383,0.006680274847894907,0,0.0022243550047278404,0
3384,0.0035837776958942413,0,0.0044387876987457275,0
3385,0.00552084157243371,0,0.002656411612406373,0
3386,0.0023467924911528826,0,0.008970977738499641,0
3387,0.004238718189299107,0,0.00585894426330924,0
3388,0.08493181318044662,0,0.025533391162753105,0
3389,0.004993340000510216,0,0.008863049559295177,0
3390,0.005141915753483772,0,0.0033288856502622366,0
3391,0.011852449737489223,0,0.006829415448009968,0
3392,0.015039585530757904,0,0.009123468771576881,0
3393,0.028091728687286377,0,0.004675656091421843,0
3394,0.008593321777880192,0,0.010721175000071526,0
3395,0.012415187433362007,0,0.003926986362785101,0
3396,0.00340256211347878,0,0.008298073895275593,0
3397,0.005012083798646927,0,0.0033820292446762323,0
3398,0.01933051459491253,0,0.13825391232967377,0
3399,0.0018336455104872584,0,0.008249659091234207,0
3400,0.004355838056653738,0,0.008530659601092339,0
3401,0.050902578979730606,0,0.01567710004746914,0
3402,0.007471912074834108,0,0.004358113743364811,0
3403,0.014689872041344643,0,0.8366265296936035,0
3404,0.008686220273375511,0,0.011962885037064552,0
3405,0.003984489012509584,0,0.2803157866001129,0
3406,0.06133309751749039,0,0.005881238728761673,1
3407,0.9571971893310547,1,0.008905005641281605,0
3408,0.009278597310185432,0,0.007870795205235481,0
3409,0.004221771378070116,0,0.05141420662403107,0
3410,0.030972516164183617,0,0.002498989924788475,0
3411,0.005497561302036047,0,0.008508764207363129,0
3412,0.031425077468156815,0,0.017944348976016045,0
3413,0.004248363431543112,0,0.0017358738696202636,0
3414,0.004984506405889988,0,0.004837722517549992,0
3415,0.004756213165819645,0,0.002471393207088113,0
3416,0.006469898857176304,0,0.0033790410961955786,0
3417,0.0076385801658034325,0,0.04440341144800186,0
3418,0.011898668482899666,0,0.4724949896335602,0
3419,0.33118563890457153,0,0.006052631884813309,0
3420,0.012165865860879421,0,0.004804688040167093,0
3421,0.08131366968154907,0,0.0044883484952151775,0
3422,0.006631704047322273,0,0.0022501638159155846,0
3423,0.008695467375218868,0,0.05530409887433052,0
3424,0.0035072509199380875,0,0.0038382806815207005,0
3425,0.012357492931187153,0,0.00403309240937233,0
3426,0.004328555893152952,0,0.005240407306700945,0
3427,0.00720192538574338,0,0.0035700274165719748,0
3428,0.004690409637987614,0,0.006721126846969128,0
3429,0.004807313438504934,1,0.025644313544034958,0
3430,0.014451906085014343,0,0.00562883960083127,0
3431,0.010504152625799179,0,0.006707064341753721,0
3432,0.005446066148579121,0,0.003633366897702217,0
3433,0.009978806599974632,0,0.02527081035077572,0
3434,0.0022706922609359026,0,0.015006273984909058,0
3435,0.00378697388805449,0,0.01913674734532833,0
3436,0.011040435172617435,0,0.007323749363422394,0
3437,0.007423107977956533,0,0.0037648503202944994,0
3438,0.006219396833330393,0,0.002433883026242256,0
3439,0.025765376165509224,0,0.02343452349305153,0
3440,0.002745166653767228,0,0.0058514694683253765,0
3441,0.0045487238094210625,0,0.0062392158433794975,0
3442,0.004106386564671993,0,0.007888983003795147,0
3443,0.007543048821389675,0,0.002668259898200631,0
3444,0.0034377737902104855,0,0.010069988667964935,0
3445,0.016762644052505493,0,0.0057730902917683125,0
3446,0.0024847586173564196,0,0.004793601576238871,0
3447,0.00686906510964036,0,0.005120329558849335,0
3448,0.003243280341848731,0,0.008340178057551384,0
3449,0.006758090574294329,0,0.5773977041244507,0
3450,0.01901848614215851,0,0.004194584675133228,0
3451,0.008378500118851662,0,0.006224196869879961,0
3452,0.0035989831667393446,0,0.006760875694453716,0
3453,0.006207031197845936,0,0.005178467370569706,0
3454,0.007887792773544788,0,0.009252426214516163,0
3455,0.1707799881696701,1,0.005703870672732592,0
3456,0.015291836112737656,0,0.008946401998400688,0
3457,0.003295061644166708,1,0.010167090222239494,0
3458,0.007692516315728426,0,0.0019761642906814814,0
3459,0.00632488401606679,0,0.006377439945936203,0
3460,0.005002644844353199,0,0.007781689055263996,0
3461,0.007487516384571791,0,0.006575447041541338,0
3462,0.010962952859699726,0,0.003917009104043245,0
3463,0.002692870330065489,0,0.0047247037291526794,0
3464,0.00841989740729332,0,0.0029393420554697514,0
3465,0.005552109330892563,0,0.004681107122451067,0
3466,0.20073150098323822,0,0.005263510625809431,0
3467,0.008132655173540115,0,0.014752346090972424,0
3468,0.0056935143657028675,0,0.0558505579829216,0
3469,0.007071036379784346,0,0.005490701179951429,0
3470,0.00793879758566618,0,0.0020135524682700634,0
3471,0.0038599465042352676,0,0.004412144422531128,0
3472,0.007191353477537632,0,0.010005146265029907,0
3473,0.012926390394568443,0,0.01187329925596714,0
3474,0.00714346906170249,0,0.003164755878970027,0
3475,0.0017272703116759658,0,0.006409612484276295,0
3476,0.023133667185902596,0,0.00634634168818593,0
3477,0.006995741277933121,0,0.004787036683410406,0
3478,0.020245948806405067,0,0.004347919020801783,0
3479,0.0056756422854959965,0,0.0027929272036999464,0
3480,0.037356290966272354,0,0.00890257302671671,0
3481,0.005521466955542564,0,0.005436837673187256,0
3482,0.007789947092533112,0,0.0026489354204386473,0
3483,0.03283743932843208,0,0.005314664449542761,0
3484,0.42719197273254395,0,0.005168233532458544,0
3485,0.002828179858624935,0,0.0314001627266407,0
3486,0.0035357249435037374,0,0.019013505429029465,0
3487,0.012941738590598106,0,0.008383973501622677,0
3488,0.005664415657520294,0,0.01109736505895853,0
3489,0.012154513038694859,0,0.004496379755437374,0
3490,0.006440478842705488,0,0.0035514102783054113,0
3491,0.008773376233875751,0,0.002057634061202407,0
3492,0.6092844009399414,1,0.015543843619525433,0
3493,0.0057873809710145,0,0.004303631838411093,0
3494,0.005622437689453363,0,0.004788463469594717,0
3495,0.03359784185886383,0,0.0059584444388747215,0
3496,0.009740266017615795,0,0.005641236901283264,0
3497,0.005961082875728607,0,0.024946290999650955,0
3498,0.022322626784443855,0,0.006409488618373871,0
3499,0.006824242416769266,0,0.002681270008906722,0
3500,0.011849028058350086,0,0.006978583987802267,0
3501,0.006438523530960083,0,0.008394989185035229,0
3502,0.043678220361471176,0,0.01969657652080059,0
3503,0.01029190979897976,0,0.00562429940328002,0
3504,0.005453222431242466,0,0.19576211273670197,0
3505,0.6502122282981873,1,0.008481641300022602,0
3506,0.02686122991144657,0,0.01725946180522442,0
3507,0.007750082761049271,0,0.010132377967238426,0
3508,0.0037955790758132935,0,0.002187470905482769,0
3509,0.0071093314327299595,0,0.014358588494360447,0
3510,0.00721451360732317,0,0.005110700149089098,0
3511,0.011336599476635456,0,0.013265427201986313,0
3512,0.0031219383236020803,0,0.008058884181082249,0
3513,0.006466742604970932,0,0.04913609102368355,0
3514,0.8014575839042664,1,0.002688425127416849,0
3515,0.007415733765810728,0,0.0018180868355557323,0
3516,0.08175529539585114,0,0.0035393876023590565,0
3517,0.006542534101754427,0,0.004634372424334288,0
3518,0.004758073482662439,0,0.0048990994691848755,0
3519,0.006960663944482803,0,0.01404301356524229,1
3520,0.00478232279419899,0,0.5634918808937073,1
3521,0.007992950268089771,0,0.012230434454977512,0
3522,0.004762996453791857,0,0.02779916115105152,0
3523,0.0062353056855499744,0,0.005756716709583998,0
3524,0.0053980788215994835,0,0.003994011785835028,0
3525,0.0069032954052090645,0,0.0049268826842308044,0
3526,0.024267740547657013,0,0.010051049292087555,0
3527,0.007559122983366251,0,0.006714912131428719,0
3528,0.0046660215593874454,0,0.0067653474397957325,0
3529,0.004845970775932074,0,0.0033575324341654778,0
3530,0.005376254208385944,0,0.012009359896183014,0
3531,0.007925990037620068,0,0.005337088368833065,0
3532,0.008161431178450584,0,0.005595555063337088,0
3533,0.0029281792230904102,0,0.0020502156112343073,0
3534,0.0024517495185136795,0,0.26726803183555603,0
3535,0.007461056113243103,0,0.004358477890491486,0
3536,0.00563317583873868,0,0.017877675592899323,0
3537,0.010751800611615181,0,0.024095434695482254,0
3538,0.006053154356777668,0,0.006095427088439465,0
3539,0.006220221985131502,0,0.004110753070563078,0
3540,0.02681751735508442,0,0.00953229982405901,0
3541,0.0017117798561230302,0,0.015411175787448883,0
3542,0.011205756105482578,0,0.0024373610503971577,0
3543,0.007313287351280451,0,0.00463228952139616,0
3544,0.004988919477909803,0,0.12852676212787628,0
3545,0.006805245764553547,0,0.0037292710039764643,0
3546,0.0045818062499165535,0,0.005664195399731398,0
3547,0.012326936237514019,0,0.01383015513420105,0
3548,0.006181810051202774,0,0.006628092378377914,0
3549,0.01830020174384117,0,0.006915053818374872,0
3550,0.0062347534112632275,0,0.008213712833821774,0
3551,0.005952623672783375,0,0.010264386422932148,0
3552,0.04359547793865204,0,0.005664265714585781,0
3553,0.0067260852083563805,0,0.003614462446421385,0
3554,0.00933864340186119,0,0.020927947014570236,0
3555,0.005604485049843788,0,0.007992745377123356,0
3556,0.014989382587373257,0,0.011812597513198853,0
3557,0.006754986476153135,0,0.03702255338430405,0
3558,0.003846102859824896,0,0.005217182449996471,0
3559,0.007109560538083315,0,0.004108852241188288,0
3560,0.005929688923060894,0,0.005358180496841669,0
3561,0.004512154497206211,0,0.006659944076091051,0
3562,0.007597462274134159,0,0.003538470948114991,0
3563,0.0044164154678583145,1,0.015664640814065933,0
3564,0.006572279613465071,0,0.006661771330982447,0
3565,0.0068865749053657055,0,0.011076066642999649,0
3566,0.008420172147452831,0,0.011437580920755863,0
3567,0.006334109231829643,0,0.007957600988447666,0
3568,0.008444033563137054,0,0.2087690234184265,0
3569,0.00923673901706934,0,0.009715034626424313,0
3570,0.003852784400805831,0,0.002400999888777733,0
3571,0.007328510284423828,0,0.03333752229809761,0
3572,0.01733306236565113,0,0.004357304889708757,0
3573,0.021445419639348984,0,0.0033733646851032972,0
3574,0.006357706151902676,1,0.02154959738254547,0
3575,0.0032465499825775623,0,0.0032009370625019073,0
3576,0.0033155803102999926,0,0.003743769833818078,0
3577,0.005325247533619404,0,0.003962019924074411,0
3578,0.055681850761175156,1,0.008638969622552395,0
3579,0.0022651366889476776,0,0.02643115632236004,0
3580,0.010342000052332878,1,0.0028573598247021437,0
3581,0.0037385979667305946,0,0.006598995998501778,0
3582,0.005898540373891592,0,0.01236728485673666,0
3583,0.08915414661169052,0,0.011322248727083206,0
3584,0.006612617056816816,0,0.003991438075900078,0
3585,0.001998931635171175,0,0.022578781470656395,0
3586,0.06620465219020844,0,0.0072069414891302586,0
3587,0.007169448304921389,0,0.01233577448874712,0
3588,0.01610596477985382,0,0.0030975977424532175,0
3589,0.007918802089989185,0,0.007040269207209349,0
3590,0.004887016955763102,0,0.006390209775418043,0
3591,0.31857237219810486,0,0.004199221730232239,0
3592,0.030201854184269905,0,0.004602499771863222,0
3593,0.006629336159676313,0,0.004261007998138666,0
3594,0.014003969728946686,0,0.04594257101416588,0
3595,0.03244023025035858,0,0.151274636387825,0
3596,0.27718719840049744,0,0.005699553061276674,0
3597,0.0028297200333327055,0,0.022108769044280052,0
3598,0.13393636047840118,0,0.0035766689106822014,0
3599,0.007570527959614992,0,0.0039036867674440145,0
3600,0.6571009159088135,1,0.005332660861313343,0
3601,0.004926405847072601,0,0.003853944828733802,0
3602,0.004836716689169407,0,0.02523982711136341,0
3603,0.011473934166133404,0,0.003444867907091975,0
3604,0.0036625058855861425,0,0.0035739545710384846,0
3605,0.005569649860262871,0,0.003437250852584839,0
3606,0.0027223818469792604,0,0.016774917021393776,0
3607,0.03855258971452713,0,0.04425227269530296,0
3608,0.0036324365064501762,0,0.5800543427467346,1
3609,0.0055270022712647915,0,0.017286360263824463,0
3610,0.0027504574973136187,0,0.007560817990452051,0
3611,0.0026813566219061613,0,0.004841918591409922,0
3612,0.0065061370842158794,0,0.0038878859486430883,0
3613,0.008854947984218597,0,0.016599100083112717,0
3614,0.005976385902613401,0,0.0078059593215584755,0
3615,0.0036860068794339895,0,0.0036482897121459246,0
3616,0.013213740661740303,0,0.011705409735441208,0
3617,0.0066924672573804855,0,0.012131856754422188,0
3618,0.004351353272795677,0,0.01043759286403656,0
3619,0.004141117911785841,0,0.00791361927986145,0
3620,0.007915948517620564,0,0.005363219417631626,0
3621,0.6857290267944336,0,0.007976549677550793,0
3622,0.006785656791180372,0,0.002249492798000574,0
3623,0.031392257660627365,0,0.0030695770401507616,0
3624,0.015929270535707474,0,0.04119563102722168,0
3625,0.006427261978387833,0,0.011508002877235413,0
3626,0.030957072973251343,0,0.005579874850809574,0
3627,0.007427472621202469,0,0.006070207338780165,0
3628,0.01847197487950325,0,0.014193381182849407,0
3629,0.009051482193171978,0,0.002424004254862666,0
3630,0.03319256752729416,0,0.004233900923281908,0
3631,0.033329978585243225,0,0.00493863457813859,0
3632,0.010637907311320305,0,0.002481736009940505,0
3633,0.009239736944437027,0,0.005514577496796846,0
3634,0.004841196816414595,0,0.006828923709690571,0
3635,0.005942486226558685,0,0.010800435207784176,0
3636,0.004225345328450203,0,0.013598904013633728,0
3637,0.010714011266827583,0,0.005584936123341322,0
3638,0.22837962210178375,0,0.004290702752768993,0
3639,0.00515002990141511,0,0.05297717824578285,0
3640,0.004186076577752829,0,0.040822360664606094,0
3641,0.03394084796309471,0,0.036272648721933365,0
3642,0.011769481934607029,0,0.0629931092262268,0
3643,0.006527373567223549,0,0.007213324774056673,0
3644,0.003906029276549816,0,0.013084416277706623,0
3645,0.01142840925604105,0,0.7765139937400818,1
3646,0.003491652198135853,0,0.004357058554887772,0
3647,0.01661132462322712,0,0.004749151412397623,0
3648,0.02194872498512268,0,0.005124596878886223,0
3649,0.010471195913851261,0,0.006177282426506281,0
3650,0.009107102639973164,0,0.009132293052971363,0
3651,0.017559772357344627,0,0.004525651223957539,0
3652,0.004666156601160765,0,0.003495629644021392,0
3653,0.013836359605193138,0,0.004340446554124355,0
3654,0.005801742896437645,0,0.007440244313329458,0
3655,0.00798144843429327,0,0.01743185520172119,0
3656,0.01802462711930275,0,0.00972976628690958,0
3657,0.005122613161802292,0,0.09942816942930222,0
3658,0.0032198037952184677,0,0.004776711110025644,0
3659,0.0031014536507427692,0,0.004007279407233,0
3660,0.0036974684335291386,0,0.006633362732827663,0
3661,0.006795031018555164,0,0.004168816842138767,0
3662,0.008928409777581692,0,0.007907392457127571,0
3663,0.003173601347953081,0,0.007654706481844187,0
3664,0.014130920171737671,0,0.006269216537475586,0
3665,0.051001377403736115,0,0.014095690101385117,0
3666,0.014188450761139393,0,0.00954850297421217,0
3667,0.07025057077407837,0,0.015426703728735447,0
3668,0.004260497633367777,0,0.007447057869285345,0
3669,0.0027268000412732363,0,0.008307497017085552,0
3670,0.003041469259187579,0,0.010761938989162445,0
3671,0.0033427290618419647,0,0.006411690264940262,0
3672,0.007416014093905687,0,0.004028419964015484,0
3673,0.020899105817079544,0,0.00339145096950233,0
3674,0.005652841180562973,0,0.001854218658991158,0
3675,0.8745843172073364,1,0.006791787222027779,0
3676,0.00653153145685792,0,0.004500535316765308,0
3677,0.16763731837272644,0,0.002943566767498851,0
3678,0.01039704866707325,0,0.005145715083926916,0
3679,0.009932582266628742,0,0.004856023006141186,0
3680,0.004561958834528923,0,0.00904444046318531,0
3681,0.002526199445128441,0,0.00649107014760375,0
3682,0.015052806586027145,0,0.007132080849260092,0
3683,0.0059766038320958614,0,0.01829039491713047,0
3684,0.01346792746335268,0,0.007643949706107378,0
3685,0.015693990513682365,0,0.039336953312158585,0
3686,0.010380538180470467,0,0.005142906215041876,0
3687,0.004362410865724087,0,0.008002551272511482,0
3688,0.00814732350409031,0,0.02780155837535858,0
3689,0.00466052396222949,0,0.0038020771462470293,0
3690,0.5214170813560486,1,0.008007087744772434,0
3691,0.0036673012655228376,0,0.004125467035919428,0
3692,0.004795490298420191,0,0.02308518812060356,0
3693,0.003514033742249012,0,0.005492380820214748,0
3694,0.0054442305117845535,0,0.0071077970787882805,0
3695,0.04421861469745636,0,0.004899018444120884,0
3696,0.8740970492362976,1,0.0029726417269557714,0
3697,0.003110661171376705,0,0.005279172211885452,0
3698,0.003411468816921115,0,0.006117458920925856,0
3699,0.007848010398447514,0,0.01323798019438982,0
3700,0.02155570313334465,1,0.007372686173766851,0
3701,0.004691464826464653,0,0.005203709937632084,0
3702,0.036984916776418686,0,0.026067275553941727,0
3703,0.005212242249399424,0,0.003044024109840393,0
3704,0.011540485545992851,0,0.011066600680351257,0
3705,0.20827294886112213,0,0.004929141141474247,0
3706,0.009663017466664314,0,0.009505361318588257,0
3707,0.0030411137267947197,0,0.05278017371892929,0
3708,0.008371538482606411,0,0.009063041768968105,0
3709,0.004092661663889885,0,0.004889141768217087,0
3710,0.16595228016376495,0,0.01711489073932171,0
3711,0.03841403126716614,0,0.004552536178380251,0
3712,0.00248918985016644,0,0.006982126738876104,0
3713,0.004445063415914774,0,0.006478326860815287,0
3714,0.07445567101240158,0,0.005102070979773998,0
3715,0.013551627285778522,0,0.03358208388090134,0
3716,0.007511167787015438,0,0.0038028520066291094,0
3717,0.005745586473494768,0,0.0195427518337965,0
3718,0.0051272958517074585,0,0.010459626093506813,0
3719,0.02500123344361782,0,0.45363670587539673,0
3720,0.00894970539957285,0,0.01943904720246792,0
3721,0.04345158487558365,0,0.005456082988530397,0
3722,0.10105818510055542,0,0.00875635351985693,0
3723,0.003571856301277876,0,0.003495908807963133,0
3724,0.007514107972383499,0,0.006171436049044132,0
3725,0.00432412326335907,0,0.004174329806119204,0
3726,0.004276098683476448,0,0.007584466133266687,0
3727,0.005113930441439152,0,0.004375370219349861,0
3728,0.0051258634775877,0,0.006983151659369469,0
3729,0.005716660059988499,0,0.005539024714380503,0
3730,0.003338526701554656,0,0.007077004760503769,0
3731,0.011074138805270195,0,0.006318815052509308,0
3732,0.006904191337525845,0,0.008715235628187656,0
3733,0.008877180516719818,0,0.005486146081238985,0
3734,0.03182496502995491,1,0.6287115812301636,0
3735,0.002732997527346015,0,0.01849213056266308,0
3736,0.0030856176745146513,0,0.0031850093510001898,0
3737,0.007364497520029545,0,0.9265406131744385,1
3738,0.005225489381700754,0,0.009695167653262615,0
3739,0.0019208027515560389,1,0.025220243260264397,0
3740,0.005378021392971277,0,0.012361863628029823,0
3741,0.006074895616620779,0,0.006829706486314535,0
3742,0.045418959110975266,0,0.0041874004527926445,0
3743,0.0031689407769590616,0,0.012985761277377605,0
3744,0.030399369075894356,0,0.004036434460431337,0
3745,0.008000779896974564,0,0.005025718826800585,0
3746,0.0022515205200761557,0,0.05430832877755165,1
3747,0.009683221578598022,0,0.007325898390263319,0
3748,0.0048528993502259254,0,0.00829748623073101,0
3749,0.008574862033128738,0,0.005987627897411585,0
3750,0.004916206002235413,0,0.006604118272662163,0
3751,0.6674006581306458,0,0.008196603506803513,1
3752,0.018206855282187462,0,0.004040711559355259,0
3753,0.01210999395698309,0,0.003992295358330011,0
3754,0.003473422722890973,0,0.006985810585319996,0
3755,0.007933620363473892,0,0.005568715278059244,0
3756,0.007758946157991886,0,0.004414071794599295,0
3757,0.005206514149904251,0,0.0038572538178414106,0
3758,0.004106774460524321,0,0.02718929760158062,0
3759,0.017979415133595467,0,0.08718784153461456,0
3760,0.0479624904692173,0,0.00581469526514411,0
3761,0.005191611126065254,0,0.006305111572146416,0
3762,0.009047792293131351,0,0.007106912322342396,0
3763,0.006254356354475021,0,0.0034461775794625282,0
3764,0.012714056298136711,0,0.005489199422299862,0
3765,0.005966241471469402,0,0.011446005664765835,0
3766,0.008881498128175735,0,0.013007487170398235,0
3767,0.18121440708637238,0,0.002938099903985858,0
3768,0.006158160977065563,0,0.023465672507882118,0
3769,0.007221323437988758,0,0.006933198776096106,0
3770,0.006316609214991331,0,0.004483361262828112,0
3771,0.01769631914794445,0,0.004021204076707363,0
3772,0.004686297383159399,0,0.007150283083319664,0
3773,0.005619591102004051,0,0.017376087605953217,0
3774,0.007527750451117754,0,0.09484539180994034,0
3775,0.0032836836762726307,0,0.004725167993456125,0
3776,0.02213703840970993,0,0.005706077441573143,0
3777,0.0071197436191141605,0,0.004072699695825577,0
3778,0.003808767069131136,0,0.003436989849433303,0
3779,0.004109986126422882,0,0.0069472151808440685,0
3780,0.01834763027727604,0,0.012837700545787811,0
3781,0.008267589844763279,0,0.01491106953471899,0
3782,0.014331438578665257,0,0.007153086364269257,0
3783,0.006771447136998177,0,0.002758081303909421,0
3784,0.04645520821213722,0,0.005875208415091038,0
3785,0.006221835035830736,0,0.004457226023077965,0
3786,0.00394651060923934,0,0.011551102623343468,0
3787,0.010942064225673676,0,0.0055673373863101006,0
3788,0.006529826205223799,0,0.004742802120745182,0
3789,0.004118314478546381,0,0.10822496563196182,0
3790,0.006469035055488348,0,0.09240827709436417,0
3791,0.011295909993350506,0,0.003449234878644347,0
3792,0.003878176910802722,0,0.008538426831364632,0
3793,0.14178232848644257,0,0.006009301170706749,0
3794,0.03724004700779915,0,0.009447925724089146,0
3795,0.005092079285532236,0,0.004969471599906683,0
3796,0.005522710736840963,0,0.012904859147965908,1
3797,0.008732851594686508,0,0.0097493352368474,0
3798,0.006477462127804756,0,0.006852410268038511,0
3799,0.00515317777171731,0,0.0030253040604293346,0
3800,0.006655775010585785,0,0.006556495558470488,0
3801,0.007758971769362688,0,0.011258735321462154,0
3802,0.002449600026011467,0,0.006587271578609943,0
3803,0.003732464974746108,0,0.005571301095187664,0
3804,0.003156008431687951,0,0.0326186902821064,0
3805,0.025858720764517784,0,0.2126435935497284,0
3806,0.004714441020041704,0,0.009226507507264614,0
3807,0.0031472938135266304,0,0.006872878409922123,0
3808,0.007091300096362829,0,0.002653196919709444,0
3809,0.006505557801574469,0,0.019133565947413445,0
3810,0.008405832573771477,0,0.004025119356811047,0
3811,0.004981695208698511,0,0.007629032712429762,0
3812,0.006314583122730255,0,0.007182126399129629,0
3813,0.0019631548784673214,0,0.0028167120181024075,0
3814,0.006035115569829941,0,0.005632468033581972,0
3815,0.015462537296116352,0,0.005271966103464365,0
3816,0.010693026706576347,0,0.004017686005681753,0
3817,0.004576025065034628,0,0.0061887772753834724,0
3818,0.008746393024921417,0,0.0014020823873579502,0
3819,0.6067611575126648,1,0.002109100576490164,0
3820,0.011977073736488819,0,0.006381136365234852,0
3821,0.003950049169361591,0,0.005111320875585079,0
3822,0.0021691457368433475,0,0.006140152458101511,0
3823,0.0048999483697116375,0,0.0027888251934200525,0
3824,0.025659242644906044,0,0.006225851830095053,0
3825,0.006816225592046976,0,0.009617620147764683,0
3826,0.005083308555185795,0,0.004030787386000156,0
3827,0.002728569321334362,0,0.007049014791846275,0
3828,0.0059030745178461075,0,0.009508396498858929,0
3829,0.26499348878860474,0,0.007908047176897526,0
3830,0.003869687207043171,0,0.005058507435023785,0
3831,0.006689336150884628,0,0.004513036925345659,0
3832,0.005391469690948725,0,0.013122549280524254,0
3833,0.0025689895264804363,0,0.024163220077753067,0
3834,0.004658566787838936,0,0.003372672013938427,0
3835,0.005499785766005516,0,0.005152649711817503,0
3836,0.0517084077000618,1,0.003109539160504937,0
3837,0.005981647875159979,0,0.007386637851595879,0
3838,0.002786613069474697,0,0.006001587025821209,1
3839,0.017695192247629166,0,0.0208369642496109,0
3840,0.002646885346621275,0,0.003565940074622631,0
3841,0.01160737406462431,0,0.0015371713088825345,0
3842,0.006097489967942238,0,0.007796521298587322,0
3843,0.0039240289479494095,0,0.004022587090730667,0
3844,0.0035034085158258677,0,0.004930367227643728,0
3845,0.0034432620741426945,0,0.008675063028931618,0
3846,0.003212123876437545,0,0.005138165317475796,0
3847,0.64306640625,0,0.007153679151087999,0
3848,0.00839949119836092,0,0.009945823810994625,0
3849,0.010148325003683567,0,0.016127362847328186,0
3850,0.0017815246246755123,0,0.04524838924407959,0
3851,0.00266593717969954,0,0.0026398582849651575,0
3852,0.009001395665109158,0,0.010658307000994682,0
3853,0.10394488275051117,0,0.02002529986202717,0
3854,0.015594800002872944,0,0.0032322725746780634,0
3855,0.007955598644912243,0,0.0034085516817867756,0
3856,0.07090695202350616,0,0.005277995485812426,0
3857,0.005191062111407518,0,0.006498097907751799,0
3858,0.006178400944918394,0,0.006601074710488319,0
3859,0.00289688678458333,0,0.010198329575359821,0
3860,0.003329784609377384,0,0.010365896858274937,0
3861,0.0048804632388055325,0,0.003411361947655678,0
3862,0.0038651477079838514,0,0.005215291865170002,0
3863,0.006185050588101149,0,0.011983604170382023,0
3864,0.007634200621396303,0,0.008404838852584362,0
3865,0.0022944959346204996,0,0.005808025132864714,0
3866,0.006119593046605587,0,0.008553286083042622,0
3867,0.012502050958573818,0,0.008975370787084103,0
3868,0.004075787495821714,0,0.004369348753243685,0
3869,0.00417532492429018,0,0.005086316727101803,0
3870,0.023552214726805687,0,0.0036814461927860975,0
3871,0.019730843603610992,0,0.013682404533028603,0
3872,0.10232064872980118,0,0.03381762653589249,0
3873,0.008583265356719494,0,0.006130638066679239,0
3874,0.013949478045105934,0,0.005474736914038658,0
3875,0.006497980561107397,0,0.011424229480326176,0
3876,0.002475633518770337,0,0.005768319591879845,0
3877,0.0304537583142519,0,0.02994007058441639,0
3878,0.005678325891494751,0,0.0024155178107321262,0
3879,0.005123903974890709,0,0.006839357782155275,0
3880,0.004988630302250385,0,0.0029280150774866343,0
3881,0.008663957007229328,0,0.008048731833696365,0
3882,0.002521705813705921,0,0.010880701243877411,0
3883,0.004346492700278759,0,0.0074018328450620174,0
3884,0.006418178789317608,0,0.006946179084479809,0
3885,0.0034283509012311697,0,0.004941245540976524,0
3886,0.006934302393347025,0,0.010697077959775925,0
3887,0.11459212005138397,0,0.008878791704773903,0
3888,0.004542136564850807,0,0.012055682018399239,0
3889,0.004399549216032028,0,0.008630291558802128,0
3890,0.016822682693600655,0,0.013661839067935944,0
3891,0.04319646582007408,0,0.005642807576805353,0
3892,0.02161501534283161,0,0.0386352576315403,0
3893,0.006114731542766094,0,0.009161191061139107,0
3894,0.007511892821639776,0,0.012153379619121552,0
3895,0.0031513103749603033,0,0.002367811743170023,0
3896,0.007975976914167404,0,0.0066331117413938046,0
3897,0.004047775641083717,0,0.005409762728959322,0
3898,0.004688668996095657,0,0.00445604557171464,0
3899,0.003669686848297715,0,0.006603498477488756,0
3900,0.007348653860390186,0,0.036871396005153656,0
3901,0.004121041856706142,0,0.02246255613863468,0
3902,0.007793634198606014,0,0.004733822774142027,0
3903,0.003863060846924782,0,0.005043123848736286,0
3904,0.019079003483057022,0,0.0030661674682050943,0
3905,0.008708180859684944,0,0.006226374302059412,0
3906,0.005535448435693979,0,0.009276213124394417,0
3907,0.017881525680422783,0,0.0039910366758704185,0
3908,0.002055023331195116,0,0.00874307006597519,0
3909,0.013632519170641899,0,0.005367001052945852,0
3910,0.06790235638618469,0,0.004249023273587227,0
3911,0.007710674777626991,0,0.00453063752502203,0
3912,0.04428182914853096,0,0.0036925901658833027,1
3913,0.0029369296971708536,0,0.006289270240813494,0
3914,0.0034483824856579304,0,0.006481606047600508,0
3915,0.003920413088053465,0,0.006784817669540644,0
3916,0.003152071265503764,0,0.004054091405123472,0
3917,0.004054919350892305,0,0.0023999058175832033,0
3918,0.0027257653418928385,0,0.007099385838955641,0
3919,0.010734772309660912,0,0.007793656550347805,0
3920,0.01215038076043129,0,0.012045945972204208,0
3921,0.0029413201846182346,0,0.4186057448387146,0
3922,0.005765297915786505,0,0.010100513696670532,0
3923,0.009230378083884716,0,0.007818592712283134,0
3924,0.0042860605753958225,0,0.003695869818329811,0
3925,0.00531116733327508,0,0.0068818447180092335,0
3926,0.004053458105772734,0,0.0037973823491483927,0
3927,0.679417610168457,1,0.002408490050584078,0
3928,0.004023183137178421,0,0.0048884437419474125,0
3929,0.015261579304933548,0,0.0033332963939756155,0
3930,0.007569030858576298,0,0.006479511968791485,0
3931,0.007287162821739912,0,0.01003241166472435,0
3932,0.014926291070878506,0,0.011000106111168861,0
3933,0.0067849489860236645,0,0.007191074546426535,0
3934,0.008211479522287846,0,0.014749519526958466,0
3935,0.006460930220782757,0,0.5695792436599731,0
3936,0.006381281651556492,0,0.0033736692275851965,0
3937,0.006740971934050322,0,0.009562727063894272,0
3938,0.003853353438898921,0,0.02273593656718731,0
3939,0.020914264023303986,0,0.004475391935557127,0
3940,0.5132964849472046,0,0.003398950444534421,0
3941,0.0040187109261751175,0,0.0050301868468523026,0
3942,0.02268318645656109,0,0.03445519134402275,0
3943,0.01099566649645567,0,0.009745133109390736,0
3944,0.011484621092677116,0,0.00624700216576457,0
3945,0.0030431472696363926,0,0.017420057207345963,0
3946,0.005529571324586868,0,0.0039639584720134735,1
3947,0.011154549196362495,0,0.004667412489652634,0
3948,0.004981279373168945,0,0.004138587974011898,0
3949,0.044138528406620026,0,0.01144204568117857,0
3950,0.10611984133720398,0,0.00896598119288683,0
3951,0.004656752105802298,0,0.008348065428435802,0
3952,0.0327041856944561,0,0.003539903787896037,0
3953,0.0058604138903319836,0,0.0036353094037622213,0
3954,0.007573459297418594,0,0.003436202649027109,0
3955,0.0074289352633059025,0,0.1273854821920395,0
3956,0.2966991066932678,0,0.009759988635778427,0
3957,0.0067690457217395306,0,0.03514824062585831,0
3958,0.05235078185796738,0,0.008211296983063221,0
3959,0.007246235851198435,0,0.007399157155305147,0
3960,0.0028021764010190964,0,0.005796805024147034,0
3961,0.0038264570757746696,0,0.03948535770177841,0
3962,0.004464080557227135,0,0.004761809948831797,0
3963,0.007551657035946846,0,0.010230165906250477,0
3964,0.0052749719470739365,0,0.02432500571012497,0
3965,0.004394461866468191,0,0.8438642621040344,1
3966,0.07218490540981293,0,0.00680316099897027,0
3967,0.6133516430854797,1,0.008607381023466587,0
3968,0.01061822660267353,0,0.005566996987909079,0
3969,0.015042424201965332,0,0.00506201758980751,0
3970,0.006412692833691835,0,0.006986317224800587,0
3971,0.07185538113117218,0,0.004624585621058941,0
3972,0.0039559463039040565,0,0.005500528961420059,0
3973,0.016930682584643364,0,0.0063079711981117725,0
3974,0.003716558450832963,0,0.010821321047842503,0
3975,0.7066389322280884,0,0.012292180210351944,0
3976,0.0061448621563613415,0,0.005967737641185522,0
3977,0.005957247223705053,0,0.005146578885614872,0
3978,0.004437271039932966,0,0.004312148783355951,0
3979,0.9512072205543518,1,0.009790419600903988,0
3980,0.012284563854336739,0,0.0030866898596286774,0
3981,0.007845151238143444,0,0.1034420058131218,0
3982,0.004045453853905201,0,0.008853073231875896,0
3983,0.007059141062200069,0,0.00783358421176672,0
3984,0.0032100712414830923,0,0.02263953723013401,0
3985,0.015021950006484985,0,0.0024279579520225525,0
3986,0.004625534173101187,0,0.006728057283908129,0
3987,0.0065774936228990555,0,0.10375171154737473,0
3988,0.0062186396680772305,0,0.004587873350828886,0
3989,0.0036921673454344273,0,0.15788963437080383,0
3990,0.002837922191247344,0,0.021487737074494362,0
3991,0.021565377712249756,0,0.005647456739097834,0
3992,0.4982959032058716,1,0.004411160480231047,0
3993,0.006044948939234018,0,0.021665064617991447,0
3994,0.009895003400743008,0,0.00448173563927412,0
3995,0.004006659146398306,0,0.005528580397367477,0
3996,0.003032727399840951,0,0.24982553720474243,0
3997,0.009643634781241417,0,0.0042225997895002365,0
3998,0.01037067174911499,0,0.00605007354170084,0
3999,0.006271412130445242,0,0.004277296829968691,0
4000,0.002787164179608226,0,0.005317369941622019,0
4001,0.0059808543883264065,0,0.005876373033970594,0
4002,0.02615363895893097,0,0.0037440790329128504,0
4003,0.002889160765334964,0,0.21357814967632294,0
4004,0.01227511465549469,0,0.006767218932509422,0
4005,0.01224314421415329,0,0.0025788317434489727,0
4006,0.23103486001491547,0,0.005543433595448732,0
4007,0.0044680130667984486,0,0.002302784938365221,0
4008,0.004359156358987093,0,0.0078505277633667,0
4009,0.01759175956249237,0,0.05311942845582962,0
4010,0.07869024574756622,0,0.008830524049699306,0
4011,0.04329526051878929,0,0.0062117124907672405,0
4012,0.007423045113682747,0,0.0030563154723495245,0
4013,0.006132151931524277,0,0.004194172564893961,0
4014,0.914564311504364,1,0.00624781334772706,0
4015,0.018500467762351036,0,0.0035397829487919807,0
4016,0.004796052351593971,0,0.05980466306209564,0
4017,0.06158047169446945,0,0.005673977080732584,0
4018,0.005372907035052776,0,0.005986736621707678,0
4019,0.06974567472934723,0,0.006310252007097006,0
4020,0.0031638594809919596,0,0.003625145647674799,0
4021,0.002828350756317377,0,0.005270685534924269,0
4022,0.005909468978643417,0,0.0052325064316391945,0
4023,0.007915506139397621,0,0.01993662677705288,0
4024,0.0026842860970646143,1,0.0058474792167544365,0
4025,0.003676400054246187,0,0.005967941600829363,0
4026,0.0025079157203435898,0,0.0027798619121313095,0
4027,0.004733568988740444,0,0.00355904595926404,0
4028,0.010318652726709843,0,0.004280809313058853,0
4029,0.00715948361903429,0,0.0034391137305647135,0
4030,0.007248870097100735,0,0.005486312787979841,0
4031,0.010266514495015144,0,0.004114330746233463,0
4032,0.0032528871670365334,0,0.004318748135119677,0
4033,0.006490394007414579,0,0.0068913609720766544,0
4034,0.004190786276012659,0,0.024245930835604668,0
4035,0.00902814231812954,1,0.0024245763197541237,0
4036,0.005747717339545488,0,0.005362090654671192,0
4037,0.016332311555743217,0,0.0355406291782856,0
4038,0.00601672800257802,0,0.00944451242685318,0
4039,0.006000281777232885,0,0.005991284269839525,0
4040,0.013080623932182789,0,0.11815471947193146,0
4041,0.008846476674079895,0,0.004509567748755217,0
4042,0.0040934099815785885,0,0.008526128716766834,0
4043,0.00560744060203433,0,0.009809854440391064,0
4044,0.004544269293546677,0,0.011309284716844559,0
4045,0.005724373273551464,0,0.1226656436920166,0
4046,0.005739751737564802,0,0.006779099814593792,0
4047,0.008017214015126228,0,0.003817747812718153,0
4048,0.006797483656555414,0,0.010961789637804031,0
4049,0.04736341908574104,0,0.006351018790155649,0
4050,0.007517963647842407,0,0.007265043910592794,0
4051,0.004506516270339489,0,0.01848648488521576,0
4052,0.005761969834566116,0,0.004411030560731888,0
4053,0.6738009452819824,1,0.006986498832702637,0
4054,0.004713219590485096,0,0.003381680464372039,0
4055,0.031240860000252724,0,0.006296220701187849,0
4056,0.011683479882776737,0,0.005665742792189121,0
4057,0.013061923906207085,0,0.004817226901650429,0
4058,0.008583525195717812,0,0.004429496359080076,0
4059,0.007774327881634235,0,0.004666150081902742,0
4060,0.012258242815732956,0,0.0037527172826230526,0
4061,0.003600683296099305,0,0.014000512659549713,0
4062,0.013788373209536076,0,0.0038698120042681694,0
4063,0.6951279044151306,1,0.009902190417051315,0
4064,0.011813043616712093,0,0.002177594229578972,0
4065,0.004478464834392071,0,0.005134218372404575,0
4066,0.006297369487583637,0,0.007381971459835768,0
4067,0.01886143535375595,0,0.017367906868457794,0
4068,0.02951057069003582,0,0.5679701566696167,1
4069,0.0612715445458889,0,0.01457342691719532,0
4070,0.00583640718832612,0,0.004263001028448343,0
4071,0.01938226819038391,0,0.023900823667645454,0
4072,0.0038118131924420595,0,0.0037216413766145706,0
4073,0.014601467177271843,0,0.11875507980585098,0
4074,0.04896070808172226,0,0.006980497390031815,0
4075,0.002129365922883153,0,0.022078556939959526,0
4076,0.007762199267745018,0,0.006116536911576986,0
4077,0.0046239010989665985,0,0.0024943407624959946,0
4078,0.0020274952985346317,0,0.0054388754069805145,0
4079,0.00904206931591034,0,0.8047481775283813,1
4080,0.004341815132647753,0,0.25673216581344604,0
4081,0.007187020964920521,0,0.0038878193590790033,0
4082,0.006519694346934557,0,0.008439511060714722,0
4083,0.0057887062430381775,0,0.005160890985280275,0
4084,0.0026639364659786224,0,0.004062064457684755,0
4085,0.003998373169451952,0,0.005353993736207485,0
4086,0.005586054176092148,0,0.0044418214820325375,0
4087,0.004788300022482872,0,0.0603017620742321,0
4088,0.006836903281509876,0,0.03407568857073784,0
4089,0.0024166933726519346,0,0.008718444965779781,0
4090,0.06448153406381607,0,0.007204199675470591,0
4091,0.011355342343449593,0,0.007406360935419798,0
4092,0.05334044247865677,0,0.0030999458394944668,0
4093,0.008961554616689682,0,0.01249229907989502,0
4094,0.028204306960105896,0,0.00892913993448019,0
4095,0.03225577995181084,0,0.006730718072503805,0
4096,0.006334529258310795,0,0.01020400132983923,0
4097,0.003471358446404338,0,0.003141605295240879,0
4098,0.01969551295042038,0,0.004906844347715378,0
4099,0.007573480252176523,0,0.02235872484743595,0
4100,0.008089746348559856,0,0.2977936267852783,0
4101,0.036151960492134094,0,0.005690920632332563,0
4102,0.001977016683667898,0,0.0029909342993050814,0
4103,0.004565994720906019,0,0.0046537891030311584,0
4104,0.009851344861090183,0,0.05310477688908577,0
4105,0.03729844465851784,0,0.003552915994077921,0
4106,0.015729578211903572,1,0.004002497531473637,0
4107,0.00406607473269105,0,0.6462366580963135,0
4108,0.05334946885704994,0,0.003220997517928481,0
4109,0.010561197064816952,0,0.005682651419192553,0
4110,0.007708788849413395,0,0.008616778068244457,0
4111,0.004823629278689623,0,0.036857716739177704,0
4112,0.014731236733496189,0,0.006280113011598587,0
4113,0.0037571643479168415,0,0.004555960185825825,0
4114,0.0058518825098872185,0,0.009602928534150124,0
4115,0.005272583570331335,0,0.005315620452165604,0
4116,0.00924778450280428,0,0.004481527488678694,0
4117,0.006485740188509226,0,0.010823619551956654,0
4118,0.0032573752105236053,0,0.7753649353981018,1
4119,0.001980295404791832,0,0.010511449538171291,0
4120,0.02423257753252983,0,0.01064471434801817,0
4121,0.0022629748564213514,0,0.004435973707586527,0
4122,0.0033986452035605907,0,0.004598776809871197,0
4123,0.8098649382591248,1,0.0033516816329210997,0
4124,0.06696903705596924,0,0.008719158358871937,0
4125,0.011039606295526028,0,0.014577528461813927,0
4126,0.004238285589963198,0,0.0037372768856585026,0
4127,0.0023137200623750687,0,0.004685508087277412,0
4128,0.020567702129483223,0,0.7481708526611328,1
4129,0.008081921376287937,0,0.003387066535651684,0
4130,0.0030874472577124834,0,0.003839879995211959,0
4131,0.011106610298156738,0,0.002725115977227688,0
4132,0.004402484279125929,0,0.005538651719689369,0
4133,0.00395353464409709,0,0.014825950376689434,0
4134,0.005579248070716858,0,0.004780852235853672,0
4135,0.0033542581368237734,1,0.011647943407297134,0
4136,0.11664599925279617,0,0.0026995607186108828,0
4137,0.004312068689614534,0,0.004743171390146017,0
4138,0.01121227815747261,0,0.0027176025323569775,0
4139,0.005371075123548508,0,0.005586504004895687,0
4140,0.007221521344035864,0,0.006905358284711838,0
4141,0.004326398950070143,0,0.018538430333137512,0
4142,0.005658241920173168,0,0.3091159164905548,0
4143,0.006629945244640112,0,0.0028583696112036705,0
4144,0.00420952495187521,0,0.0036863062996417284,0
4145,0.005631215870380402,0,0.00396009162068367,0
4146,0.002329866401851177,0,0.007023075595498085,0
4147,0.00705791125074029,0,0.004550937097519636,0
4148,0.008511906489729881,0,0.013434220105409622,0
4149,0.008365515619516373,0,0.0120934396982193,0
4150,0.006639360450208187,0,0.0048582544550299644,0
4151,0.020484106615185738,0,0.0042098029516637325,0
4152,0.01686888188123703,0,0.0076208170503377914,0
4153,0.010504583828151226,0,0.010742421261966228,0
4154,0.006705108098685741,0,0.009208565577864647,0
4155,0.004926683846861124,0,0.004690641071647406,0
4156,0.024519089609384537,0,0.0029254616238176823,0
4157,0.004153434187173843,0,0.0029321357142180204,0
4158,0.00827779620885849,0,0.0041383616626262665,0
4159,0.018194057047367096,0,0.006228291895240545,0
4160,0.8060953617095947,1,0.005897791590541601,0
4161,0.006846098229289055,0,0.008043461479246616,0
4162,0.007821286097168922,0,0.0043493579141795635,0
4163,0.01506707165390253,0,0.008783313445746899,1
4164,0.007347290404140949,0,0.0075937071815133095,0
4165,0.006230304948985577,0,0.004159898497164249,0
4166,0.013586864806711674,0,0.6371522545814514,0
4167,0.008907143957912922,0,0.006063344422727823,0
4168,0.0034814400132745504,0,0.21413476765155792,0
4169,0.004714342765510082,0,0.17694944143295288,0
4170,0.006257973145693541,0,0.008949311450123787,0
4171,0.5263571739196777,0,0.007659344468265772,0
4172,0.005102884490042925,0,0.006516776513308287,0
4173,0.010444884188473225,0,0.011746421456336975,0
4174,0.7002092599868774,1,0.002358463127166033,0
4175,0.0048928409814834595,0,0.00656523834913969,0
4176,0.008101494051516056,0,0.0026706489734351635,0
4177,0.0021110614761710167,0,0.002733902307227254,0
4178,0.01065005362033844,0,0.00436670845374465,0
4179,0.010967596434056759,0,0.01887984573841095,0
4180,0.008431379683315754,0,0.012184515595436096,0
4181,0.008538818918168545,0,0.054525308310985565,0
4182,0.01901024580001831,0,0.006782603915780783,0
4183,0.005425550974905491,0,0.005085660144686699,0
4184,0.006268458906561136,0,0.010073824785649776,0
4185,0.004883412271738052,1,0.03912554681301117,0
4186,0.022196974605321884,0,0.004449230618774891,0
4187,0.004082265309989452,0,0.002862473949790001,0
4188,0.0056795887649059296,0,0.004192006308585405,0
4189,0.0035170973278582096,0,0.0067358436062932014,0
4190,0.006302674300968647,0,0.3971998393535614,0
4191,0.005931972060352564,0,0.003972699865698814,0
4192,0.00500071095302701,0,0.002712454879656434,0
4193,0.005841827020049095,0,0.0027608631644397974,0
4194,0.005867838393896818,0,0.006006695330142975,0
4195,0.004628824070096016,0,0.004446701146662235,0
4196,0.005356320645660162,0,0.0827285647392273,1
4197,0.028171544894576073,0,0.005001100245863199,0
4198,0.002516429405659437,0,0.00888437032699585,0
4199,0.003102667396888137,0,0.0019402076723054051,0
4200,0.01874917931854725,0,0.00846877135336399,0
4201,0.0043920716270804405,0,0.0039195530116558075,0
4202,0.0031802125740796328,0,0.00606517493724823,0
4203,0.011952401138842106,0,0.003218752332031727,0
4204,0.0065648178569972515,0,0.02821359783411026,0
4205,0.006738695781677961,0,0.008854825980961323,0
4206,0.004533886443823576,0,0.009083079174160957,0
4207,0.006169348489493132,0,0.06776034086942673,0
4208,0.006903606001287699,0,0.004923765081912279,0
4209,0.018420184031128883,0,0.005696541164070368,0
4210,0.019781483337283134,0,0.004876093473285437,0
4211,0.0029064530972391367,0,0.01257423497736454,0
4212,0.2549141049385071,0,0.0036094256211072206,0
4213,0.010445978492498398,0,0.0047074854373931885,0
4214,0.004574932623654604,1,0.005518045742064714,0
4215,0.005629656370729208,0,0.023178106173872948,0
4216,0.008381749503314495,0,0.012039250694215298,0
4217,0.03788090497255325,0,0.004480365663766861,0
4218,0.0071840411983430386,0,0.00930396281182766,0
4219,0.006961790844798088,0,0.01643083617091179,0
4220,0.006708570756018162,0,0.007273192051798105,0
4221,0.010541846044361591,0,0.003921864088624716,0
4222,0.005655745044350624,0,0.009448381140828133,0
4223,0.006581854075193405,0,0.03814388066530228,0
4224,0.0060526723973453045,0,0.002803502604365349,0
4225,0.005110898986458778,0,0.007053675130009651,0
4226,0.003620672272518277,0,0.0076585980132222176,0
4227,0.0044462112709879875,0,0.002874224679544568,0
4228,0.0098929014056921,0,0.006328786723315716,0
4229,0.006113595329225063,0,0.003758313599973917,0
4230,0.005497971083968878,0,0.005305074155330658,0
4231,0.007135849446058273,0,0.005874671507626772,0
4232,0.023064550012350082,0,0.014733201824128628,0
4233,0.02976074069738388,0,0.006788137834519148,0
4234,0.0045341746881604195,0,0.09649359434843063,0
4235,0.01062916312366724,0,0.017281945794820786,0
4236,0.00416749669238925,0,0.006879270076751709,0
4237,0.02178664319217205,0,0.003970025572925806,0
4238,0.007002962753176689,0,0.011418834328651428,0
4239,0.0055967229418456554,0,0.0026855296455323696,0
4240,0.002612143289297819,0,0.00976205337792635,0
4241,0.00318280141800642,0,0.005190626252442598,0
4242,0.003106237156316638,0,0.00517643615603447,0
4243,0.03084799088537693,0,0.008697736077010632,0
4244,0.005998967681080103,0,0.01740439422428608,0
4245,0.03293532878160477,0,0.004642377141863108,0
4246,0.013467286713421345,0,0.0073118130676448345,0
4247,0.0037366377655416727,0,0.02105630375444889,0
4248,0.005740704946219921,0,0.003788398578763008,0
4249,0.005083824507892132,0,0.006569521967321634,0
4250,0.008684520609676838,0,0.005607427563518286,0
4251,0.00392127176746726,0,0.005520139820873737,0
4252,0.005110278259962797,0,0.005017113406211138,0
4253,0.004514147061854601,0,0.008154979906976223,0
4254,0.008465845137834549,0,0.005670179612934589,0
4255,0.004256613552570343,0,0.008954430930316448,0
4256,0.0077677397057414055,1,0.006861236412078142,0
4257,0.02655208483338356,1,0.009979861788451672,0
4258,0.003954308573156595,0,0.567569375038147,0
4259,0.006289556156843901,0,0.004069383721798658,0
4260,0.0038814241997897625,0,0.00551340589299798,0
4261,0.007322813384234905,0,0.0067832753993570805,1
4262,0.005391397979110479,0,0.009450077079236507,0
4263,0.005984228570014238,0,0.005337979644536972,0
4264,0.006548812612891197,0,0.004415392410010099,0
4265,0.012550657615065575,0,0.030156385153532028,0
4266,0.028071973472833633,0,0.0027346820570528507,0
4267,0.02214624732732773,0,0.0073461635038256645,0
4268,0.023507924750447273,0,0.011324485763907433,0
4269,0.003158427542075515,0,0.0026825887616723776,0
4270,0.5063084959983826,1,0.007322799414396286,0
4271,0.006762464065104723,0,0.004347148817032576,0
4272,0.12304093688726425,0,0.6123042106628418,1
4273,0.007053842302411795,0,0.0069074188359081745,0
4274,0.0495922714471817,0,0.008377877995371819,0
4275,0.026160748675465584,0,0.003031892469152808,0
4276,0.03488351032137871,0,0.0108901122584939,0
4277,0.009412691928446293,0,0.004074487369507551,0
4278,0.0065293097868561745,0,0.016982268542051315,0
4279,0.003950347658246756,0,0.03819120675325394,0
4280,0.0038592477794736624,0,0.3078439235687256,0
4281,0.026570560410618782,0,0.004767376463860273,0
4282,0.008724863640964031,0,0.2817731499671936,1
4283,0.0035295698326081038,0,0.01065005362033844,0
4284,0.009717167355120182,0,0.004893941804766655,0
4285,0.01169803086668253,0,0.00587729224935174,0
4286,0.0031027602963149548,0,0.005572175607085228,0
4287,0.007375300861895084,0,0.0032025366090238094,0
4288,0.0030367898289114237,0,0.021243466064333916,0
4289,0.011150173842906952,0,0.007130841724574566,0
4290,0.004296937026083469,1,0.007305176928639412,0
4291,0.004448369145393372,0,0.010172625072300434,0
4292,0.09709689766168594,1,0.008475644513964653,0
4293,0.010514446534216404,0,0.004809994716197252,0
4294,0.018458234146237373,0,0.05044850334525108,0
4295,0.00811363011598587,0,0.0030959739815443754,0
4296,0.012530646286904812,0,0.005625712685286999,0
4297,0.00505674397572875,0,0.015346704982221127,0
4298,0.032596156001091,0,0.0056419516913592815,0
4299,0.008092176169157028,0,0.008132951334118843,0
4300,0.009966015815734863,0,0.00380705576390028,0
4301,0.005491490010172129,0,0.08740489929914474,0
4302,0.0035049670841544867,0,0.012156082317233086,0
4303,0.008959958329796791,0,0.010237420909106731,0
4304,0.005969061516225338,0,0.0035845458041876554,0
4305,0.009485363960266113,0,0.004915627185255289,0
4306,0.005661086644977331,0,0.00548574049025774,0
4307,0.010538882575929165,0,0.012790223583579063,0
4308,0.007549280766397715,0,0.0027718786150217056,0
4309,0.01543383114039898,0,0.0038604834116995335,0
4310,0.010506601072847843,0,0.006460924632847309,0
4311,0.14427830278873444,0,0.0018418342806398869,0
4312,0.005481379572302103,0,0.006012933794409037,0
4313,0.005309031344950199,0,0.008847384713590145,0
4314,0.0034975185990333557,0,0.00739038921892643,0
4315,0.010148928500711918,0,0.00504328403621912,0
4316,0.013667148537933826,0,0.15834754705429077,0
4317,0.005941914394497871,0,0.10565859824419022,0
4318,0.0023957721423357725,0,0.5969105958938599,1
4319,0.012917621061205864,0,0.008063066750764847,0
4320,0.007784962188452482,0,0.011979172937572002,0
4321,0.0037391914520412683,0,0.03503657504916191,0
4322,0.030706819146871567,0,0.005378827452659607,0
4323,0.004821674898266792,0,0.003431010525673628,0
4324,0.03216097876429558,0,0.004146592225879431,0
4325,0.006225822493433952,0,0.0027577888686209917,0
4326,0.002870985073968768,0,0.16940879821777344,0
4327,0.006353709846735001,0,0.002838992280885577,0
4328,0.004312670789659023,0,0.010851345025002956,0
4329,0.015755867585539818,0,0.0032124430872499943,0
4330,0.003856750437989831,0,0.006724371574819088,0
4331,0.003274272195994854,0,0.016705447807908058,0
4332,0.008468395099043846,0,0.004350747913122177,0
4333,0.011284365318715572,0,0.012824087403714657,0
4334,0.006752599962055683,0,0.004499285481870174,0
4335,0.007030934561043978,0,0.0396156944334507,0
4336,0.004334478639066219,0,0.00944592710584402,0
4337,0.01652524806559086,0,0.02020401880145073,0
4338,0.6288402080535889,0,0.2384757101535797,0
4339,0.004427640233188868,0,0.01026172749698162,0
4340,0.027539024129509926,0,0.24965548515319824,0
4341,0.004611355718225241,0,0.007847052067518234,0
4342,0.004734863061457872,0,0.006982576567679644,0
4343,0.023387756198644638,0,0.006531757302582264,0
4344,0.00547865079715848,0,0.014813405461609364,0
4345,0.004199798218905926,0,0.007141635753214359,0
4346,0.0030941294971853495,0,0.04684147238731384,0
4347,0.009739824570715427,0,0.004996835719794035,0
4348,0.02453795075416565,0,0.006920527666807175,0
4349,0.004859344568103552,0,0.013147948309779167,0
4350,0.0033931047655642033,0,0.0045762378722429276,0
4351,0.004100229125469923,0,0.015601536259055138,0
4352,0.006371348164975643,0,0.2638733685016632,0
4353,0.003950032405555248,0,0.0074278730899095535,0
4354,0.006399393081665039,0,0.004569289740175009,0
4355,0.09015268087387085,0,0.05697223171591759,0
4356,0.018109820783138275,0,0.006029851734638214,0
4357,0.005871644709259272,1,0.449975848197937,1
4358,0.004544776398688555,0,0.006293435115367174,0
4359,0.007403269410133362,0,0.10743159800767899,0
4360,0.00332794152200222,0,0.008007458411157131,0
4361,0.00867635477334261,0,0.0034726057201623917,0
4362,0.004424805752933025,0,0.575282096862793,0
4363,0.004183648154139519,0,0.003087332472205162,0
4364,0.0064134979620575905,0,0.008625706657767296,0
4365,0.003526644315570593,0,0.005157477222383022,0
4366,0.004717386327683926,0,0.007250675465911627,0
4367,0.008809401653707027,0,0.0028251034673303366,0
4368,0.004060613922774792,0,0.005457744933664799,0
4369,0.003649693913757801,0,0.010437819175422192,0
4370,0.004758710507303476,0,0.006708080880343914,0
4371,0.010626977309584618,0,0.008685201406478882,0
4372,0.008832836523652077,0,0.0036304111126810312,0
4373,0.004285791888833046,0,0.013578591868281364,0
4374,0.00953229982405901,0,0.00743449991568923,0
4375,0.007613575551658869,0,0.007540133781731129,0
4376,0.003392479382455349,0,0.005796958692371845,1
4377,0.0024221152998507023,0,0.008064894005656242,0
4378,0.005937682464718819,0,0.10670416057109833,0
4379,0.008411131799221039,0,0.04000372439622879,0
4380,0.012722773477435112,0,0.003168600145727396,0
4381,0.009547650814056396,0,0.00581378536298871,0
4382,0.007987091317772865,0,0.008220264688134193,0
4383,0.004899066872894764,0,0.47204500436782837,0
4384,0.006014034152030945,0,0.032087381929159164,0
4385,0.004944737534970045,0,0.003986993804574013,0
4386,0.005024655722081661,0,0.006708608474582434,0
4387,0.0025253549683839083,0,0.0027028671465814114,0
4388,0.004974812269210815,0,0.006351094227284193,0
4389,0.003176797879859805,0,0.015453232452273369,0
4390,0.004877676256000996,0,0.004343926440924406,0
4391,0.009119939059019089,0,0.003192625707015395,0
4392,0.004626585636287928,0,0.006887311581522226,0
4393,0.0025731322821229696,0,0.006392780691385269,0
4394,0.0046989875845611095,0,0.008013916201889515,0
4395,0.006399054080247879,0,0.27184027433395386,0
4396,0.005556473974138498,0,0.008576054126024246,0
4397,0.008797526359558105,0,0.006199817173182964,0
4398,0.01004732120782137,0,0.002709910972043872,0
4399,0.00752203818410635,0,0.010999063029885292,1
4400,0.010739726014435291,0,0.004854753613471985,0
4401,0.00228263926692307,0,0.009745868854224682,1
4402,0.0032778861932456493,0,0.0033252823632210493,0
4403,0.003347179852426052,0,0.004169577267020941,0
4404,0.013484358787536621,0,0.0076248785480856895,0
4405,0.0024457136169075966,0,0.004084012471139431,0
4406,0.006563670467585325,0,0.0074300989508628845,0
4407,0.004117110278457403,0,0.009677731432020664,0
4408,0.013006728142499924,0,0.009707839228212833,0
4409,0.013755924999713898,0,0.002579753054305911,0
4410,0.004094632808119059,0,0.0355135053396225,0
4411,0.029485493898391724,0,0.0030070007778704166,0
4412,0.005718956235796213,0,0.009482009336352348,0
4413,0.004151280969381332,0,0.005659240297973156,0
4414,0.169236421585083,0,0.003683564718812704,0
4415,0.014764077961444855,0,0.006041491869837046,0
4416,0.0049412972293794155,0,0.006533168256282806,0
4417,0.007944436743855476,0,0.0031667151488363743,0
4418,0.00642930855974555,0,0.005484668537974358,0
4419,0.011272497475147247,0,0.00494348956272006,0
4420,0.00538744917139411,0,0.007396702654659748,0
4421,0.014184929430484772,0,0.008174781687557697,0
4422,0.007577510550618172,0,0.006630642805248499,0
4423,0.017361804842948914,0,0.00871882401406765,0
4424,0.004899066872894764,0,0.012061669491231441,0
4425,0.009258166886866093,0,0.0057477690279483795,0
4426,0.003655604785308242,0,0.007348285522311926,0
4427,0.0019747524056583643,0,0.005579308606684208,0
4428,0.011995748616755009,0,0.011239954270422459,0
4429,0.010146916843950748,0,0.008497708477079868,0
4430,0.005780717823654413,0,0.007846792228519917,0
4431,0.0057570552453398705,0,0.005863223224878311,0
4432,0.07505994290113449,0,0.007888009771704674,0
4433,0.05142533779144287,0,0.007776123005896807,0
4434,0.010432525537908077,0,0.011814016848802567,0
4435,0.01024909969419241,0,0.004076240584254265,0
4436,0.005108613055199385,0,0.008741416968405247,0
4437,0.006983561906963587,0,0.0031514810398221016,0
4438,0.0032521048560738564,0,0.11289901286363602,0
4439,0.00892036221921444,0,0.006159891840070486,0
4440,0.0030252665746957064,0,0.009482895024120808,0
4441,0.005014757625758648,0,0.008958620950579643,0
4442,0.008621728047728539,0,0.008651589043438435,0
4443,0.004777083173394203,0,0.004930778872221708,0
4444,0.006714432034641504,0,0.003916160669177771,0
4445,0.005852227099239826,0,0.0024794493801891804,0
4446,0.0041844192892313,0,0.002641452942043543,0
4447,0.005786766763776541,0,0.22696545720100403,0
4448,0.010647110641002655,0,0.00549346162006259,0
4449,0.003962420392781496,0,0.005580584052950144,0
4450,0.045830924063920975,0,0.007463214453309774,0
4451,0.007122996728867292,0,0.09228822588920593,0
4452,0.38300400972366333,0,0.004298459272831678,0
4453,0.006432687863707542,0,0.005538809113204479,0
4454,0.0058873360976576805,0,0.007490131538361311,0
4455,0.004083634354174137,0,0.04421038553118706,0
4456,0.00473439134657383,0,0.007112833205610514,0
4457,0.009423346258699894,0,0.005363637115806341,0
4458,0.009815863333642483,0,0.0037090673577040434,0
4459,0.008948097005486488,0,0.004903002176433802,0
4460,0.006125128827989101,0,0.0047158170491456985,0
4461,0.005240017082542181,0,0.0043617296032607555,0
4462,0.08649031072854996,0,0.00223800097592175,0
4463,0.005787211004644632,0,0.004239098634570837,0
4464,0.005646128673106432,0,0.012297125533223152,0
4465,0.004603744950145483,0,0.014783032238483429,0
4466,0.010100575163960457,0,0.16674131155014038,0
4467,0.011382831260561943,0,0.006127553526312113,0
4468,0.016170280054211617,0,0.007721967529505491,0
4469,0.009514429606497288,0,0.821908712387085,1
4470,0.008003119379281998,0,0.005578880198299885,0
4471,0.004612467717379332,0,0.01972092129290104,1
4472,0.004228235222399235,0,0.0036201614420861006,0
4473,0.004891750402748585,0,0.0022564600221812725,0
4474,0.0042298478074371815,0,0.005494863726198673,0
4475,0.012835990637540817,0,0.0015281513333320618,0
4476,0.0049710702151060104,0,0.005507299210876226,0
4477,0.005346158519387245,0,0.005305184982717037,0
4478,0.006274940446019173,0,0.029643792659044266,0
4479,0.007062156684696674,0,0.08937383443117142,0
4480,0.04137687757611275,0,0.020573651418089867,0
4481,0.004169775173068047,0,0.0054476880468428135,0
4482,0.20166082680225372,0,0.0029173928778618574,0
4483,0.006894830614328384,0,0.005348486360162497,0
4484,0.0029239750001579523,0,0.0029649522621184587,0
4485,0.0025856380816549063,0,0.002684056293219328,0
4486,0.011017466895282269,0,0.007221908308565617,0
4487,0.006780631840229034,0,0.11191091686487198,0
4488,0.17375661432743073,0,0.5138415098190308,0
4489,0.0038584833964705467,0,0.007048710715025663,0
4490,0.7156376242637634,0,0.008780457079410553,0
4491,0.006152715068310499,0,0.009756616316735744,0
4492,0.004670255817472935,0,0.006839002016931772,0
4493,0.003287346800789237,0,0.006272065918892622,0
4494,0.01144679356366396,0,0.003985732793807983,1
4495,0.008844512514770031,0,0.16829262673854828,0
4496,0.005955372005701065,0,0.009596019051969051,0
4497,0.2130127251148224,0,0.007553537376224995,0
4498,0.005085860379040241,0,0.002229365287348628,0
4499,0.015509937889873981,0,0.0033633725252002478,0
4500,0.0033646165393292904,1,0.004360704682767391,0
4501,0.005781164858490229,0,0.020446084439754486,0
4502,0.004675789270550013,0,0.02823069877922535,0
4503,0.007131641730666161,0,0.009996931068599224,0
4504,0.005090668797492981,0,0.006617633625864983,0
4505,0.002486433833837509,0,0.011342651210725307,0
4506,0.06143997237086296,0,0.027883578091859818,0
4507,0.008295378647744656,0,0.0034899136517196894,0
4508,0.007100255694240332,0,0.004036846570670605,0
4509,0.019094957038760185,0,0.13537606596946716,0
4510,0.009028821252286434,0,0.02373516745865345,0
4511,0.007743301801383495,0,0.002025649417191744,0
4512,0.5896283984184265,0,0.0027362536638975143,0
4513,0.008753171190619469,0,0.004942813888192177,1
4514,0.01836279034614563,0,0.020747821778059006,0
4515,0.0043210554867982864,0,0.0064192707650363445,0
4516,0.006016189232468605,0,0.005134678911417723,0
4517,0.018112950026988983,0,0.005114080850034952,0
4518,0.003157492261379957,0,0.0030773512553423643,0
4519,0.04912291467189789,0,0.003863189136609435,0
4520,0.01004901435226202,0,0.0061867861077189445,0
4521,0.011549017392098904,0,0.011110717430710793,0
4522,0.005158866755664349,0,0.005435595288872719,0
4523,0.013211727142333984,0,0.008522863499820232,0
4524,0.007013837341219187,0,0.0066327061504125595,0
4525,0.005655425600707531,0,0.0071557960473001,0
4526,0.010474121198058128,0,0.004210536368191242,0
4527,0.0036729262210428715,0,0.003816939191892743,1
4528,0.0060375044122338295,0,0.07602611184120178,0
4529,0.012219620868563652,0,0.01001468114554882,0
4530,0.013448365032672882,0,0.004930905066430569,0
4531,0.005113697610795498,0,0.00771101051941514,0
4532,0.006953936070203781,0,0.009715497493743896,0
4533,0.0046785264275968075,0,0.0035693710669875145,0
4534,0.003829339286312461,0,0.0029023310635238886,0
4535,0.006126142106950283,0,0.0035003998782485723,0
4536,0.0062976498156785965,0,0.008662441745400429,0
4537,0.5781334042549133,0,0.006167159415781498,0
4538,0.012512432411313057,0,0.002948835026472807,0
4539,0.005990225356072187,0,0.005749401170760393,0
4540,0.002977753756567836,0,0.004798215348273516,0
4541,0.0032542403787374496,0,0.018819861114025116,1
4542,0.01036539301276207,0,0.014793619513511658,0
4543,0.003582211909815669,0,0.007881497032940388,0
4544,0.004727848805487156,0,0.003561359830200672,0
4545,0.006362692918628454,0,0.00624228548258543,0
4546,0.0519038662314415,0,0.0043882098980247974,0
4547,0.009615113027393818,0,0.0248727910220623,0
4548,0.0029590772464871407,0,0.011668793857097626,0
4549,0.031175607815384865,0,0.0038723198231309652,0
4550,0.0058535137213766575,0,0.004392559640109539,0
4551,0.017604852095246315,0,0.009625516831874847,0
4552,0.01770091988146305,1,0.002809211378917098,0
4553,0.0036278958432376385,0,0.0373339019715786,0
4554,0.524599552154541,1,0.01691863127052784,0
4555,0.002145619597285986,0,0.006155678536742926,0
4556,0.025081362575292587,0,0.011604322120547295,0
4557,0.018942909315228462,0,0.005566632375121117,0
4558,0.0036378493532538414,1,0.003932557534426451,0
4559,0.006162099540233612,0,0.0067980848252773285,0
4560,0.005167551804333925,0,0.03774804621934891,1
4561,0.0076179467141628265,0,0.08145751059055328,0
4562,0.012418035417795181,0,0.002990166423842311,0
4563,0.3011677861213684,0,0.0059874290600419044,0
4564,0.022374339401721954,0,0.006507663056254387,0
4565,0.007648938801139593,0,0.004303958732634783,0
4566,0.010993032716214657,0,0.011246162466704845,0
4567,0.006653244141489267,0,0.003912143409252167,0
4568,0.005636697169393301,0,0.005654160398989916,0
4569,0.005554258357733488,0,0.003425986273214221,0
4570,0.8286972641944885,0,0.006412920542061329,0
4571,0.025201713666319847,0,0.005362194497138262,0
4572,0.0031567842233926058,0,0.0050956173799932,0
4573,0.4419652223587036,0,0.006516177672892809,0
4574,0.004894784651696682,0,0.004189655650407076,0
4575,0.7010083794593811,0,0.006443925201892853,1
4576,0.006071021780371666,0,0.005216474644839764,0
4577,0.0021186985541135073,0,0.007439177483320236,0
4578,0.003584515303373337,0,0.00576981483027339,0
4579,0.005981673486530781,0,0.011323454789817333,0
4580,0.003513992065563798,0,0.010102487169206142,0
4581,0.0040505025535821915,0,0.0018354468047618866,0
4582,0.00550369406118989,0,0.02056049183011055,0
4583,0.00488689448684454,0,0.004077292047441006,0
4584,0.00619141710922122,0,0.005292841698974371,0
4585,0.005684718023985624,0,0.005407704971730709,0
4586,0.0031870051752775908,0,0.006697934586554766,0
4587,0.0035425706300884485,0,0.029249321669340134,0
4588,0.09962868690490723,0,0.004691108595579863,0
4589,0.002400493947789073,0,0.008764083497226238,0
4590,0.00719069316983223,0,0.01473712082952261,1
4591,0.02139735035598278,0,0.0026542923878878355,0
4592,0.024399474263191223,0,0.008599117398262024,0
4593,0.006290793418884277,0,0.00631262082606554,0
4594,0.004062403924763203,0,0.008173714391887188,0
4595,0.005021087825298309,1,0.004734095185995102,0
4596,0.006412249058485031,0,0.004352795425802469,0
4597,0.005924275144934654,0,0.008413403294980526,0
4598,0.044833119958639145,0,0.007117030210793018,0
4599,0.02350044623017311,0,0.007712411228567362,0
4600,0.07152825593948364,0,0.006997264921665192,0
4601,0.010465697385370731,0,0.0117601677775383,0
4602,0.0031630746088922024,0,0.005369659047573805,0
4603,0.005957289598882198,0,0.0035598052199929953,0
4604,0.0037413218524307013,0,0.029032249003648758,0
4605,0.003701568813994527,0,0.003961289767175913,0
4606,0.0024275744799524546,0,0.5363590121269226,0
4607,0.0032339890021830797,0,0.007895968854427338,0
4608,0.007348021026700735,0,0.008147543296217918,0
4609,0.0022590290755033493,0,0.007384141441434622,0
4610,0.0033906546887010336,0,0.011707687750458717,0
4611,0.002872196026146412,0,0.008221030235290527,0
4612,0.5573683381080627,0,0.005315620452165604,0
4613,0.004739291965961456,0,0.002711781533434987,0
4614,0.009635749273002148,0,0.01421193964779377,0
4615,0.004465574398636818,0,0.019623665139079094,0
4616,0.5293354988098145,1,0.003223222680389881,0
4617,0.005348910111933947,0,0.004612561780959368,0
4618,0.007673270534723997,0,0.004627073183655739,0
4619,0.0068407184444367886,0,0.006079789716750383,0
4620,0.012018795125186443,0,0.066287562251091,0
4621,0.01091679185628891,0,0.003043439472094178,0
4622,0.4387950301170349,0,0.003971547354012728,0
4623,0.011050696484744549,0,0.009700910188257694,0
4624,0.005061520263552666,0,0.02288760617375374,0
4625,0.008152708411216736,0,0.06737460941076279,0
4626,0.0027989286463707685,0,0.003419637680053711,0
4627,0.002144078491255641,0,0.008345342241227627,0
4628,0.08457296341657639,1,0.009556139819324017,0
4629,0.18079915642738342,0,0.005649848375469446,0
4630,0.026566248387098312,0,0.05488946661353111,0
4631,0.009608286432921886,0,0.006126577500253916,0
4632,0.02213778719305992,0,0.028323477134108543,0
4633,0.004001577850431204,0,0.5659489631652832,1
4634,0.004232865292578936,0,0.006589069496840239,0
4635,0.0054107247851789,0,0.0035546873696148396,0
4636,0.006446260958909988,0,0.0059625208377838135,0
4637,0.004330003168433905,0,0.006395131815224886,0
4638,0.004632278811186552,0,0.011241677217185497,0
4639,0.004525758791714907,0,0.006607463583350182,0
4640,0.6710031628608704,1,0.008538762107491493,0
4641,0.0070923673920333385,0,0.022690612822771072,0
4642,0.025472693145275116,0,0.005066854413598776,0
4643,0.00728225614875555,0,0.0029161672573536634,0
4644,0.009892593137919903,0,0.03707658499479294,0
4645,0.00544231990352273,0,0.004639659076929092,0
4646,0.9174491167068481,1,0.003168985713273287,0
4647,0.004134957678616047,0,0.005233302712440491,0
4648,0.009960648603737354,0,0.0034455847926437855,0
4649,0.0053587015718221664,0,0.008187449537217617,0
4650,0.007238905876874924,0,0.01430287305265665,0
4651,0.010502536781132221,0,0.15811873972415924,0
4652,0.004564085975289345,0,0.005214485805481672,0
4653,0.2432851791381836,0,0.00419060280546546,0
4654,0.004672120325267315,0,0.006409837398678064,0
4655,0.012297496199607849,0,0.0063947830349206924,0
4656,0.012073470279574394,0,0.014064883813261986,0
4657,0.0030563082545995712,0,0.007118957582861185,0
4658,0.02481062151491642,0,0.005866917781531811,0
4659,0.008633053861558437,0,0.01304223109036684,0
4660,0.011051462031900883,0,0.0026453048922121525,0
4661,0.03150772303342819,0,0.011581351980566978,0
4662,0.0071948193944990635,0,0.011588756926357746,0
4663,0.03315649554133415,0,0.02088058367371559,0
4664,0.02457752637565136,0,0.005709162447601557,0
4665,0.005482063163071871,0,0.004250700119882822,0
4666,0.02004128322005272,0,0.007847745902836323,0
4667,0.005820660851895809,0,0.009144546464085579,0
4668,0.00392919173464179,0,0.013146258890628815,0
4669,0.006341964937746525,0,0.027415134012699127,0
4670,0.011072316206991673,0,0.009052034467458725,0
4671,0.004510102793574333,0,0.00489397905766964,0
4672,0.013424559496343136,0,0.017178857699036598,0
4673,0.0044869231060147285,0,0.006017846055328846,0
4674,0.0024240296334028244,0,0.007196659687906504,0
4675,0.010305862873792648,0,0.03900222107768059,0
4676,0.006906780879944563,0,0.6274968981742859,1
4677,0.006652223411947489,0,0.006135285831987858,0
4678,0.005449140444397926,0,0.0075775315053761005,0
4679,0.004164327867329121,0,0.006338293664157391,0
4680,0.012442807666957378,0,0.004765956196933985,0
4681,0.009751807898283005,0,0.020186912268400192,0
4682,0.005110360682010651,0,0.01794591173529625,0
4683,0.008655565790832043,0,0.0036011042539030313,0
4684,0.00890424009412527,0,0.007439969573169947,0
4685,0.004406831692904234,0,0.055405061691999435,0
4686,0.05440054088830948,0,0.019856467843055725,0
4687,0.005329398903995752,0,0.013864495791494846,0
4688,0.14499402046203613,0,0.024428118020296097,0
4689,0.0047485134564340115,0,0.028103305026888847,0
4690,0.0075241681188344955,0,0.01179383136332035,0
4691,0.11370774358510971,0,0.0060038259252905846,0
4692,0.0035241732839494944,0,0.005421651527285576,0
4693,0.06420379877090454,0,0.009585515595972538,0
4694,0.005321061238646507,0,0.007000526413321495,0
4695,0.08457864075899124,0,0.009046689607203007,0
4696,0.006077853497117758,0,0.004008824937045574,0
4697,0.004703173413872719,0,0.011619783006608486,0
4698,0.005447460804134607,0,0.00407813023775816,0
4699,0.11840465664863586,0,0.006444559898227453,0
4700,0.010742325335741043,0,0.0054250312969088554,0
4701,0.005905543453991413,1,0.012995108030736446,0
4702,0.08135607838630676,0,0.0065815201960504055,0
4703,0.006268574856221676,0,0.008775168098509312,1
4704,0.019465092569589615,0,0.005384981632232666,0
4705,0.006626306567341089,0,0.0068476260639727116,0
4706,0.009372305124998093,0,0.00477971788495779,0
4707,0.005331168416887522,0,0.00569421099498868,0
4708,0.03575577959418297,0,0.006325273308902979,0
4709,0.003892189357429743,0,0.0032231290824711323,0
4710,0.008713389746844769,0,0.006485537625849247,0
4711,0.00856372993439436,0,0.008411979302763939,0
4712,0.006326706614345312,0,0.004674151539802551,0
4713,0.007061751559376717,0,0.009580678306519985,0
4714,0.005387755576521158,0,0.008132470771670341,1
4715,0.4954443573951721,0,0.0039146654307842255,0
4716,0.05545421689748764,0,0.014296717010438442,0
4717,0.0036876373924314976,0,0.0032951494213193655,0
4718,0.008198937401175499,0,0.31214624643325806,0
4719,0.006881000939756632,0,0.008520583622157574,0
4720,0.008850311860442162,0,0.09387058019638062,0
4721,0.005315620452165604,0,0.02440231293439865,0
4722,0.006164538208395243,0,0.008162720128893852,0
4723,0.040281351655721664,0,0.008960643783211708,0
4724,0.01929483562707901,0,0.015164661221206188,0
4725,0.003499954240396619,0,0.00412803003564477,0
4726,0.005099148023873568,0,0.005294268485158682,0
4727,0.00539679080247879,0,0.005567841697484255,0
4728,0.14205938577651978,1,0.0027921756263822317,0
4729,0.0038687405176460743,0,0.009239313192665577,0
4730,0.00784099567681551,0,0.010798724368214607,0
4731,0.0037527973763644695,0,0.0032841707579791546,0
4732,0.007287632208317518,0,0.10103169828653336,0
4733,0.005357443355023861,0,0.0037524159997701645,0
4734,0.010446663945913315,0,0.009690041653811932,0
4735,0.007098259404301643,0,0.003456907346844673,0
4736,0.005114212166517973,0,0.005403931252658367,0
4737,0.0043483916670084,0,0.04067545011639595,0
4738,0.0034337753895670176,0,0.00505648972466588,0
4739,0.003844674676656723,0,0.004671468399465084,0
4740,0.007086184807121754,0,0.0647425502538681,0
4741,0.005962835159152746,0,0.005989751312881708,0
4742,0.004923045635223389,0,0.003203929867595434,0
4743,0.014750905334949493,0,0.006804401986300945,0
4744,0.03859160840511322,0,0.003493882715702057,0
4745,0.9505278468132019,1,0.010642465204000473,0
4746,0.014929691329598427,0,0.004847118165344,0
4747,0.0030229378025978804,0,0.0053433701395988464,0
4748,0.840254545211792,1,0.003528970992192626,0
4749,0.015616393648087978,0,0.0051356651820242405,0
4750,0.00478206854313612,0,0.007631408050656319,0
4751,0.008201474323868752,0,0.006087845657020807,0
4752,0.0967787504196167,0,0.006505283527076244,0
4753,0.007451521698385477,0,0.0032936648931354284,0
4754,0.030801523476839066,0,0.006809936836361885,0
4755,0.5537970066070557,1,0.003113041166216135,0
4756,0.00489493552595377,0,0.0073951235972344875,0
4757,0.006217378657311201,0,0.0035715203266590834,0
4758,0.009174246340990067,0,0.004200131166726351,0
4759,0.0063429237343370914,0,0.008213922381401062,0
4760,0.0032532026525586843,0,0.00699828565120697,0
4761,0.005401776637881994,0,0.011985529214143753,0
4762,0.008191337808966637,0,0.0017462456598877907,0
4763,0.14103476703166962,0,0.002719651674851775,0
4764,0.0023415912874042988,0,0.011742868460714817,0
4765,0.0051058437675237656,0,0.007046505343168974,0
4766,0.0846213847398758,0,0.011268596164882183,0
4767,0.06091791391372681,0,0.003402132075279951,0
4768,0.004165656864643097,0,0.1434187889099121,0
4769,0.005821286700665951,0,0.008318251930177212,0
4770,0.0026315024588257074,0,0.006815721746534109,0
4771,0.005867310333997011,0,0.02569342963397503,0
4772,0.006537601351737976,0,0.0073308865539729595,0
4773,0.05690065026283264,0,0.005949932150542736,0
4774,0.005003839265555143,0,0.004109414294362068,0
4775,0.0054214997217059135,0,0.01833346113562584,0
4776,0.009724865667521954,0,0.009197955951094627,0
4777,0.004695538897067308,0,0.008371716365218163,0
4778,0.0052929772064089775,0,0.017276205122470856,0
4779,0.011864832602441311,0,0.004575323313474655,0
4780,0.021620038896799088,0,0.005977283697575331,0
4781,0.9369114637374878,1,0.27910757064819336,0
4782,0.024162106215953827,0,0.007889281958341599,0
4783,0.004418949130922556,0,0.007449955679476261,0
4784,0.004354018718004227,0,0.009332399815320969,0
4785,0.001956314779818058,0,0.006020798813551664,0
4786,0.003329934785142541,0,0.0028259565588086843,0
4787,0.003644675714895129,0,0.024732595309615135,0
4788,0.0046747708693146706,0,0.013287427835166454,0
4789,0.017764033749699593,0,0.012020527385175228,0
4790,0.02373792789876461,0,0.007904243655502796,0
4791,0.006026828661561012,0,0.0051948679611086845,0
4792,0.007767533417791128,0,0.012475557625293732,0
4793,0.0073151495307683945,0,0.009795889258384705,0
4794,0.00688431179150939,0,0.004684176295995712,0
4795,0.015173835679888725,1,0.006760197225958109,0
4796,0.0037870926316827536,0,0.014378983527421951,0
4797,0.003417095635086298,0,0.004691215697675943,0
4798,0.003990505822002888,0,0.003273391630500555,0
4799,0.016115481033921242,0,0.008358323015272617,0
4800,0.006562421098351479,0,0.008091399446129799,0
4801,0.010502190329134464,0,0.004676199983805418,0
4802,0.028009461238980293,0,0.013707767240703106,0
4803,0.1708647906780243,0,0.004422932397574186,0
4804,0.01322152093052864,0,0.007638467941433191,0
4805,0.027472518384456635,0,0.005492693278938532,0
4806,0.01886671595275402,0,0.006549985613673925,0
4807,0.027994303032755852,0,0.04587129130959511,0
4808,0.008262379094958305,0,0.004201896954327822,0
4809,0.5064015984535217,1,0.03504910320043564,0
4810,0.002227565972134471,0,0.00987277738749981,0
4811,0.004493387881666422,0,0.003507806221023202,0
4812,0.0047335377894341946,0,0.007976440712809563,0
4813,0.06418291479349136,0,0.0038532400503754616,0
4814,0.0025525763630867004,0,0.00724366307258606,0
4815,0.007344773039221764,0,0.003470700467005372,0
4816,0.17509058117866516,0,0.010858210735023022,0
4817,0.004706611856818199,0,0.004310412798076868,0
4818,0.010318496264517307,0,0.005061388481408358,0
4819,0.009726004675030708,0,0.003952395170927048,0
4820,0.429575115442276,1,0.6358308792114258,0
4821,0.002063147956505418,0,0.021823065355420113,0
4822,0.014626758173108101,0,0.008050274103879929,0
4823,0.005704051814973354,0,0.00632959371432662,1
4824,0.026241596788167953,0,0.008555854670703411,0
4825,0.4961007833480835,0,0.005732135381549597,0
4826,0.04656779766082764,0,0.0029166913591325283,0
4827,0.005947868339717388,0,0.17595826089382172,0
4828,0.008795826695859432,0,0.0030529103241860867,0
4829,0.00882035493850708,0,0.00268382765352726,0
4830,0.005999394692480564,0,0.005048933904618025,0
4831,0.007106269709765911,0,0.004623554181307554,0
4832,0.15704865753650665,1,0.0034690352622419596,0
4833,0.006928666960448027,0,0.16207760572433472,0
4834,0.006288408767431974,0,0.004060791339725256,0
4835,0.003318449482321739,0,0.01767657697200775,0
4836,0.7904030680656433,0,0.0048690782859921455,0
4837,0.00615460192784667,0,0.007282438687980175,0
4838,0.019111137837171555,0,0.012818070128560066,0
4839,0.004098356235772371,0,0.010134347714483738,0
4840,0.015374095179140568,0,0.005255444906651974,1
4841,0.014995163306593895,0,0.007621906232088804,0
4842,0.0046682036481797695,0,0.006185402628034353,0
4843,0.005627788137644529,0,0.04918557405471802,0
4844,0.0143003324046731,0,0.006861401721835136,0
4845,0.10070804506540298,0,0.00592627190053463,0
4846,0.006095756310969591,0,0.005423019640147686,0
4847,0.0032995762303471565,0,0.005734812468290329,0
4848,0.005816950462758541,0,0.008265330456197262,0
4849,0.01833227276802063,0,0.0676926001906395,0
4850,0.003633030690252781,0,0.012748506851494312,0
4851,0.005875420290976763,0,0.012862464413046837,0
4852,0.004624434281140566,0,0.0034510414116084576,0
4853,0.0032250124495476484,0,0.007505141664296389,0
4854,0.005239239428192377,1,0.005614310037344694,0
4855,0.00923263281583786,0,0.006551844533532858,0
4856,0.009299893863499165,0,0.003857178846374154,0
4857,0.006032927427440882,0,0.00237724045291543,0
4858,0.004394751973450184,0,0.005716616287827492,0
4859,0.00505351647734642,0,0.004541812930256128,0
4860,0.00828989315778017,0,0.003549681045114994,0
4861,0.003611641703173518,1,0.503362774848938,0
4862,0.006325069349259138,0,0.2430286407470703,0
4863,0.008476778864860535,0,0.006828490644693375,0
4864,0.002288208343088627,0,0.004237522836774588,0
4865,0.12276863306760788,0,0.01053455751389265,0
4866,0.006493746303021908,0,0.005390841048210859,0
4867,0.05125327408313751,1,0.01004139892756939,0
4868,0.011135593988001347,0,0.010450765490531921,0
4869,0.006783789489418268,0,0.0018258170457556844,0
4870,0.008543756790459156,0,0.004008882213383913,0
4871,0.006731448229402304,0,0.005050958599895239,0
4872,0.004885352216660976,0,0.005591176450252533,0
4873,0.002181824529543519,0,0.005281289108097553,0
4874,0.339163601398468,0,0.004636677913367748,0
4875,0.010563230141997337,0,0.08555488288402557,0
4876,0.0037522197235375643,0,0.006842779461294413,0
4877,0.013809443451464176,0,0.00406977254897356,0
4878,0.003694813000038266,0,0.005790317431092262,0
4879,0.004413020331412554,0,0.0021533227991312742,1
4880,0.004264838993549347,0,0.020289111882448196,0
4881,0.006247327663004398,0,0.18454784154891968,1
4882,0.004458114970475435,0,0.009220284409821033,0
4883,0.01409761793911457,0,0.006432641763240099,0
4884,0.006585868075489998,0,0.004567301366478205,0
4885,0.008479712530970573,0,0.011303373612463474,0
4886,0.004501932300627232,0,0.007538196165114641,0
4887,0.4070883095264435,1,0.007237850688397884,0
4888,0.02005109377205372,0,0.002468530088663101,0
4889,0.0029109297320246696,0,0.007190271280705929,0
4890,0.01651693321764469,0,0.021339792758226395,0
4891,0.7922555208206177,1,0.10925494879484177,0
4892,0.002542580012232065,0,0.010524522513151169,0
4893,0.16091036796569824,0,0.00564750749617815,0
4894,0.003999808803200722,0,0.5436710119247437,1
4895,0.020046120509505272,0,0.6014249324798584,0
4896,0.008997844532132149,0,0.014351647347211838,0
4897,0.014670834876596928,0,0.003169461851939559,0
4898,0.003423250513151288,0,0.006308703683316708,0
4899,0.0036973310634493828,0,0.007814746350049973,0
4900,0.005383753217756748,0,0.00712144561111927,0
4901,0.004433259833604097,0,0.08173664659261703,0
4902,0.034909654408693314,0,0.006705593783408403,0
4903,0.19134025275707245,0,0.007613417226821184,0
4904,0.006362440064549446,0,0.0032069403678178787,0
4905,0.011115292087197304,0,0.0408802255988121,0
4906,0.006030943710356951,0,0.008416960015892982,0
4907,0.0032238615676760674,0,0.0034762793220579624,0
4908,0.00565606402233243,0,0.0034633527975529432,0
4909,0.005477720871567726,0,0.05514176934957504,0
4910,0.5284635424613953,0,0.0026979900430887938,0
4911,0.006799872498959303,0,0.005840475670993328,0
4912,0.005255826283246279,0,0.02648720145225525,0
4913,0.0026565606240183115,0,0.00815508421510458,0
4914,0.014473533257842064,0,0.011484441347420216,0
4915,0.007321024779230356,0,0.005881230812519789,0
4916,0.16374947130680084,0,0.006275583058595657,0
4917,0.0049429782666265965,0,0.008258090354502201,0
4918,0.0033346032723784447,0,0.011185232549905777,0
4919,0.008583898656070232,0,0.005540280137211084,0
4920,0.1847306787967682,0,0.011678492650389671,0
4921,0.003966363146901131,0,0.007575660478323698,0
4922,0.010539826937019825,0,0.32559436559677124,0
4923,0.006369754672050476,0,0.029685650020837784,0
4924,0.030336331576108932,0,0.007360510528087616,0
4925,0.005526383873075247,0,0.005383060779422522,0
4926,0.022109201177954674,0,0.0030518716666847467,0
4927,0.005059007089585066,0,0.15921831130981445,0
4928,0.007008187472820282,0,0.0022043357603251934,0
4929,0.00841224193572998,0,0.006637128069996834,0
4930,0.08676543086767197,0,0.01742703840136528,0
4931,0.5241673588752747,1,0.007673797197639942,0
4932,0.003531210357323289,0,0.007352850399911404,0
4933,0.9126478433609009,1,0.003747381968423724,0
4934,0.004002303816378117,0,0.010251170955598354,0
4935,0.004429435823112726,0,0.02645879238843918,0
4936,0.43903595209121704,1,0.0033309939317405224,0
4937,0.00954861007630825,0,0.005054733715951443,0
4938,0.8754890561103821,1,0.0021674216259270906,0
4939,0.02254987694323063,0,0.013918809592723846,0
4940,0.004846171010285616,0,0.008090851828455925,0
4941,0.006940869148820639,0,0.007491623982787132,0
4942,0.009303325787186623,0,0.0059561883099377155,0
4943,0.008117337711155415,0,0.003129165153950453,0
4944,0.0069460379891097546,0,0.005445559974759817,0
4945,0.004131917376071215,0,0.004563530907034874,0
4946,0.004941810853779316,0,0.018115995451807976,0
4947,0.00928847398608923,0,0.007616314105689526,0
4948,0.0026913953479379416,0,0.002359446370974183,0
4949,0.0051775043830275536,0,0.42599034309387207,1
4950,0.003329232335090637,0,0.004228811711072922,0
4951,0.00562865287065506,0,0.004164996091276407,0
4952,0.008427572436630726,0,0.003065813099965453,0
4953,0.038037292659282684,0,0.006807025521993637,0
4954,0.0040010991506278515,0,0.004470431711524725,0
4955,0.0038042934611439705,0,0.0021199833136051893,0
4956,0.005183566827327013,0,0.007174276746809483,0
4957,0.010897310450673103,0,0.03723962604999542,0
4958,0.004081222228705883,0,0.007858900353312492,0
4959,0.011911356821656227,0,0.006911197677254677,0
4960,0.023976000025868416,0,0.008499694056808949,0
4961,0.0187862366437912,0,0.03595247119665146,0
4962,0.0021197854075580835,0,0.0058573889546096325,0
4963,0.007120184600353241,0,0.026024550199508667,0
4964,0.014600671827793121,0,0.16034454107284546,0
4965,0.004241087473928928,0,0.004493128042668104,0
4966,0.006392105482518673,0,0.007421689108014107,0
4967,0.0033038996625691652,0,0.0024300285149365664,0
4968,0.00635747704654932,0,0.09686020761728287,0
4969,0.00430000014603138,0,0.006310377735644579,0
4970,0.006464411970227957,0,0.012190669775009155,0
4971,0.008623077534139156,0,0.005994150415062904,0
4972,0.4255947172641754,0,0.027020273730158806,0
4973,0.003378325141966343,0,0.006004099268466234,0
4974,0.005203766282647848,0,0.002376887481659651,0
4975,0.005612497683614492,0,0.06707382947206497,1
4976,0.006172846537083387,0,0.048901017755270004,0
4977,0.004729598760604858,0,0.0037482809275388718,0
4978,0.0056661562994122505,0,0.00654466962441802,0
4979,0.013848753646016121,0,0.007105720695108175,0
4980,0.006930071394890547,0,0.008714460767805576,0
4981,0.007609087973833084,0,0.005736509338021278,0
4982,0.004388605710119009,0,0.0034656147472560406,0
4983,0.004083180334419012,0,0.003865650622174144,0
4984,0.006783686578273773,0,0.0032595358788967133,0
4985,0.03400424122810364,0,0.5484950542449951,1
4986,0.020609894767403603,0,0.006194718647748232,0
4987,0.02241014689207077,0,0.005096287000924349,0
4988,0.011394024826586246,0,0.002727387472987175,0
4989,0.008604147471487522,0,0.00504111684858799,0
4990,0.004944587592035532,0,0.02095729298889637,0
4991,0.005450334399938583,0,0.002227154793217778,0
4992,0.005624922923743725,0,0.008003671653568745,0
4993,0.006056970916688442,0,0.007236085832118988,0
4994,0.012266560457646847,0,0.9569659233093262,1
4995,0.00645650876685977,0,0.00864554662257433,0
4996,0.0031364099122583866,0,0.009539181366562843,0
4997,0.03493572399020195,0,0.004282935988157988,0
4998,0.007740096189081669,0,0.004556868690997362,0
4999,0.004289739299565554,1,0.004758958704769611,0
5000,0.007393087260425091,0,0.0047851852141320705,0
5001,0.004743705037981272,0,0.1036875918507576,1
5002,0.009662616066634655,0,0.0038875907193869352,0
5003,0.010185053572058678,0,0.004053334705531597,0
5004,0.03807699307799339,0,0.00590274203568697,0
5005,0.0040252660401165485,0,0.003416965715587139,0
5006,0.014290979132056236,0,0.10672111064195633,0
5007,0.007149287965148687,0,0.006613578647375107,0
5008,0.00464629614725709,0,0.008023367263376713,0
5009,0.005139850080013275,0,0.022861899808049202,0
5010,0.004063021391630173,0,0.08962834626436234,0
5011,0.0046365815214812756,0,0.004874501843005419,0
5012,0.008653507567942142,0,0.003962133079767227,0
5013,0.0057777040638029575,0,0.006504439283162355,0
5014,0.004257767926901579,0,0.00715003302320838,0
5015,0.00885695219039917,0,0.00683141453191638,0
5016,0.006677730940282345,0,0.012653185054659843,0
5017,0.0026819994673132896,0,0.004907498601824045,0
5018,0.013707575388252735,0,0.005252379458397627,0
5019,0.004340623505413532,0,0.008071412332355976,0
5020,0.016637906432151794,0,0.008475665003061295,0
5021,0.0033460683189332485,0,0.004494183696806431,0
5022,0.006952823605388403,0,0.0024997377768158913,0
5023,0.02585754543542862,0,0.022756678983569145,0
5024,0.003751827869564295,0,0.005940745584666729,0
5025,0.007038172334432602,0,0.008491460233926773,0
5026,0.002560058608651161,0,0.007003589533269405,0
5027,0.014831042848527431,0,0.003188500879332423,0
5028,0.00686554005369544,0,0.0033432706259191036,0
5029,0.004905079957097769,0,0.008862667717039585,0
5030,0.004538866691291332,0,0.0064162700437009335,0
5031,0.008448027074337006,0,0.004343179985880852,0
5032,0.002769982907921076,0,0.01576320454478264,0
5033,0.005614706315100193,0,0.004171379376202822,0
5034,0.005113624967634678,0,0.003617340000346303,0
5035,0.00678278086706996,0,0.013486332260072231,0
5036,0.005785658024251461,0,0.0074051134288311005,0
5037,0.00804987084120512,0,0.0020758870523422956,0
5038,0.016341906040906906,0,0.009576946496963501,0
5039,0.006466589402407408,0,0.023599611595273018,0
5040,0.004585831426084042,0,0.00429448951035738,0
5041,0.007936717011034489,0,0.0040452005341649055,0
5042,0.007693998049944639,0,0.004705857019871473,0
5043,0.08632180839776993,0,0.012758046388626099,0
5044,0.007568238768726587,0,0.003800078062340617,0
5045,0.004077650140970945,0,0.0046717519871890545,0
5046,0.0035732313990592957,0,0.002573044039309025,0
5047,0.003721406450495124,0,0.006408731918781996,0
5048,0.005881166085600853,0,0.008079578168690205,0
5049,0.006042058579623699,0,0.007548201829195023,0
5050,0.0019332625670358539,0,0.005669776350259781,0
5051,0.020472651347517967,0,0.004791568499058485,0
5052,0.553888201713562,0,0.008202723227441311,0
5053,0.0052901082672178745,0,0.005302480887621641,0
5054,0.04530201852321625,0,0.005747346673160791,0
5055,0.004176122136414051,0,0.006414549425244331,0
5056,0.007635551504790783,0,0.005686718504875898,0
5057,0.009069729596376419,0,0.07477816194295883,0
5058,0.005324841011315584,0,0.003756504040211439,0
5059,0.05372978001832962,0,0.010569226928055286,0
5060,0.043178509920835495,0,0.02918722666800022,0
5061,0.011105326935648918,0,0.5622956156730652,0
5062,0.021091243252158165,0,0.004514018539339304,0
5063,0.013094586320221424,0,0.048544034361839294,0
5064,0.005518198013305664,0,0.010700454004108906,0
5065,0.004408633336424828,0,0.0056697227992117405,0
5066,0.005747635383158922,0,0.002448820509016514,0
5067,0.004642509389668703,0,0.0022289464250206947,0
5068,0.0057156626135110855,0,0.004554008133709431,0
5069,0.0067816562950611115,0,0.006621860899031162,0
5070,0.006584757007658482,0,0.002971723210066557,0
5071,0.028323344886302948,0,0.0036965408362448215,0
5072,0.0030983241740614176,0,0.05814158171415329,0
5073,0.0028846075292676687,0,0.007760962005704641,0
5074,0.004660411272197962,0,0.0051755052991211414,0
5075,0.003416510997340083,0,0.003720011794939637,0
5076,0.008838582783937454,0,0.09025662392377853,0
5077,0.0032860911451280117,0,0.005882317665964365,0
5078,0.0021593968849629164,0,0.006843408104032278,1
5079,0.003209259593859315,0,0.0011572972871363163,0
5080,0.005696082022041082,0,0.0068137794733047485,0
5081,0.007337385322898626,0,0.042972635477781296,0
5082,0.003718301421031356,0,0.007399952504783869,0
5083,0.006416759453713894,0,0.007519938517361879,0
5084,0.00440777326002717,0,0.3674716353416443,0
5085,0.030743343755602837,0,0.003953846171498299,0
5086,0.007235003635287285,0,0.017206350341439247,0
5087,0.014526423066854477,0,0.016410496085882187,0
5088,0.05683083087205887,0,0.024295995011925697,0
5089,0.008790286257863045,0,0.0024396078661084175,0
5090,0.003015155903995037,0,0.002632422372698784,0
5091,0.009127689525485039,0,0.015067065134644508,0
5092,0.004338126629590988,0,0.005914025940001011,0
5093,0.8817510008811951,1,0.0035380779299885035,0
5094,0.006036325357854366,0,0.008022259920835495,0
5095,0.0049788313917815685,0,0.3160359263420105,1
5096,0.008455915376543999,0,0.003965352196246386,0
5097,0.005739063955843449,0,0.025025224313139915,0
5098,0.020392121747136116,0,0.025052510201931,0
5099,0.005922924727201462,0,0.020571010187268257,0
5100,0.0046056113205850124,0,0.006531413644552231,0
5101,0.0034836046397686005,0,0.030579498037695885,0
5102,0.014172480441629887,1,0.006366218440234661,0
5103,0.0161324180662632,0,0.00890481285750866,0
5104,0.014890064485371113,0,0.007638927549123764,0
5105,0.007979984395205975,0,0.023765381425619125,0
5106,0.008898544125258923,0,0.008053709752857685,0
5107,0.008941102772951126,0,0.027181806042790413,0
5108,0.005445022601634264,0,0.003549806075170636,0
5109,0.09334423393011093,0,0.007777415215969086,0
5110,0.005861983168870211,0,0.009688165970146656,0
5111,0.006402471102774143,0,0.007746819406747818,0
5112,0.0030432657804340124,0,0.009199407882988453,0
5113,0.0018367908196523786,0,0.006616184953600168,0
5114,0.003781890030950308,0,0.002970923902466893,0
5115,0.006114916875958443,0,0.007036489434540272,0
5116,0.005416884087026119,0,0.00428073201328516,0
5117,0.03282232955098152,0,0.006248932797461748,0
5118,0.0031326923053711653,0,0.003913096617907286,0
5119,0.0031455261632800102,0,0.005168204195797443,0
5120,0.005412120837718248,0,0.0822392925620079,0
5121,0.00559530034661293,0,0.003182480577379465,0
5122,0.0027209685649722815,0,0.0289884265512228,0
5123,0.02694186568260193,0,0.060894131660461426,0
5124,0.1295510232448578,0,0.0036323382519185543,0
5125,0.07326482236385345,0,0.0066328574903309345,0
5126,0.044278521090745926,0,0.009753124788403511,0
5127,0.004856453742831945,0,0.010424869135022163,0
5128,0.0062005664221942425,0,0.007836716249585152,0
5129,0.007417299319058657,0,0.004115980118513107,0
5130,0.027648648247122765,0,0.0030001052655279636,0
5131,0.008457822725176811,0,0.012164296582341194,0
5132,0.5174272656440735,0,0.005688387900590897,0
5133,0.0033369974698871374,0,0.07751203328371048,0
5134,0.028998473659157753,1,0.0067994315177202225,0
5135,0.010071633383631706,0,0.01264540757983923,0
5136,0.008505281060934067,0,0.0031810016371309757,0
5137,0.007772143930196762,0,0.0030865343287587166,0
5138,0.0030315553303807974,0,0.00248193321749568,0
5139,0.005844292230904102,0,0.006852696184068918,0
5140,0.004313260316848755,0,0.017271891236305237,0
5141,0.14592617750167847,0,0.005948243197053671,0
5142,0.010541812516748905,0,0.2719185948371887,0
5143,0.6355623602867126,1,0.012584973126649857,0
5144,0.0034144497476518154,0,0.004932510666549206,1
5145,0.0028626525308936834,0,0.0036579237785190344,0
5146,0.010725924745202065,0,0.005637266673147678,0
5147,0.0065973615273833275,0,0.002488879719749093,0
5148,0.015776118263602257,0,0.01069673988968134,0
5149,0.00870435032993555,0,0.1684110164642334,0
5150,0.03647811710834503,0,0.0034734623041003942,0
5151,0.0025395704433321953,0,0.8078241944313049,1
5152,0.052872661501169205,0,0.0036111478693783283,0
5153,0.014566860161721706,0,0.0028561276849359274,0
5154,0.009746495634317398,0,0.02425995096564293,0
5155,0.006136396434158087,0,0.004409761633723974,0
5156,0.003420561086386442,0,0.0036997648421674967,0
5157,0.03248033672571182,0,0.0064756423234939575,0
5158,0.0074845259077847,0,0.005168871022760868,0
5159,0.0239066444337368,0,0.006550956517457962,0
5160,0.05385985225439072,0,0.0046298871748149395,0
5161,0.0024639058392494917,0,0.012790080159902573,0
5162,0.0082699628546834,0,0.005727139301598072,0
5163,0.0019315106328576803,0,0.011919570155441761,0
5164,0.006951954681426287,0,0.003855618182569742,0
5165,0.005940159782767296,0,0.04088710620999336,0
5166,0.5487082004547119,0,0.09595032781362534,0
5167,0.0034704727586358786,0,0.003704590955749154,0
5168,0.006871436722576618,0,0.00602988013997674,0
5169,0.005859116557985544,0,0.006478799507021904,0
5170,0.008439012803137302,0,0.009866705164313316,0
5171,0.006533978972584009,0,0.006043562665581703,0
5172,0.019700882956385612,0,0.00781932845711708,0
5173,0.0037033504340797663,0,0.009795168414711952,0
5174,0.013058082200586796,0,0.004310752730816603,0
5175,0.011172007769346237,0,0.004096173215657473,0
5176,0.0035777331795543432,1,0.003040486481040716,0
5177,0.006410353817045689,0,0.003385346382856369,0
5178,0.010154041461646557,0,0.03897850960493088,0
5179,0.005638087168335915,0,0.005979153793305159,0
5180,0.04114554077386856,0,0.024953586980700493,0
5181,0.006160642020404339,0,0.0051564788445830345,0
5182,0.010065925307571888,0,0.004507601261138916,0
5183,0.007098498288542032,0,0.603887140750885,0
5184,0.01618456281721592,0,0.008365709334611893,0
5185,0.007240454200655222,0,0.011724759824573994,0
5186,0.012455177493393421,0,0.022999737411737442,0
5187,0.01776197925209999,0,0.010174387134611607,0
5188,0.004067840054631233,0,0.015126330778002739,1
5189,0.005736016668379307,0,0.007131182122975588,0
5190,0.00637980317696929,0,0.0044033643789589405,0
5191,0.003491849871352315,0,0.00705532543361187,0
5192,0.00683413865044713,0,0.00375293823890388,0
5193,0.005142271518707275,0,0.004203303717076778,0
5194,0.009194402024149895,0,0.003502210369333625,0
5195,0.006900749169290066,0,0.005117813590914011,0
5196,0.005677671637386084,0,0.005705514922738075,0
5197,0.004594000987708569,0,0.0028121406212449074,0
5198,0.025486202910542488,0,0.01844659261405468,0
5199,0.006530327722430229,0,0.004901869222521782,0
5200,0.011815140955150127,0,0.011863156221807003,0
5201,0.004834273364394903,0,0.005473137833178043,0
5202,0.937922477722168,1,0.08160753548145294,0
5203,0.0036308979615569115,0,0.05381426960229874,0
5204,0.006438398268073797,0,0.005025013349950314,1
5205,0.005197517573833466,0,0.005932005122303963,0
5206,0.004941578488796949,0,0.013150707818567753,0
5207,0.006206989753991365,0,0.002841608365997672,0
5208,0.009121529757976532,0,0.013187186792492867,0
5209,0.004841387737542391,0,0.003594987792894244,0
5210,0.003146959003061056,0,0.005964465904980898,0
5211,0.029561888426542282,0,0.007706925272941589,0
5212,0.0036779132205992937,0,0.0025332309305667877,0
5213,0.005691638216376305,0,0.003885960439220071,0
5214,0.005727041978389025,0,0.007030908018350601,0
5215,0.0119230467826128,0,0.006171763874590397,0
5216,0.004194970708340406,0,0.004063436295837164,0
5217,0.004485803190618753,0,0.004904183559119701,0
5218,0.005718649830669165,0,0.004521230235695839,0
5219,0.010052278637886047,0,0.003302748780697584,0
5220,0.7457386255264282,0,0.0025303049478679895,0
5221,0.006931768264621496,0,0.029718011617660522,0
5222,0.008148756809532642,0,0.003754011821001768,0
5223,0.007383882999420166,0,0.026673542335629463,0
5224,0.015862829983234406,0,0.0070619662292301655,0
5225,0.007370202336460352,0,0.012074802070856094,0
5226,0.004269166849553585,0,0.006809469312429428,0
5227,0.011309828609228134,0,0.010420088656246662,0
5228,0.022379210218787193,0,0.004394343122839928,0
5229,0.002586639253422618,0,0.01993810385465622,0
5230,0.008502964861690998,0,0.006808911915868521,0
5231,0.01599164679646492,0,0.006710064131766558,0
5232,0.03650699555873871,0,0.0039199721068143845,0
5233,0.007040008902549744,0,0.0027153354603797197,0
5234,0.005702697206288576,0,0.003874494694173336,0
5235,0.003663515206426382,0,0.005907922983169556,0
5236,0.01303194835782051,0,0.003405051538720727,0
5237,0.003044466720893979,0,0.03538084030151367,0
5238,0.004826731514185667,0,0.00260100862942636,0
5239,0.008102094754576683,0,0.00906599685549736,0
5240,0.003370867809280753,0,0.00321308895945549,0
5241,0.0019546370021998882,0,0.09199585020542145,0
5242,0.03836950287222862,0,0.0020363095682114363,0
5243,0.0037330039776861668,0,0.0064291683956980705,0
5244,0.0028969005215913057,0,0.002614186378195882,0
5245,0.008027543313801289,0,0.022688202559947968,0
5246,0.024841317906975746,0,0.004532397259026766,0
5247,0.004396243952214718,0,0.004676515236496925,0
5248,0.004513206426054239,0,0.003307553706690669,0
5249,0.006476519629359245,0,0.0021407613530755043,0
5250,0.016252482309937477,0,0.002734770532697439,0
5251,0.007870590314269066,0,0.01963837631046772,0
5252,0.002027098787948489,0,0.03705231472849846,0
5253,0.005889753345400095,0,0.006324913818389177,0
5254,0.008328004740178585,0,0.004198506474494934,0
5255,0.006873171776533127,0,0.05264391005039215,0
5256,0.0035122758708894253,0,0.005729374475777149,0
5257,0.0027029893826693296,0,0.006499975919723511,0
5258,0.0359995998442173,0,0.006886802613735199,0
5259,0.06924375891685486,0,0.103145070374012,0
5260,0.03917396813631058,0,0.005356518551707268,0
5261,0.005151848308742046,0,0.018824229016900063,0
5262,0.0083981454372406,0,0.010282403789460659,0
5263,0.006847022101283073,0,0.010014979168772697,0
5264,0.007742481306195259,0,0.07223263382911682,0
5265,0.006622240412980318,0,0.011329900473356247,0
5266,0.014399595558643341,0,0.004886966198682785,0
5267,0.0038007316179573536,0,0.01798582263290882,0
5268,0.5744304656982422,0,0.0090841269120574,0
5269,0.63704514503479,1,0.1235068067908287,0
5270,0.004840160720050335,0,0.01106638740748167,0
5271,0.011610164307057858,0,0.004453558474779129,0
5272,0.002977514173835516,0,0.7013956904411316,0
5273,0.05328948795795441,0,0.0033431071788072586,0
5274,0.005991113837808371,0,0.0042562661692500114,0
5275,0.009311086498200893,0,0.032174259424209595,0
5276,0.007585553918033838,0,0.019077014178037643,0
5277,0.009160368703305721,0,0.003719479776918888,0
5278,0.0125819630920887,0,0.010733512230217457,0
5279,0.005958727095276117,0,0.01458225678652525,0
5280,0.00935399904847145,0,0.0075888787396252155,0
5281,0.005669935140758753,0,0.007256492041051388,0
5282,0.0039343456737697124,0,0.004183062352240086,0
5283,0.00481468066573143,0,0.004615329671651125,0
5284,0.00404592277482152,0,0.00637329276651144,0
5285,0.003422487759962678,0,0.11076390743255615,0
5286,0.007668113335967064,0,0.006286082323640585,0
5287,0.0032123210839927197,0,0.008415392599999905,0
5288,0.011498324573040009,0,0.003075388725847006,0
5289,0.0072364965453743935,0,0.011291086673736572,0
5290,0.012244458310306072,0,0.14302711188793182,0
5291,0.045974113047122955,0,0.004504514392465353,0
5292,0.0039992486126720905,0,0.005588475149124861,0
5293,0.028891243040561676,0,0.007781806401908398,0
5294,0.017108339816331863,0,0.0071935937739908695,0
5295,0.011093409731984138,0,0.004878676496446133,0
5296,0.01374252699315548,0,0.03671848773956299,0
5297,0.005348060745745897,0,0.004978703800588846,0
5298,0.014498877339065075,0,0.004740389529615641,0
5299,0.008955276571214199,0,0.006444721482694149,0
5300,0.004686493426561356,0,0.005995857995003462,0
5301,0.008028398267924786,0,0.021075258031487465,0
5302,0.032973285764455795,0,0.019559336826205254,0
5303,0.01249441783875227,0,0.004101545549929142,0
5304,0.03059823252260685,0,0.00763123482465744,0
5305,0.008542307652533054,0,0.009261277504265308,0
5306,0.01068098284304142,0,0.004831796046346426,0
5307,0.003491778392344713,0,0.16492058336734772,0
5308,0.0035202454309910536,0,0.003132233629003167,0
5309,0.23448006808757782,0,0.0032401448115706444,0
5310,0.00532976258546114,0,0.005823679734021425,0
5311,0.006973100360482931,0,0.014014092274010181,0
5312,0.1301891952753067,0,0.0052077691070735455,0
5313,0.004407363012433052,0,0.008292432874441147,0
5314,0.0038072620518505573,0,0.005444651003926992,0
5315,0.002777059795334935,0,0.546194314956665,0
5316,0.0038138183299452066,0,0.019728204235434532,0
5317,0.09446389973163605,0,0.5165624022483826,1
5318,0.014324583113193512,0,0.008010512217879295,0
5319,0.04575510695576668,0,0.0028542708605527878,0
5320,0.031650692224502563,0,0.010523747652769089,0
5321,0.01797821931540966,0,0.006749697029590607,0
5322,0.003068645019084215,0,0.004373430740088224,0
5323,0.006702275946736336,0,0.006772473454475403,0
5324,0.009175182320177555,0,0.006345649715512991,0
5325,0.0026148564647883177,0,0.011163025163114071,0
5326,0.007368789985775948,0,0.0048265461809933186,0
5327,0.0047389003448188305,0,0.010932160541415215,0
5328,0.003534723771736026,0,0.007941930554807186,0
5329,0.0038891418371349573,0,0.006779029965400696,0
5330,0.011003073304891586,0,0.008866589516401291,0
5331,0.011231055483222008,0,0.0065758079290390015,0
5332,0.01087416522204876,0,0.005842640995979309,0
5333,0.010500946082174778,0,0.011594055220484734,0
5334,0.006451240740716457,0,0.005161118693649769,0
5335,0.003868707222864032,0,0.004506777506321669,0
5336,0.002436702372506261,0,0.0050879307091236115,0
5337,0.0037076245062053204,0,0.011112880893051624,0
5338,0.009489490650594234,0,0.004544443916529417,0
5339,0.0023898498620837927,0,0.00846452359110117,0
5340,0.008683141320943832,0,0.0359470434486866,0
5341,0.011600012890994549,0,0.005420754663646221,1
5342,0.007572713773697615,0,0.10762874037027359,0
5343,0.0039993454702198505,0,0.049911074340343475,0
5344,0.28575557470321655,0,0.010827172547578812,0
5345,0.003603522665798664,0,0.018722154200077057,0
5346,0.0050698621198534966,0,0.014324442483484745,0
5347,0.003676368622109294,0,0.008618528954684734,0
5348,0.004604894667863846,0,0.005883112084120512,0
5349,0.00761296646669507,0,0.0030980557203292847,0
5350,0.6802068948745728,0,0.005621260032057762,0
5351,0.005877253133803606,0,0.004484589211642742,0
5352,0.004696267656981945,1,0.005804719403386116,0
5353,0.005269700661301613,0,0.1797405332326889,0
5354,0.06028502434492111,0,0.007044720463454723,0
5355,0.004459952004253864,0,0.09018765389919281,0
5356,0.032224949449300766,0,0.018443286418914795,0
5357,0.08678656816482544,1,0.005510520190000534,0
5358,0.013318924233317375,0,0.00572607247158885,0
5359,0.0031166705302894115,0,0.0036576250568032265,0
5360,0.0065445611253380775,0,0.0059396191500127316,0
5361,0.008666750974953175,0,0.0062578641809523106,0
5362,0.0038563618436455727,0,0.004082970786839724,0
5363,0.009141825139522552,0,0.008127633482217789,0
5364,0.011393401771783829,0,0.010199599899351597,0
5365,0.0069148605689406395,0,0.002882685512304306,0
5366,0.007040815427899361,0,0.005998791661113501,0
5367,0.005022574681788683,0,0.003418823704123497,0
5368,0.004717872012406588,1,0.011522054672241211,0
5369,0.00884944200515747,0,0.004128671251237392,0
5370,0.004890048876404762,0,0.0713600441813469,0
5371,0.23251375555992126,0,0.003761857748031616,0
5372,0.03147087246179581,0,0.023056626319885254,0
5373,0.0071739573031663895,0,0.008334087207913399,0
5374,0.00874886941164732,0,0.007603897247463465,0
5375,0.0077784196473658085,0,0.003986597992479801,0
5376,0.0034614424221217632,0,0.013474314473569393,0
5377,0.006062416359782219,0,0.009507682174444199,0
5378,0.0062927729450166225,0,0.00641125300899148,0
5379,0.0038121917750686407,0,0.475331574678421,0
5380,0.003379405476152897,0,0.01302582211792469,0
5381,0.007367203012108803,0,0.008432874456048012,0
5382,0.005689469166100025,0,0.004436980467289686,0
5383,0.003410478588193655,0,0.002637416124343872,0
5384,0.006235976237803698,0,0.008397589437663555,0
5385,0.013459339737892151,0,0.0052916519343853,0
5386,0.004744377918541431,0,0.018153583630919456,0
5387,0.010906915180385113,0,0.031032778322696686,0
5388,0.007955515757203102,0,0.006680553313344717,0
5389,0.013585101813077927,0,0.005346721038222313,0
5390,0.0338231697678566,0,0.007742993533611298,0
5391,0.0032726542558521032,0,0.03192374110221863,0
5392,0.01802678592503071,0,0.0032590681221336126,0
5393,0.002622136613354087,0,0.006914687808603048,0
5394,0.007283914368599653,0,0.004146994091570377,0
5395,0.003943849820643663,0,0.023934241384267807,1
5396,0.004689510446041822,0,0.009527456015348434,0
5397,0.003996719140559435,0,0.005805682856589556,0
5398,0.004185887984931469,0,0.04146980494260788,0
5399,0.007875652052462101,0,0.004809606820344925,0
5400,0.009175017476081848,0,0.002582192188128829,0
5401,0.005154815968126059,0,0.004484944976866245,0
5402,0.01525748148560524,0,0.006856458727270365,0
5403,0.003539002500474453,0,0.03474283590912819,0
5404,0.004584980197250843,0,0.005762019194662571,0
5405,0.0043862974271178246,0,0.005045447498559952,0
5406,0.009107743389904499,0,0.05955904349684715,0
5407,0.0039842016994953156,0,0.005917830858379602,0
5408,0.0032127026934176683,0,0.008410110138356686,0
5409,0.0033823763951659203,0,0.0038493522442877293,0
5410,0.00423102080821991,0,0.004182409029453993,0
5411,0.005302656441926956,0,0.01677047275006771,0
5412,0.6490290760993958,1,0.0045722429640591145,0
5413,0.00997193157672882,0,0.006502014119178057,0
5414,0.012518633157014847,0,0.007198162376880646,0
5415,0.004264581948518753,0,0.006681749131530523,0
5416,0.00928996130824089,0,0.005200523883104324,0
5417,0.00863470695912838,0,0.009886294603347778,0
5418,0.02143150568008423,0,0.042644988745450974,0
5419,0.004877986386418343,0,0.007098273374140263,0
5420,0.0046926336362957954,0,0.0037889513187110424,0
5421,0.0070349969901144505,0,0.015254350379109383,0
5422,0.00830819271504879,0,0.005082189571112394,0
5423,0.010509277693927288,0,0.0066781011410057545,0
5424,0.2662411630153656,0,0.004302749410271645,0
5425,0.07619570195674896,0,0.003996381536126137,0
5426,0.0037568644620478153,0,0.006700269412249327,0
5427,0.006223536562174559,0,0.004081908613443375,0
5428,0.0039151450619101524,0,0.0858222171664238,0
5429,0.004905198700726032,0,0.5466740131378174,1
5430,0.01819545030593872,0,0.003112668404355645,0
5431,0.006792399100959301,0,0.01165296696126461,0
5432,0.011613929644227028,0,0.004462894052267075,0
5433,0.007924738340079784,0,0.002842985326424241,0
5434,0.007886718027293682,0,0.0065335920080542564,0
5435,0.006424522493034601,0,0.006433568429201841,0
5436,0.005720506887882948,0,0.007714466657489538,0
5437,0.004882377106696367,0,0.005883505567908287,0
5438,0.016130004078149796,0,0.006738079711794853,0
5439,0.0026816525496542454,0,0.00646052323281765,0
5440,0.1919870227575302,0,0.016393348574638367,0
5441,0.0025405080523341894,0,0.0077363732270896435,0
5442,0.004759130533784628,0,0.013087465427815914,0
5443,0.005785433109849691,0,0.014729429967701435,0
5444,0.006642374210059643,0,0.09326480329036713,0
5445,0.009175590239465237,0,0.03443538397550583,0
5446,0.004258972592651844,0,0.004032069817185402,0
5447,0.005449873860925436,0,0.010634414851665497,0
5448,0.007336548529565334,0,0.006848793476819992,0
5449,0.00417916476726532,0,0.05317644029855728,0
5450,0.004547531716525555,0,0.011069638654589653,0
5451,0.004253013525158167,0,0.27792078256607056,0
5452,0.02125839702785015,0,0.052596624940633774,0
5453,0.010967545211315155,0,0.023912129923701286,0
5454,0.0027637332677841187,0,0.01305971760302782,0
5455,0.005600295960903168,0,0.5570662617683411,1
5456,0.0041643790900707245,0,0.012788430787622929,0
5457,0.010724669322371483,0,0.012547880411148071,0
5458,0.006517409346997738,0,0.012125668115913868,0
5459,0.0035708316136151552,0,0.009493117220699787,0
5460,0.00441566901281476,0,0.013671905733644962,0
5461,0.0033014791551977396,0,0.003216732060536742,0
5462,0.006849500350654125,0,0.005091831088066101,0
5463,0.1033664345741272,0,0.006019551772624254,0
5464,0.010125057771801949,0,0.005466974340379238,0
5465,0.003722601570188999,0,0.0030747149139642715,0
5466,0.0029939732048660517,0,0.0051802825182676315,0
5467,0.00501814903691411,0,0.008312326855957508,0
5468,0.0030431472696363926,0,0.003394459839910269,0
5469,0.0037553708534687757,0,0.005252282600849867,0
5470,0.004837139043956995,0,0.0043264152482151985,0
5471,0.002338411984965205,0,0.006070604547858238,0
5472,0.003491029841825366,0,0.008600796572864056,0
5473,0.007600890006870031,0,0.06874412298202515,0
5474,0.06178098917007446,0,0.004873419646173716,0
5475,0.594260573387146,0,0.0037399318534880877,0
5476,0.007993222214281559,0,0.0036350248847156763,0
5477,0.006503826007246971,0,0.00382248405367136,0
5478,0.007143056485801935,0,0.7596051096916199,1
5479,0.007024645339697599,0,0.013903535902500153,0
5480,0.007051347754895687,0,0.005431673023849726,0
5481,0.0024358010850846767,0,0.005916241090744734,0
5482,0.009154385887086391,0,0.008824603632092476,0
5483,0.002053597941994667,0,0.009705533273518085,0
5484,0.013097032904624939,0,0.0019740599673241377,0
5485,0.011198694817721844,0,0.0071875243447721004,0
5486,0.003541374346241355,0,0.0939500480890274,0
5487,0.0021273335441946983,0,0.007268421817570925,0
5488,0.002985240425914526,0,0.00476401811465621,0
5489,0.0052649336867034435,0,0.03943696618080139,0
5490,0.0034818355925381184,0,0.00246343482285738,0
5491,0.004478934686630964,0,0.007344960700720549,0
5492,0.006293924059718847,0,0.012827112339437008,0
5493,0.008176235482096672,0,0.05669034272432327,0
5494,0.015042847022414207,0,0.006521281786262989,0
5495,0.012370099313557148,0,0.0026974433567374945,0
5496,0.029885297641158104,0,0.008270611986517906,0
5497,0.007627999875694513,0,0.007042035460472107,0
5498,0.008832544088363647,0,0.9792819023132324,1
5499,0.006067193113267422,0,0.00898925494402647,0
5500,0.01283315196633339,0,0.02049868553876877,0
5501,0.006224981974810362,0,0.03619429096579552,0
5502,0.5745786428451538,1,0.008615144528448582,0
5503,0.025704748928546906,0,0.10851029306650162,0
5504,0.004173917230218649,0,0.005419139750301838,0
5505,0.0689626932144165,0,0.003453669371083379,0
5506,0.00431129289790988,0,0.002429029904305935,0
5507,0.048866432160139084,0,0.005988124758005142,0
5508,0.04185186326503754,0,0.006961319595575333,0
5509,0.004706933628767729,0,0.005692509934306145,0
5510,0.002760851290076971,0,0.003719854401424527,1
5511,0.008379435166716576,0,0.0061319749802351,0
5512,0.02604762278497219,0,0.0054160417057573795,0
5513,0.010674671269953251,0,0.01014793198555708,0
5514,0.0030015676748007536,0,0.005380033981055021,0
5515,0.008386232890188694,0,0.0037299692630767822,0
5516,0.003828022163361311,0,0.8955767750740051,1
5517,0.003019289579242468,1,0.00961633026599884,0
5518,0.24601627886295319,0,0.003589251544326544,0
5519,0.008257442153990269,0,0.0030033045914024115,0
5520,0.00792013294994831,0,0.008145562373101711,0
5521,0.0037154126912355423,0,0.009379489347338676,0
5522,0.005047085229307413,0,0.014430785551667213,0
5523,0.005394920241087675,0,0.009101497009396553,0
5524,0.006671695504337549,0,0.0024450088385492563,0
5525,0.01761876977980137,0,0.010751054622232914,0
5526,0.004564085975289345,0,0.009428221732378006,0
5527,0.005170266143977642,0,0.012727536261081696,0
5528,0.007418057415634394,0,0.015481196343898773,0
5529,0.004896445665508509,0,0.004854786209762096,0
5530,0.0044575706124305725,0,0.006306799594312906,0
5531,0.006084747612476349,0,0.005425844807177782,0
5532,0.0030334321781992912,0,0.006910225842148066,0
5533,0.00785793736577034,0,0.6083438992500305,1
5534,0.0064941029995679855,0,0.007882712408900261,0
5535,0.005079986527562141,0,0.00782355759292841,0
5536,0.008945777080953121,0,0.005767162423580885,0
5537,0.006436007563024759,0,0.0032912706956267357,0
5538,0.003273545764386654,0,0.003600639058277011,0
5539,0.0055092377588152885,0,0.013707561418414116,0
5540,0.007376295980066061,0,0.008881536312401295,0
5541,0.005314198322594166,0,0.009116660803556442,0
5542,0.003877869341522455,0,0.007120744325220585,0
5543,0.0032494443003088236,0,0.005329479463398457,0
5544,0.03532872721552849,0,0.004371273797005415,0
5545,0.007218059152364731,0,0.008339228108525276,0
5546,0.009930120781064034,0,0.032309480011463165,0
5547,0.005971620324999094,0,0.006160388700664043,0
5548,0.038021694868803024,0,0.007539223879575729,0
5549,0.01143790502101183,0,0.0028489420656114817,0
5550,0.0035257162526249886,0,0.0017075397772714496,0
5551,0.009691111743450165,0,0.009010528214275837,0
5552,0.008212982676923275,1,0.00622482830658555,0
5553,0.0055536446161568165,0,0.007117626257240772,0
5554,0.002542800037190318,0,0.004217027220875025,0
5555,0.012679148465394974,0,0.004895590711385012,0
5556,0.05269024893641472,0,0.04454727843403816,0
5557,0.001985073322430253,0,0.00905549991875887,0
5558,0.011099986732006073,0,0.003953301813453436,0
5559,0.0033642167691141367,0,0.007997351698577404,0
5560,0.004501515533775091,0,0.014934580773115158,0
5561,0.008376962505280972,0,0.030363287776708603,0
5562,0.0094744972884655,0,0.005217088386416435,0
5563,0.004449701867997646,0,0.12211146205663681,0
5564,0.0030680205672979355,0,0.015004172921180725,0
5565,0.0016479610931128263,0,0.004758297000080347,0
5566,0.0024360674433410168,0,0.007375265937298536,0
5567,0.004347640555351973,0,0.006754493340849876,0
5568,0.007870065979659557,0,0.030301153659820557,0
5569,0.007572878152132034,0,0.003535902826115489,0
5570,0.008548407815396786,0,0.014360647648572922,0
5571,0.006836618296802044,0,0.005697364918887615,0
5572,0.005326538346707821,0,0.005811658222228289,0
5573,0.005919523071497679,0,0.003149790456518531,0
5574,0.008559657260775566,0,0.0040947142988443375,0
5575,0.008060397580265999,0,0.010973882861435413,0
5576,0.0022388859651982784,0,0.0493193119764328,0
5577,0.01387560274451971,0,0.01692732609808445,0
5578,0.010096990503370762,0,0.006088740658015013,0
5579,0.024036694318056107,0,0.004817802459001541,0
5580,0.012133125215768814,0,0.03740900382399559,0
5581,0.023982122540473938,0,0.004285551607608795,0
5582,0.00317294686101377,0,0.0037178280763328075,0
5583,0.005105368793010712,0,0.008547102101147175,0
5584,0.00491773197427392,0,0.006356636993587017,0
5585,0.011066747829318047,0,0.006537372246384621,0
5586,0.008028735406696796,0,0.007244116626679897,0
5587,0.012431551702320576,0,0.01157785952091217,0
5588,0.008035155944526196,0,0.08073518425226212,0
5589,0.004971688147634268,0,0.004441216122359037,0
5590,0.0050801499746739864,0,0.0050191753543913364,0
5591,0.015366329811513424,0,0.01886598765850067,0
5592,0.013676047325134277,0,0.004251842387020588,0
5593,0.03576286882162094,0,0.014555242843925953,0
5594,0.011090978048741817,0,0.007978708483278751,0
5595,0.0034073067363351583,0,0.004704400897026062,0
5596,0.008509114384651184,0,0.009173228405416012,0
5597,0.020472336560487747,0,0.012852496467530727,0
5598,0.010428406298160553,0,0.007766027469187975,0
5599,0.006951282732188702,0,0.004473110660910606,0
5600,0.003139037638902664,0,0.007411298342049122,0
5601,0.006363374646753073,0,0.0019633781630545855,0
5602,0.00412205932661891,0,0.006052322220057249,0
5603,0.004188130144029856,0,0.006933632306754589,0
5604,0.016666876152157784,0,0.00454042898491025,0
5605,0.0050443010404706,0,0.022627396509051323,0
5606,0.048177819699048996,0,0.0049134730361402035,0
5607,0.005362627096474171,0,0.018073879182338715,0
5608,0.006725199520587921,0,0.0033436918165534735,0
5609,0.0058127050288021564,0,0.011345865204930305,0
5610,0.006707344204187393,0,0.005840775091201067,0
5611,0.007008661981672049,0,0.00957036204636097,0
5612,0.00765575747936964,0,0.00530110253021121,0
5613,0.007075570523738861,0,0.002453723456710577,0
5614,0.012295122258365154,0,0.007725534029304981,0
5615,0.0781903937458992,0,0.018077634274959564,0
5616,0.008677437901496887,0,0.006567561533302069,0
5617,0.0035160481929779053,0,0.005926966201514006,0
5618,0.07152965664863586,0,0.00954850297421217,0
5619,0.008191307075321674,0,0.004925152752548456,0
5620,0.005335367750376463,0,0.01642942614853382,0
5621,0.009313290007412434,0,0.006603485904633999,0
5622,0.012272067368030548,0,0.004254564642906189,0
5623,0.006780416239053011,0,0.0027802784461528063,0
5624,0.010178123600780964,0,0.006587590090930462,0
5625,0.007092579267919064,0,0.006613848265260458,0
5626,0.007421853952109814,0,0.009056120179593563,0
5627,0.010112486779689789,0,0.05793977528810501,0
5628,0.006817326415330172,0,0.005969712510704994,0
5629,0.007112839724868536,0,0.017783446237444878,0
5630,0.004441958386451006,0,0.0089446771889925,0
5631,0.003950370009988546,0,0.006870571058243513,0
5632,0.010955282486975193,0,0.08218488097190857,0
5633,0.0026539769023656845,0,0.003515331307426095,0
5634,0.008833929896354675,0,0.0054874056950211525,0
5635,0.004321445245295763,0,0.009016814641654491,0
5636,0.013868087902665138,0,0.0028983622323721647,0
5637,0.005148554220795631,0,0.00913272425532341,0
5638,0.020287148654460907,0,0.003699308028444648,0
5639,0.008536328561604023,0,0.005144960712641478,0
5640,0.003566290717571974,0,0.02329077757894993,0
5641,0.0066398135386407375,0,0.003100986359640956,0
5642,0.03445495292544365,0,0.005860893987119198,0
5643,0.0038428963162004948,0,0.007118236273527145,0
5644,0.005606706719845533,0,0.007224428001791239,0
5645,0.8784283995628357,1,0.005783966276794672,0
5646,0.010611777193844318,0,0.006364870350807905,0
5647,0.020991597324609756,0,0.40444162487983704,0
5648,0.010483554564416409,0,0.00815416220575571,0
5649,0.003496679710224271,0,0.009510830976068974,0
5650,0.01326906681060791,0,0.007504381239414215,0
5651,0.00323392148129642,0,0.01271816249936819,0
5652,0.009309432469308376,0,0.007030954584479332,0
5653,0.00970219261944294,0,0.004883933812379837,0
5654,0.00434038694947958,0,0.002802015282213688,0
5655,0.004911123309284449,0,0.004443095065653324,0
5656,0.5784459114074707,0,0.011576118879020214,0
5657,0.010465318337082863,0,0.0021607514936476946,0
5658,0.003956301603466272,0,0.02715497463941574,0
5659,0.01599206030368805,0,0.003796058241277933,0
5660,0.004802231211215258,0,0.009044586680829525,0
5661,0.044532861560583115,0,0.0033196609001606703,0
5662,0.004985824227333069,0,0.004412010312080383,0
5663,0.008557327091693878,0,0.015326641499996185,0
5664,0.005651919636875391,0,0.00820042286068201,0
5665,0.0029340432956814766,0,0.014990472234785557,0
5666,0.0037033450789749622,0,0.0053518847562372684,0
5667,0.004834550898522139,0,0.028114261105656624,0
5668,0.0035881330259144306,0,0.006886653136461973,0
5669,0.007422932423651218,0,0.0051426696591079235,0
5670,0.008316466584801674,0,0.03524574637413025,0
5671,0.004264332819730043,0,0.004624682012945414,0
5672,0.011522185057401657,0,0.004516573157161474,0
5673,0.006287318654358387,1,0.0050181918777525425,0
5674,0.004506400786340237,0,0.004921182058751583,0
5675,0.004202333744615316,0,0.004447292070835829,0
5676,0.013465373776853085,0,0.5927190184593201,1
5677,0.003044009441509843,0,0.006527222227305174,0
5678,0.0070480466820299625,0,0.0037455272395163774,0
5679,0.0034594363532960415,0,0.005804023239761591,0
5680,0.006859111599624157,0,0.005772283300757408,0
5681,0.005034293048083782,0,0.00585916917771101,0
5682,0.03361307829618454,0,0.04303325340151787,0
5683,0.022834941744804382,0,0.003414678620174527,0
5684,0.0071955351158976555,0,0.004648598842322826,0
5685,0.004401721525937319,0,0.0031101377680897713,0
5686,0.005461688153445721,0,0.02233235351741314,0
5687,0.007670755032449961,0,0.005894381552934647,0
5688,0.004549690987914801,0,0.005855026189237833,0
5689,0.010919716209173203,0,0.016745228320360184,0
5690,0.004825504496693611,0,0.007947458885610104,0
5691,0.036481451243162155,0,0.0036599175073206425,0
5692,0.008019380271434784,0,0.023720530793070793,0
5693,0.0046825469471514225,0,0.006842199247330427,0
5694,0.006812952924519777,0,0.0048796646296978,0
5695,0.0063136969693005085,0,0.00528931338340044,0
5696,0.006098958197981119,0,0.01790262572467327,0
5697,0.00534629262983799,0,0.00363902491517365,0
5698,0.03339577466249466,0,0.039634209126234055,0
5699,0.006622114218771458,0,0.004931265488266945,0
5700,0.0033416312653571367,0,0.005735065322369337,0
5701,0.04688401147723198,0,0.005525991320610046,0
5702,0.0019430675311014056,0,0.010910285636782646,0
5703,0.009707417339086533,0,0.010805836878716946,0
5704,0.024317476898431778,0,0.01430449914187193,0
5705,0.003263407852500677,0,0.060015227645635605,0
5706,0.0043481518514454365,0,0.003980583045631647,0
5707,0.004686546977609396,0,0.004610646516084671,0
5708,0.06603482365608215,0,0.004194178152829409,0
5709,0.008204663172364235,0,0.005742386914789677,0
5710,0.007624063640832901,0,0.004410929977893829,0
5711,0.0022429651580750942,0,0.028392480686306953,0
5712,0.004475699737668037,0,0.005524607375264168,0
5713,0.008392706513404846,0,0.009208478033542633,0
5714,0.0030296738259494305,0,0.005101621150970459,0
5715,0.009642382152378559,0,0.005449781194329262,0
5716,0.005877336952835321,0,0.003060309449210763,0
5717,0.01192562561482191,0,0.002604132518172264,0
5718,0.0051563810557127,0,0.017609551548957825,0
5719,0.1073254719376564,0,0.005629192106425762,0
5720,0.002679691882804036,0,0.005339810159057379,0
5721,0.0026753677520900965,0,0.00376296229660511,0
5722,0.014216904528439045,0,0.005313483066856861,0
5723,0.009161069989204407,0,0.0026910293381661177,0
5724,0.009838840924203396,0,0.006273879203945398,0
5725,0.005240593571215868,0,0.3211676776409149,0
5726,0.01648635044693947,0,0.0048209126107394695,0
5727,0.051606837660074234,0,0.0036688419058918953,0
5728,0.010574803687632084,0,0.01038297638297081,0
5729,0.009633629582822323,0,0.0027010745834559202,0
5730,0.006078176200389862,0,0.004861782770603895,0
5731,0.004695095121860504,0,0.009808233007788658,0
5732,0.005360585171729326,0,0.006179314572364092,0
5733,0.009862411767244339,0,0.004222308751195669,0
5734,0.001867232727818191,0,0.005661465227603912,0
5735,0.027532562613487244,0,0.004237645771354437,0
5736,0.00995372049510479,1,0.006078674457967281,0
5737,0.020845118910074234,0,0.003988273907452822,0
5738,0.0042120045982301235,0,0.009605699218809605,0
5739,0.014158534817397594,0,0.1266932487487793,0
5740,0.008282075636088848,0,0.008296135812997818,0
5741,0.08235381543636322,0,0.0018094090046361089,0
5742,0.022349825128912926,0,0.003877989249303937,0
5743,0.006580085959285498,0,0.0127705754712224,0
5744,0.00476545374840498,0,0.007389784324914217,0
5745,0.005303119774907827,0,0.005746610928326845,0
5746,0.023105397820472717,0,0.0069976430386304855,0
5747,0.004916947800666094,0,0.01021282747387886,0
5748,0.006471609231084585,0,0.005456375889480114,0
5749,0.005172864068299532,0,0.004091381095349789,0
5750,0.006829182151705027,0,0.16539834439754486,0
5751,0.0037071278784424067,0,0.01745622605085373,0
5752,0.06803570687770844,0,0.005147333722561598,0
5753,0.0044183386489748955,0,0.008975272998213768,0
5754,0.0910288617014885,0,0.007866979576647282,0
5755,0.003954851068556309,0,0.002901152940467,0
5756,0.033376190811395645,0,0.005585815757513046,0
5757,0.1559615582227707,0,0.0036516294348984957,0
5758,0.004337577149271965,0,0.007659046910703182,0
5759,0.00661594420671463,0,0.009333156980574131,0
5760,0.019642038270831108,0,0.00563622685149312,0
5761,0.005020182579755783,0,0.003611329710111022,0
5762,0.004851807840168476,0,0.004221783485263586,0
5763,0.00459979148581624,0,0.007376508321613073,0
5764,0.00454249233007431,0,0.008432503789663315,0
5765,0.0036722070071846247,0,0.011530122719705105,0
5766,0.013215338811278343,0,0.0037905138451606035,0
5767,0.004924225155264139,0,0.005910452455282211,0
5768,0.0037814623210579157,0,0.005717904306948185,0
5769,0.008813849650323391,0,0.0035198540426790714,0
5770,0.016865119338035583,0,0.005629848688840866,0
5771,0.0174393467605114,0,0.004350997973233461,0
5772,0.004552539903670549,0,0.008024749346077442,0
5773,0.007329002488404512,0,0.005044858902692795,0
5774,0.004248375538736582,0,0.009396295994520187,0
5775,0.008436722680926323,1,0.0037091432604938745,0
5776,0.004750645719468594,0,0.0033084952738136053,0
5777,0.0021358735393732786,0,0.037647753953933716,0
5778,0.0035496929194778204,0,0.002610511379316449,0
5779,0.004253259859979153,0,0.005159723572432995,0
5780,0.02764294296503067,0,0.006201868411153555,0
5781,0.0015729990554973483,0,0.007557155564427376,0
5782,0.00392440939322114,0,0.0037352321669459343,0
5783,0.003444340545684099,0,0.002580534666776657,0
5784,0.014156777411699295,0,0.0028936644084751606,0
5785,0.004452788736671209,0,0.022515270859003067,0
5786,0.0038757389411330223,0,0.010658061131834984,0
5787,0.004687013570219278,0,0.006595320533961058,0
5788,0.0056346720084548,0,0.008321776986122131,0
5789,0.6582470536231995,0,0.01071592140942812,0
5790,0.034508056938648224,0,0.0054787336848676205,0
5791,0.009217518381774426,0,0.00592463742941618,0
5792,0.0027040012646466494,0,0.0024273088201880455,0
5793,0.009923446923494339,0,0.003012024099007249,0
5794,0.002452533459290862,0,0.00416911393404007,0
5795,0.005590192973613739,0,0.008771817199885845,0
5796,0.004966996144503355,0,0.03486158698797226,0
5797,0.00823840033262968,1,0.011073272675275803,0
5798,0.011819773353636265,0,0.009291418828070164,0
5799,0.005623429547995329,0,0.005031356122344732,0
5800,0.015491059981286526,0,0.020432356745004654,0
5801,0.006454328540712595,0,0.0038587877061218023,0
5802,0.009215337224304676,0,0.010704795829951763,0
5803,0.0053417738527059555,0,0.007478935178369284,0
5804,0.0033981911838054657,0,0.03033069334924221,0
5805,0.004298169631510973,0,0.004841182846575975,0
5806,0.00362722878344357,0,0.004543814342468977,0
5807,0.035472698509693146,0,0.008632466197013855,0
5808,0.0044327969662845135,0,0.007716000080108643,0
5809,0.004134040791541338,0,0.00849304161965847,0
5810,0.0027765713166445494,0,0.004306810442358255,0
5811,0.003340770723298192,0,0.004878328647464514,0
5812,0.014414830133318901,0,0.0042260936461389065,0
5813,0.0035061861854046583,0,0.012064943090081215,0
5814,0.0030815263744443655,0,0.011221823282539845,0
5815,0.004738945979624987,0,0.009950290434062481,0
5816,0.006839976646006107,0,0.005137887317687273,0
5817,0.00756058981642127,0,0.004507922101765871,0
5818,0.6245197653770447,0,0.04682278633117676,0
5819,0.011079446412622929,0,0.004437060561031103,1
5820,0.004060590639710426,0,0.004508686251938343,0
5821,0.003292225068435073,0,0.028059223666787148,0
5822,0.0026810045819729567,0,0.01627688854932785,0
5823,0.01088064443320036,0,0.005683877505362034,0
5824,0.011292406357824802,0,0.004808154888451099,0
5825,0.007641208358108997,0,0.005168432369828224,0
5826,0.0044304681941866875,0,0.004029612056910992,0
5827,0.004694752395153046,0,0.00546743581071496,0
5828,0.0219368077814579,0,0.007776557933539152,0
5829,0.008100133389234543,0,0.004447476007044315,0
5830,0.0025178780779242516,0,0.002554794307798147,0
5831,0.0033870218321681023,0,0.008824524469673634,0
5832,0.004965417552739382,0,0.009903541766107082,0
5833,0.008109110407531261,0,0.020857365801930428,0
5834,0.005351161118596792,0,0.010589417070150375,0
5835,0.0035841031931340694,0,0.003384276758879423,0
5836,0.007609116844832897,1,0.008727289736270905,0
5837,0.010146265849471092,0,0.014565957710146904,0
5838,0.005214792210608721,0,0.016152016818523407,0
5839,0.00571467075496912,0,0.008266380988061428,0
5840,0.013129714876413345,0,0.0067448425106704235,0
5841,0.09091289341449738,0,0.004929454997181892,0
5842,0.01213501114398241,0,0.0024402402341365814,0
5843,0.012145637534558773,0,0.009543263353407383,0
5844,0.006305371411144733,0,0.004318674094974995,0
5845,0.00414598174393177,0,0.004018424544483423,0
5846,0.006988636218011379,0,0.0030820919200778008,0
5847,0.00897680502384901,0,0.005926007870584726,0
5848,0.006192241795361042,0,0.006167177110910416,0
5849,0.5391172170639038,1,0.005348035134375095,0
5850,0.005785164888948202,0,0.24866393208503723,0
5851,0.06698107719421387,0,0.00694336136803031,0
5852,0.01060751173645258,0,0.01405545137822628,0
5853,0.00738381315022707,0,0.0034773913212120533,0
5854,0.006666827946901321,0,0.008350742049515247,0
5855,0.003484965767711401,0,0.003746118163689971,0
5856,0.022990847006440163,0,0.2062329202890396,0
5857,0.015550325624644756,0,0.004745242651551962,0
5858,0.01880585588514805,0,0.00685068778693676,0
5859,0.010652541182935238,0,0.006899814587086439,0
5860,0.004364470485597849,0,0.01040872186422348,0
5861,0.0035329037345945835,0,0.007446494419127703,0
5862,0.005198984872549772,0,0.011839200742542744,0
5863,0.0032424742821604013,0,0.7015899419784546,0
5864,0.006578107364475727,0,0.005617593415081501,0
5865,0.0017203203169628978,0,0.007686832919716835,0
5866,0.004632509779185057,0,0.00328889861702919,0
5867,0.009287969209253788,0,0.004653296433389187,0
5868,0.010906621813774109,0,0.05364096909761429,0
5869,0.0041329809464514256,0,0.010761634446680546,0
5870,0.004407505504786968,0,0.005837203934788704,0
5871,0.005894758738577366,0,0.007237637881189585,0
5872,0.0036244671791791916,0,0.0652713030576706,0
5873,0.0068751052021980286,0,0.006470609921962023,0
5874,0.026906693354249,0,0.004990280605852604,0
5875,0.00606621615588665,0,0.009125460870563984,0
5876,0.03902726620435715,0,0.0033147642388939857,0
5877,0.00822465866804123,0,0.006787607446312904,0
5878,0.005502723157405853,0,0.004239811096340418,0
5879,0.49799486994743347,0,0.004229966085404158,0
5880,0.00695972703397274,0,0.005997450090944767,0
5881,0.006376832723617554,0,0.3162587881088257,0
5882,0.007338580675423145,0,0.01901501603424549,0
5883,0.004615029785782099,0,0.0040117125026881695,0
5884,0.004052622709423304,0,0.03508153185248375,0
5885,0.01794402115046978,0,0.023266807198524475,0
5886,0.007595033384859562,0,0.7710544466972351,1
5887,0.005592737812548876,0,0.00529820192605257,0
5888,0.004321644082665443,0,0.023343484848737717,0
5889,0.01174138579517603,0,0.0069261835888028145,0
5890,0.04474193975329399,1,0.0676615834236145,0
5891,0.0058356462977826595,0,0.01719781942665577,0
5892,0.0027332131285220385,0,0.007792896591126919,1
5893,0.004417075775563717,0,0.006825354415923357,0
5894,0.019135117530822754,0,0.0030390587635338306,0
5895,0.007241489365696907,0,0.025224708020687103,0
5896,0.00401447806507349,0,0.4401423931121826,0
5897,0.0057261488400399685,0,0.003315678332000971,0
5898,0.011106845922768116,0,0.0046632010489702225,0
5899,0.010261462070047855,0,0.004601757507771254,0
5900,0.3181741237640381,0,0.010732009075582027,0
5901,0.006719518918544054,0,0.01087962370365858,0
5902,0.015599735081195831,0,0.003443450201302767,0
5903,0.006718609016388655,0,0.0034630761947482824,0
5904,0.6412029266357422,1,0.03373214602470398,0
5905,0.007531555835157633,0,0.005501159932464361,0
5906,0.005064188968390226,0,0.004616782534867525,0
5907,0.006250549573451281,0,0.0023067279253154993,0
5908,0.008203619159758091,0,0.00587514229118824,0
5909,0.007230829447507858,0,0.00579273933544755,0
5910,0.008910988457500935,0,0.07439383864402771,0
5911,0.02354031428694725,0,0.027579737827181816,0
5912,0.711811363697052,1,0.0020304671488702297,0
5913,0.010178104043006897,0,0.021076984703540802,0
5914,0.003932335413992405,0,0.0022393898107111454,0
5915,0.028369218111038208,0,0.0035974839702248573,0
5916,0.009926244616508484,0,0.008923453278839588,0
5917,0.005144311580806971,0,0.007261942140758038,0
5918,0.010436567477881908,0,0.0038907492998987436,0
5919,0.009497691877186298,0,0.004234928172081709,0
5920,0.005160007160156965,0,0.0064726886339485645,0
5921,0.0035411554854363203,0,0.5346880555152893,0
5922,0.002083935309201479,0,0.011311328038573265,0
5923,0.003144769696518779,0,0.3833377957344055,0
5924,0.005919573362916708,0,0.00463146110996604,0
5925,0.00471571646630764,0,0.004167043603956699,0
5926,0.003572520101442933,0,0.009412584826350212,0
5927,0.6966753005981445,1,0.006942568346858025,0
5928,0.008075823076069355,1,0.007929245941340923,0
5929,0.521740734577179,1,0.005390341859310865,0
5930,0.004433182533830404,0,0.004168122075498104,0
5931,0.008160851895809174,0,0.004156208597123623,0
5932,0.007884513586759567,0,0.006506402511149645,0
5933,0.0035753422416746616,0,0.028564924374222755,0
5934,0.005809829104691744,0,0.0063835494220256805,0
5935,0.006945274770259857,0,0.009742979891598225,0
5936,0.0061980197206139565,0,0.0685061439871788,0
5937,0.003839859738945961,0,0.00877110380679369,0
5938,0.00649751303717494,0,0.019962625578045845,0
5939,0.6395474672317505,0,0.006703853607177734,0
5940,0.00728831859305501,0,0.006620097439736128,0
5941,0.005428423639386892,0,0.006409497000277042,0
5942,0.0024310676380991936,0,0.011189611628651619,0
5943,0.010936661623418331,0,0.003115721046924591,0
5944,0.019722064957022667,0,0.018976900726556778,0
5945,0.006364698521792889,0,0.007798723876476288,0
5946,0.00426962086930871,0,0.019160239025950432,0
5947,0.00800876971334219,0,0.008529998362064362,0
5948,0.0041064489632844925,0,0.007842695340514183,0
5949,0.011105588637292385,0,0.00433199992403388,0
5950,0.0076911295764148235,0,0.012835217639803886,0
5951,0.012514200992882252,0,0.010550553910434246,0
5952,0.01037841197103262,0,0.030506102368235588,0
5953,0.030941149219870567,0,0.020160341635346413,0
5954,0.01459678914397955,0,0.010436991229653358,0
5955,0.020145153626799583,0,0.008564823307096958,0
5956,0.020029336214065552,0,0.005371317267417908,0
5957,0.7696881294250488,0,0.11001516878604889,0
5958,0.04416818171739578,0,0.008138407953083515,0
5959,0.007930592633783817,0,0.002769589191302657,0
5960,0.005782346241176128,0,0.014909493736922741,0
5961,0.004394140560179949,0,0.007907496765255928,0
5962,0.0049773151986300945,0,0.006316566839814186,0
5963,0.010906375013291836,0,0.7819594740867615,1
5964,0.007943917997181416,0,0.00409958278760314,0
5965,0.1673603653907776,0,0.003957558888942003,0
5966,0.004248750861734152,0,0.12078765779733658,0
5967,0.19864599406719208,0,0.009980356320738792,0
5968,0.004239179193973541,0,0.005285536404699087,0
5969,0.006331954151391983,0,0.005353572778403759,0
5970,0.019732384011149406,0,0.007772577926516533,0
5971,0.004104977007955313,0,0.024757226929068565,0
5972,0.02515307068824768,0,0.040856022387742996,0
5973,0.0026369949337095022,0,0.004639401100575924,0
5974,0.0527876541018486,0,0.003642638213932514,0
5975,0.005178241059184074,0,0.004809912294149399,0
5976,0.003829528111964464,0,0.010682135820388794,0
5977,0.005695228930562735,0,0.004709259606897831,0
5978,0.0037630621809512377,0,0.005569536238908768,0
5979,0.020319558680057526,0,0.0025192461907863617,0
5980,0.006615803111344576,0,0.004776276182383299,0
5981,0.004648927599191666,0,0.0054834336042404175,0
5982,0.00702776899561286,0,0.0072146225720644,0
5983,0.018904592841863632,0,0.012065875343978405,0
5984,0.0024543574545532465,0,0.007868762128055096,0
5985,0.005982637871056795,0,0.004426099825650454,0
5986,0.008810397237539291,0,0.012136869132518768,0
5987,0.008443175815045834,0,0.00912399496883154,0
5988,0.005057188216596842,0,0.013246492482721806,1
5989,0.007184186950325966,0,0.0028997173067182302,0
5990,0.005881765857338905,0,0.004697293043136597,0
5991,0.005035881884396076,0,0.005554977338761091,0
5992,0.0019678082317113876,0,0.011716959998011589,0
5993,0.006279392633587122,0,0.00615578331053257,0
5994,0.014418204315006733,0,0.00317854224704206,0
5995,0.012960824184119701,0,0.003969776444137096,0
5996,0.006855783052742481,0,0.0049913362599909306,0
5997,0.4126274585723877,0,0.005678011104464531,0
5998,0.0056967465206980705,0,0.010500297881662846,0
5999,0.004440688993781805,0,0.0065948148258030415,0
6000,0.0046617076732218266,0,0.004410829395055771,0
6001,0.0034352047368884087,0,0.011535699479281902,0
6002,0.004091419745236635,0,0.02056521736085415,0
6003,0.0031285611912608147,0,0.01621345616877079,0
6004,0.005035982001572847,0,0.0057172453962266445,0
6005,0.006317216902971268,0,0.901770293712616,1
6006,0.003121886635199189,0,0.0041348752565681934,0
6007,0.0027499813586473465,0,0.005531664472073317,0
6008,0.0042013199999928474,0,0.006081114988774061,0
6009,0.005402048118412495,0,0.4693605601787567,0
6010,0.028585389256477356,0,0.011300288140773773,0
6011,0.008063658140599728,0,0.016021454706788063,0
6012,0.0030412005726248026,0,0.003672313643619418,0
6013,0.006300186738371849,0,0.022724898532032967,0
6014,0.0072907512076199055,0,0.006133305840194225,0
6015,0.007949808612465858,0,0.006077778525650501,0
6016,0.005607223138213158,0,0.007816705852746964,0
6017,0.007280673366039991,0,0.003945495001971722,0
6018,0.009216460399329662,0,0.011019036173820496,0
6019,0.005573687143623829,0,0.0029052773024886847,0
6020,0.005303984973579645,0,0.011691758409142494,0
6021,0.005170134361833334,0,0.005688514560461044,0
6022,0.006896730978041887,0,0.0040784054435789585,0
6023,0.007362517528235912,0,0.00917837768793106,0
6024,0.014536720700562,0,0.006853354629129171,1
6025,0.004923250991851091,1,0.009869295172393322,0
6026,0.005860316567122936,0,0.005383714567869902,0
6027,0.005896379705518484,0,0.003865274600684643,0
6028,0.006877175997942686,0,0.011425068601965904,0
6029,0.0022344484459608793,0,0.009206290356814861,0
6030,0.006549559999257326,0,0.0054543218575417995,0
6031,0.004193312022835016,0,0.010531292296946049,0
6032,0.006271070335060358,0,0.006236567161977291,0
6033,0.00975753739476204,0,0.07081139832735062,0
6034,0.041185397654771805,0,0.00816130731254816,0
6035,0.016627175733447075,0,0.006913656368851662,0
6036,0.005013993941247463,0,0.011614597402513027,0
6037,0.007599685341119766,0,0.0019404985941946507,0
6038,0.006648518145084381,0,0.0024472775403410196,0
6039,0.010725813917815685,0,0.008997160010039806,0
6040,0.0015383476857095957,0,0.019434602931141853,0
6041,0.5166086554527283,0,0.01608107052743435,0
6042,0.6830167174339294,1,0.007182847708463669,0
6043,0.011631299741566181,0,0.003627209458500147,0
6044,0.35167595744132996,0,0.011099390685558319,0
6045,0.4121696949005127,0,0.02654179558157921,0
6046,0.002878634026274085,0,0.003494472010061145,0
6047,0.00481606088578701,0,0.008108612149953842,0
6048,0.02220599167048931,0,0.013879003003239632,0
6049,0.020530473440885544,0,0.022155940532684326,0
6050,0.006412340793758631,0,0.0036965408362448215,0
6051,0.006146714556962252,0,0.5454910397529602,0
6052,0.004613522905856371,0,0.005643404088914394,0
6053,0.006183371879160404,0,0.003941194619983435,0
6054,0.01904149539768696,0,0.0038242293521761894,0
6055,0.6082653999328613,1,0.008924582973122597,0
6056,0.004367558751255274,0,0.04805146902799606,0
6057,0.011189172975718975,0,0.004907805938273668,1
6058,0.0019500110065564513,0,0.008472095243632793,0
6059,0.005248651374131441,0,0.0058159963227808475,0
6060,0.004786632489413023,0,0.008955361321568489,0
6061,0.03093773126602173,0,0.011167305521667004,0
6062,0.5431079864501953,0,0.004912055563181639,0
6063,0.008018928579986095,0,0.008127422071993351,0
6064,0.004520256072282791,0,0.010375719517469406,0
6065,0.007793146651238203,0,0.004306209273636341,0
6066,0.028272785246372223,0,0.02289113588631153,0
6067,0.006988633424043655,0,0.009676030836999416,0
6068,0.007997389882802963,0,0.0052923099137842655,0
6069,0.026389842852950096,0,0.008481658063828945,1
6070,0.0037187570706009865,0,0.004670475143939257,0
6071,0.002289957134053111,1,0.005539817735552788,0
6072,0.00564636941999197,0,0.005483363289386034,0
6073,0.005867376923561096,0,0.0024148686788976192,0
6074,0.01162082888185978,0,0.016339469701051712,0
6075,0.014410489238798618,0,0.010751628316938877,0
6076,0.0066592092625796795,0,0.0061400760896503925,0
6077,0.5035950541496277,1,0.12564298510551453,0
6078,0.009409642778337002,0,0.0029883473180234432,0
6079,0.012729579582810402,0,0.00832037627696991,0
6080,0.003316841321066022,0,0.006987550761550665,0
6081,0.006494422908872366,0,0.01019679382443428,0
6082,0.01988716423511505,0,0.011475599370896816,0
6083,0.011206057853996754,0,0.0049935271963477135,0
6084,0.004886004142463207,0,0.007268153131008148,0
6085,0.0033604265190660954,0,0.05681898817420006,0
6086,0.009513688273727894,0,0.00506480410695076,0
6087,0.005240160971879959,0,0.030925238505005836,0
6088,0.006735766772180796,0,0.010347368195652962,0
6089,0.007693175692111254,0,0.004826553165912628,1
6090,0.007782372646033764,0,0.06871774047613144,0
6091,0.004155485890805721,0,0.006358465179800987,0
6092,0.03972448781132698,0,0.003734412370249629,0
6093,0.006164240185171366,0,0.006996466312557459,0
6094,0.004232875537127256,0,0.0032756810542196035,0
6095,0.07343578338623047,0,0.004651980474591255,0
6096,0.005641012918204069,0,0.02445155940949917,0
6097,0.003983603790402412,0,0.008169448003172874,0
6098,0.0037695281207561493,0,0.005250290036201477,0
6099,0.0032168864272534847,0,0.20374207198619843,0
6100,0.005472281482070684,0,0.0035638820845633745,0
6101,0.005488571245223284,0,0.008525551296770573,0
6102,0.0032291768584400415,0,0.00207912758924067,1
6103,0.0026517363730818033,0,0.005152463912963867,0
6104,0.009027251042425632,0,0.31529101729393005,1
6105,0.005293755792081356,0,0.022315088659524918,0
6106,0.007376344874501228,0,0.5662991404533386,1
6107,0.01923309452831745,0,0.004578553605824709,0
6108,0.0034120359923690557,0,0.020764686167240143,0
6109,0.06397928297519684,0,0.006571759935468435,0
6110,0.01233452558517456,0,0.007197405677288771,0
6111,0.006225465796887875,0,0.2053166627883911,0
6112,0.03178849816322327,0,0.004949171561747789,0
6113,0.0033384773414582014,0,0.004818776622414589,0
6114,0.005028440151363611,1,0.005510692484676838,0
6115,0.0033865838777273893,0,0.0023822938092052937,0
6116,0.0019448569510132074,0,0.005880753509700298,0
6117,0.0608891099691391,0,0.004391698632389307,0
6118,0.051939427852630615,0,0.00645371712744236,0
6119,0.038309112191200256,0,0.018691498786211014,0
6120,0.0066500334069132805,1,0.013096577487885952,0
6121,0.0026420485228300095,0,0.008792588487267494,0
6122,0.0685746893286705,1,0.0033943564631044865,0
6123,0.01630442775785923,0,0.026973051950335503,0
6124,0.008509999141097069,0,0.0046099284663796425,0
6125,0.002438592491671443,0,0.029682299122214317,0
6126,0.004354973789304495,0,0.0060697817243635654,0
6127,0.006868483033031225,0,0.014307694509625435,0
6128,0.09875115752220154,0,0.010655884630978107,0
6129,0.01395786926150322,0,0.00510996300727129,0
6130,0.0023838048800826073,0,0.8553159832954407,0
6131,0.00689928513020277,0,0.4647976756095886,0
6132,0.006257733330130577,0,0.02180531807243824,0
6133,0.2001272290945053,0,0.4053873121738434,0
6134,0.008331739343702793,0,0.011725041083991528,0
6135,0.007261719089001417,0,0.0030505137983709574,0
6136,0.004397980868816376,0,0.005313114728778601,0
6137,0.02302958071231842,0,0.004700401797890663,0
6138,0.004561854992061853,0,0.004292671103030443,0
6139,0.003031234024092555,0,0.009640992619097233,1
6140,0.003765481524169445,0,0.005220464430749416,0
6141,0.0056851706467568874,0,0.4199090898036957,1
6142,0.006351353134959936,0,0.004408853128552437,0
6143,0.0034959884360432625,0,0.005060022231191397,0
6144,0.002990857232362032,0,0.004853815771639347,0
6145,0.009776039980351925,0,0.0074474564753472805,0
6146,0.006807947531342506,0,0.012222085148096085,0
6147,0.007463253568857908,0,0.00548300938680768,0
6148,0.03494856879115105,0,0.23447708785533905,0
6149,0.0050077433697879314,0,0.0076554748229682446,0
6150,0.0043959952890872955,0,0.005522710736840963,0
6151,0.005015647504478693,0,0.0022280302364379168,0
6152,0.004986164625734091,0,0.006264058407396078,0
6153,0.004358840174973011,0,0.01741098426282406,0
6154,0.0027204754296690226,0,0.006213105283677578,0
6155,0.003628633450716734,0,0.005471694748848677,0
6156,0.012202199548482895,0,0.007815947756171227,0
6157,0.004051258321851492,0,0.004538313020020723,0
6158,0.012333632446825504,0,0.016796715557575226,0
6159,0.010327196680009365,0,0.07556401938199997,0
6160,0.004406578838825226,0,0.0030163503251969814,0
6161,0.005099656525999308,0,0.004041383042931557,0
6162,0.004756493028253317,0,0.005927300080657005,0
6163,0.011981340125203133,0,0.012642133049666882,0
6164,0.0029953368939459324,0,0.006556455511599779,0
6165,0.004207766614854336,0,0.008781703189015388,0
6166,0.00738017912954092,0,0.006477136630564928,0
6167,0.0072988723404705524,0,0.005293655209243298,0
6168,0.0029873731546103954,0,0.019007911905646324,0
6169,0.011393879540264606,0,0.029440518468618393,0
6170,0.013849319890141487,0,0.006894693709909916,0
6171,0.03047158196568489,0,0.008699200116097927,0
6172,0.00318198767490685,0,0.006019589025527239,0
6173,0.007333607412874699,0,0.009141466580331326,0
6174,0.013691337779164314,0,0.017346151173114777,0
6175,0.006677249912172556,0,0.00832071527838707,0
6176,0.007323811762034893,0,0.009540505707263947,0
6177,0.007570674642920494,0,0.8586807250976562,1
6178,0.008900083601474762,0,0.007448947057127953,0
6179,0.004223792813718319,0,0.0048952726647257805,0
6180,0.009996137581765652,0,0.053946759551763535,0
6181,0.0018303388496860862,0,0.006864655297249556,0
6182,0.002772386185824871,0,0.004851824603974819,1
6183,0.013383791781961918,0,0.004732841160148382,0
6184,0.003644965123385191,0,0.004151174798607826,0
6185,0.005831976421177387,0,0.0029027850832790136,0
6186,0.006244415882974863,0,0.008581720292568207,0
6187,0.004837102722376585,0,0.008794787339866161,0
6188,0.006040429230779409,0,0.0027213282883167267,0
6189,0.0035787499509751797,0,0.3826961815357208,0
6190,0.005988070275634527,0,0.003182529006153345,0
6191,0.0023635937832295895,0,0.003974122926592827,0
6192,0.006598568055778742,0,0.018394069746136665,0
6193,0.015825675800442696,0,0.0014681833563372493,0
6194,0.007546037435531616,0,0.8904406428337097,1
6195,0.021817222237586975,0,0.010938528925180435,0
6196,0.008836811408400536,0,0.00304043130017817,0
6197,0.0149821313098073,0,0.007603645324707031,0
6198,0.005785600747913122,0,0.0043572778813540936,0
6199,0.00865454226732254,0,0.007076582871377468,0
6200,0.007297117728739977,0,0.04096725210547447,0
6201,0.0054372455924749374,0,0.03453691676259041,0
6202,0.00695972703397274,0,0.014116253703832626,0
6203,0.01929602399468422,0,0.0029439530335366726,0
6204,0.010842048563063145,0,0.00973232090473175,0
6205,0.5244665145874023,0,0.008343302644789219,0
6206,0.0062278322875499725,0,0.008045759052038193,0
6207,0.006682945881038904,0,0.03203347697854042,0
6208,0.005875492934137583,0,0.005980900023132563,0
6209,0.012518614530563354,0,0.010805133730173111,0
6210,0.007187255658209324,0,0.008146637119352818,0
6211,0.004502479452639818,0,0.004579866770654917,0
6212,0.0048161339946091175,0,0.002891902346163988,0
6213,0.9415445923805237,1,0.03338870406150818,0
6214,0.0038905239198356867,0,0.04067046567797661,0
6215,0.027276305481791496,0,0.006314466241747141,0
6216,0.0058692824095487595,0,0.004173005931079388,0
6217,0.00786993931978941,0,0.0045589241199195385,0
6218,0.007031147833913565,0,0.005606031510978937,0
6219,0.012454941868782043,0,0.005956507287919521,0
6220,0.006649714894592762,0,0.003775276942178607,0
6221,0.006225645542144775,0,0.020823903381824493,0
6222,0.005308670923113823,0,0.004749528132379055,0
6223,0.015788637101650238,0,0.0057606264017522335,0
6224,0.006624194793403149,0,0.005101969465613365,0
6225,0.00478555541485548,0,0.008429274894297123,0
6226,0.002313710283488035,0,0.0031960755586624146,0
6227,0.03379933908581734,0,0.024792101234197617,0
6228,0.0040504601784050465,0,0.7808934450149536,1
6229,0.009217209182679653,0,0.0040956828743219376,0
6230,0.009933778084814548,0,0.005671645049005747,0
6231,0.004630959592759609,0,0.003956662490963936,0
6232,0.008972970768809319,0,0.0034566232934594154,0
6233,0.02275923639535904,0,0.6486752033233643,0
6234,0.005916706286370754,0,0.0060734134167432785,0
6235,0.860307514667511,1,0.005717362277209759,0
6236,0.005503072869032621,0,0.009000459685921669,0
6237,0.00637319590896368,0,0.027308359742164612,0
6238,0.012608137913048267,0,0.009154139086604118,0
6239,0.06448740512132645,0,0.020570293068885803,0
6240,0.02469082735478878,0,0.0018637600587680936,0
6241,0.005376674700528383,0,0.00994966086000204,0
6242,0.009168339893221855,0,0.045802656561136246,0
6243,0.0015423130244016647,0,0.007812668569386005,0
6244,0.006791569292545319,0,0.1532074362039566,0
6245,0.1335669606924057,0,0.0025680572725832462,0
6246,0.0051564546301960945,0,0.006332968827337027,0
6247,0.005255612079054117,0,0.004169472027570009,0
6248,0.014412452466785908,0,0.009774054400622845,0
6249,0.005796805024147034,0,0.005532931536436081,0
6250,0.010548284277319908,0,0.008302752859890461,0
6251,0.683039665222168,0,0.0024262687657028437,0
6252,0.0025744091253727674,0,0.00478189205750823,0
6253,0.013184531591832638,1,0.1642494648694992,0
6254,0.008070617914199829,0,0.0033148243092000484,0
6255,0.005841818638145924,0,0.008942670188844204,0
6256,0.006241463124752045,0,0.009380383417010307,0
6257,0.004135314840823412,0,0.006409381981939077,0
6258,0.0031884280033409595,0,0.002543020062148571,0
6259,0.004859142005443573,0,0.005404989700764418,0
6260,0.005593896843492985,0,0.021988393738865852,0
6261,0.006574708968400955,0,0.025669673457741737,0
6262,0.00213115313090384,0,0.013610082678496838,0
6263,0.003516059834510088,0,0.004438492935150862,0
6264,0.03177919611334801,0,0.019056132063269615,0
6265,0.013291716575622559,0,0.004574211314320564,0
6266,0.05123947933316231,0,0.004266096744686365,0
6267,0.0033956279512494802,0,0.0031513837166130543,0
6268,0.007913717068731785,0,0.35629919171333313,0
6269,0.0033227200619876385,0,0.47746241092681885,1
6270,0.003944284748286009,0,0.009329481050372124,0
6271,0.0040250676684081554,0,0.00885457918047905,0
6272,0.03784087300300598,0,0.003126612165942788,0
6273,0.005979035049676895,0,0.00797375850379467,0
6274,0.003442030632868409,0,0.007113486062735319,0
6275,0.011217677034437656,0,0.007810200098901987,0
6276,0.003827105974778533,0,0.005665372125804424,0
6277,0.006967410445213318,0,0.006234327796846628,0
6278,0.00357798975892365,0,0.023157795891165733,0
6279,0.006365268491208553,0,0.010312980972230434,0
6280,0.006467829924076796,0,0.0017255486454814672,0
6281,0.007877690717577934,0,0.006073229480534792,0
6282,0.006012734025716782,0,0.01065679918974638,0
6283,0.00897397194057703,0,0.0020217127166688442,0
6284,0.008075837977230549,0,0.004451837856322527,0
6285,0.008479760959744453,0,0.003803408006206155,0
6286,0.004967007786035538,0,0.009387293830513954,0
6287,0.00295410118997097,0,0.012967194430530071,0
6288,0.005562508013099432,0,0.005817328114062548,0
6289,0.004642828833311796,0,0.007208866532891989,0
6290,0.036170925945043564,0,0.003188467351719737,0
6291,0.007799941580742598,0,0.004140618722885847,0
6292,0.007130719721317291,0,0.003059019334614277,0
6293,0.006508634425699711,0,0.011075909249484539,0
6294,0.005600824020802975,0,0.006672103423625231,0
6295,0.008933305740356445,0,0.0027163298800587654,0
6296,0.00912241730839014,0,0.005019218195229769,0
6297,0.00438257772475481,0,0.004673741292208433,0
6298,0.008427752181887627,0,0.042030688375234604,1
6299,0.013350027613341808,0,0.004882585257291794,0
6300,0.17760494351387024,0,0.009600779041647911,0
6301,0.00646974565461278,0,0.006364638451486826,0
6302,0.0382690355181694,0,0.09449281543493271,0
6303,0.004454319830983877,0,0.0052680689841508865,0
6304,0.007838347926735878,0,0.012880900874733925,0
6305,0.00302246049977839,0,0.013047277927398682,0
6306,0.008014559745788574,0,0.013098475523293018,0
6307,0.0019460974726825953,0,0.004302896559238434,0
6308,0.005755674093961716,0,0.006810082122683525,0
6309,0.010121890343725681,0,0.0054471613839268684,0
6310,0.0031004175543785095,0,0.010482446290552616,0
6311,0.004484372213482857,0,0.0067147123627364635,0
6312,0.00785843562334776,1,0.0175191480666399,0
6313,0.005256643984466791,0,0.031295426189899445,0
6314,0.008270236663520336,0,0.0037603105884045362,0
6315,0.008908625692129135,0,0.00723950145766139,0
6316,0.01954817958176136,0,0.010864747688174248,0
6317,0.008360612206161022,0,0.007586652413010597,0
6318,0.0068832687102258205,0,0.004725659266114235,0
6319,0.0019320650026202202,0,0.007896925322711468,0
6320,0.02160143479704857,0,0.008920236490666866,0
6321,0.003137426683679223,0,0.002272555371746421,0
6322,0.005901725962758064,0,0.09057630598545074,0
6323,0.00449341768398881,0,0.016585540026426315,0
6324,0.16082365810871124,0,0.005909264553338289,0
6325,0.0073158289305865765,0,0.004644728731364012,0
6326,0.0022996736224740744,0,0.007848797366023064,0
6327,0.00613153912127018,0,0.0036211416590958834,0
6328,0.1717776358127594,0,0.004192645195871592,0
6329,0.010162887163460255,0,0.0030056072864681482,1
6330,0.48436152935028076,0,0.002820070367306471,0
6331,0.002795958425849676,0,0.005049077793955803,0
6332,0.010606200434267521,0,0.006262627895921469,0
6333,0.0036776787601411343,0,0.2923349142074585,1
6334,0.004316527862101793,0,0.006735543254762888,0
6335,0.0036875254008919,0,0.023784074932336807,0
6336,0.005286780185997486,0,0.005536994431167841,0
6337,0.009096127934753895,0,0.004167940001934767,0
6338,0.33672183752059937,0,0.006002671085298061,0
6339,0.00536791468039155,0,0.04416981339454651,0
6340,0.023670993745326996,0,0.0035004799719899893,0
6341,0.01863640733063221,0,0.00972094014286995,0
6342,0.007912339642643929,0,0.004771387670189142,0
6343,0.011146362870931625,0,0.015990108251571655,0
6344,0.006291162688285112,0,0.005673898849636316,0
6345,0.007065186742693186,0,0.004433527123183012,0
6346,0.013003092259168625,1,0.006240475457161665,0
6347,0.0044331843964755535,0,0.0065153660252690315,0
6348,0.006703393533825874,0,0.006483676377683878,0
6349,0.006447684019804001,0,0.007957450114190578,0
6350,0.04241209849715233,0,0.004484634380787611,0
6351,0.003026355756446719,0,0.0037879019510000944,0
6352,0.3729309141635895,0,0.002556466730311513,0
6353,0.0061919898726046085,0,0.014562549069523811,0
6354,0.004226683638989925,0,0.06089148670434952,0
6355,0.007892999798059464,0,0.008765587583184242,0
6356,0.008472327142953873,0,0.008326603099703789,0
6357,0.5759772062301636,1,0.0025599331129342318,0
6358,0.031167298555374146,0,0.006662657484412193,0
6359,0.007416803855448961,0,0.00857357308268547,0
6360,0.025049785152077675,0,0.006734969560056925,0
6361,0.004363111220300198,0,0.0042096409015357494,0
6362,0.00907978881150484,0,0.01226257998496294,0
6363,0.027683215215802193,0,0.006335705518722534,0
6364,0.03195607662200928,0,0.0033604376949369907,0
6365,0.004352280870079994,0,0.009412122890353203,0
6366,0.009308183565735817,0,0.007506136316806078,0
6367,0.002659505931660533,0,0.5779144763946533,0
6368,0.011140666902065277,1,0.005657544359564781,0
6369,0.009623507969081402,0,0.004176822025328875,0
6370,0.008317701518535614,0,0.003746338654309511,0
6371,0.045991506427526474,0,0.01709464192390442,0
6372,0.010416927747428417,0,0.06544411927461624,0
6373,0.007715703919529915,0,0.0032241479493677616,0
6374,0.01859661191701889,0,0.002990402514114976,0
6375,0.017846865579485893,0,0.004934811498969793,0
6376,0.013108594343066216,0,0.007252759300172329,0
6377,0.006590817589312792,0,0.007239796686917543,0
6378,0.018161319196224213,1,0.0033592369873076677,0
6379,0.006568483076989651,0,0.010318662039935589,0
6380,0.00667294068261981,0,0.005743838381022215,0
6381,0.35149165987968445,1,0.0051623061299324036,0
6382,0.006510469596832991,0,0.015158615075051785,0
6383,0.0048944526351988316,0,0.008483005687594414,0
6384,0.005775288678705692,0,0.007688070181757212,0
6385,0.02892298623919487,0,0.0029157097451388836,0
6386,0.005398385692387819,0,0.026650268584489822,0
6387,0.00302603910677135,0,0.004288580734282732,0
6388,0.01836257614195347,0,0.054222043603658676,0
6389,0.006354474928230047,0,0.05786267668008804,0
6390,0.010518147610127926,0,0.005408505909144878,0
6391,0.013667481951415539,0,0.008375898003578186,0
6392,0.0052990964613854885,0,0.006464153993874788,0
6393,0.017029577866196632,0,0.0027452646754682064,0
6394,0.00271923141553998,0,0.00891411304473877,0
6395,0.0029988065361976624,0,0.003524399595335126,0
6396,0.004997736774384975,0,0.017259713262319565,0
6397,0.00574622955173254,1,0.002396499505266547,0
6398,0.035556111484766006,0,0.008743226528167725,0
6399,0.004935361910611391,0,0.005238739773631096,0
6400,0.004379826132208109,0,0.009530166164040565,0
6401,0.005470027215778828,0,0.0037129863630980253,0
6402,0.006029812153428793,0,0.0054971203207969666,0
6403,0.008379744365811348,0,0.0036026202142238617,0
6404,0.0055073332041502,0,0.0024188326206058264,0
6405,0.016684789210557938,0,0.0034045856446027756,0
6406,0.005361058283597231,0,0.002486652694642544,0
6407,0.004919902421534061,0,0.00467554060742259,0
6408,0.0037084452342242002,0,0.005769459530711174,0
6409,0.006237081717699766,0,0.02910497598350048,0
6410,0.003466223832219839,0,0.0032448284327983856,0
6411,0.008168814703822136,0,0.008006538264453411,0
6412,0.004734611604362726,0,0.008450140245258808,0
6413,0.007123748306185007,0,0.020780527964234352,0
6414,0.00703894579783082,0,0.004213868640363216,0
6415,0.003840275574475527,0,0.004562708083540201,0
6416,0.31279227137565613,0,0.014638866297900677,0
6417,0.005292640998959541,0,0.00410782964900136,0
6418,0.0075754448771476746,0,0.00537403067573905,0
6419,0.018797025084495544,0,0.008728791028261185,0
6420,0.0052569410763680935,0,0.008747327141463757,0
6421,0.005869855638593435,0,0.05232030898332596,0
6422,0.0044822972267866135,0,0.007023584563285112,0
6423,0.06388803571462631,1,0.004385862499475479,0
6424,0.0036173088010400534,0,0.006665003020316362,0
6425,0.003711713245138526,0,0.007142707705497742,0
6426,0.007685599848628044,0,0.00485972547903657,0
6427,0.0034643963444978,0,0.00668376823887229,0
6428,0.0022503777872771025,0,0.011210411787033081,0
6429,0.004484536126255989,0,0.0019516029860824347,0
6430,0.004737180657684803,0,0.2841508686542511,0
6431,0.005179034546017647,0,0.00790328998118639,0
6432,0.008834514766931534,0,0.010055297054350376,0
6433,0.0695425495505333,0,0.05554533749818802,0
6434,0.009427495300769806,0,0.004484887234866619,0
6435,0.0033263759687542915,0,0.008951731026172638,0
6436,0.003479273524135351,0,0.007242521736770868,0
6437,0.008620036765933037,0,0.004370454233139753,0
6438,0.0034567806869745255,0,0.0056336005218327045,0
6439,0.006905403919517994,0,0.004803047049790621,0
6440,0.003370398422703147,0,0.011005964130163193,0
6441,0.003856440307572484,0,0.011624609120190144,0
6442,0.03116777539253235,0,0.006983951665461063,0
6443,0.00800066627562046,0,0.009319406934082508,0
6444,0.007358862552791834,0,0.007933838292956352,0
6445,0.0021330928429961205,0,0.04235037416219711,0
6446,0.0060880910605192184,0,0.008405156433582306,0
6447,0.007206982932984829,0,0.004574243910610676,0
6448,0.007144733797758818,0,0.004147393628954887,0
6449,0.008846936747431755,0,0.004856474697589874,1
6450,0.00841032899916172,0,0.008406488224864006,0
6451,0.006427584681659937,0,0.005344171077013016,0
6452,0.32704782485961914,0,0.8755884766578674,0
6453,0.020477816462516785,0,0.011339058168232441,0
6454,0.0054002320393919945,0,0.004394935443997383,0
6455,0.004515074659138918,0,0.003923280164599419,0
6456,0.003051143139600754,0,0.036733198910951614,0
6457,0.004134629387408495,0,0.43983975052833557,1
6458,0.009819637052714825,0,0.003666036296635866,0
6459,0.012073470279574394,0,0.005041762255132198,0
6460,0.008013873361051083,0,0.006052589043974876,0
6461,0.009890332818031311,0,0.008460658602416515,0
6462,0.008971932344138622,0,0.01074851956218481,0
6463,0.008958984166383743,0,0.00981968268752098,0
6464,0.07749796658754349,0,0.007072643842548132,0
6465,0.0037298027891665697,0,0.012282874435186386,0
6466,0.005126772914081812,0,0.003309236140921712,0
6467,0.011702386662364006,0,0.014143329113721848,0
6468,0.02054576948285103,0,0.0035062062088400126,0
6469,0.008895399048924446,0,0.01722533255815506,0
6470,0.00608515739440918,0,0.00778157077729702,0
6471,0.004751825239509344,0,0.00643897196277976,0
6472,0.010159107856452465,0,0.0033151754178106785,0
6473,0.015146952122449875,0,0.0038303579203784466,0
6474,0.010986429639160633,0,0.008479287847876549,0
6475,0.003470459720119834,0,0.0023137368261814117,0
6476,0.8634284734725952,1,0.005078454036265612,0
6477,0.004969289992004633,0,0.012172968126833439,0
6478,0.008344994857907295,0,0.005164424888789654,0
6479,0.11833404749631882,0,0.005579385906457901,0
6480,0.0044470434077084064,0,0.01305665634572506,0
6481,0.008110430091619492,0,0.08204379677772522,0
6482,0.010387877933681011,0,0.3635457158088684,0
6483,0.007654236163944006,0,0.011110717430710793,0
6484,0.005506737623363733,0,0.0064410800114274025,0
6485,0.02062983624637127,0,0.007157314568758011,0
6486,0.003975570667535067,0,0.0034207641147077084,0
6487,0.007545148953795433,0,0.00725561985746026,0
6488,0.01575753651559353,0,0.006937280762940645,0
6489,0.0060215238481760025,0,0.005017999093979597,0
6490,0.006325914990156889,0,0.009317263029515743,1
6491,0.037284329533576965,1,0.008719298057258129,0
6492,0.007006707601249218,0,0.008706814609467983,0
6493,0.0037335928063839674,0,0.021171581000089645,0
6494,0.0019558111671358347,0,0.018847012892365456,0
6495,0.009556475095450878,0,0.006160572171211243,0
6496,0.010768371634185314,0,0.3550751805305481,0
6497,0.008179058320820332,0,0.006021786481142044,0
6498,0.005201970227062702,0,0.010904456488788128,0
6499,0.03764338418841362,0,0.006164800841361284,0
6500,0.006555426865816116,0,0.004873174242675304,0
6501,0.0056210411712527275,0,0.005319052841514349,0
6502,0.02760579250752926,0,0.003626766614615917,0
6503,0.015655290335416794,0,0.002822635695338249,0
6504,0.004798308480530977,0,0.004061935003846884,0
6505,0.006578029599040747,0,0.03545637056231499,0
6506,0.007510975934565067,1,0.054868184030056,0
6507,0.003925133030861616,0,0.003982591442763805,0
6508,0.003388182492926717,0,0.004173441790044308,0
6509,0.007019638083875179,0,0.0038029856514185667,0
6510,0.008247209712862968,0,0.00825607217848301,0
6511,0.057178255170583725,0,0.01412641815841198,0
6512,0.005909329280257225,0,0.006276528351008892,0
6513,0.009755021892488003,0,0.004392768256366253,0
6514,0.008806878700852394,0,0.03297370672225952,0
6515,0.0030418483074754477,0,0.006115253083407879,0
6516,0.00537939602509141,0,0.04800652712583542,0
6517,0.00471538957208395,0,0.010874339379370213,0
6518,0.016443941742181778,0,0.0044649215415120125,0
6519,0.0035171727649867535,0,0.005845805164426565,0
6520,0.0055056046694517136,0,0.005656606052070856,0
6521,0.010263243690133095,0,0.00451928423717618,0
6522,0.0030472264625132084,0,0.006151230540126562,0
6523,0.0038610685151070356,0,0.20230825245380402,1
6524,0.007907377555966377,0,0.0050123813562095165,0
6525,0.010337763465940952,0,0.003237157128751278,0
6526,0.0076281484216451645,0,0.003322246251627803,0
6527,0.0032874499447643757,0,0.12258819490671158,0
6528,0.01037039328366518,0,0.0062929908744990826,0
6529,0.019286487251520157,0,0.002456823131069541,0
6530,0.006544939242303371,0,0.00371788302436471,0
6531,0.002841644687578082,0,0.023578433319926262,0
6532,0.0063362279906868935,0,0.007569560781121254,0
6533,0.0020273823756724596,0,0.008550436235964298,0
6534,0.0047041913494467735,0,0.011045433580875397,0
6535,0.011696510016918182,0,0.009033746086061,0
6536,0.015281866304576397,0,0.8912866115570068,1
6537,0.004304383881390095,0,0.005511647090315819,0
6538,0.0037710543256253004,0,0.008497347123920918,0
6539,0.004500004928559065,0,0.009283564984798431,0
6540,0.0035558545496314764,0,0.0025124994572252035,0
6541,0.006776195485144854,0,0.004714633338153362,0
6542,0.006686878390610218,0,0.005113785155117512,0
6543,0.0027376541402190924,0,0.0065655517391860485,0
6544,0.013179061003029346,0,0.004727666731923819,0
6545,0.004497747868299484,0,0.025837231427431107,0
6546,0.0058462792076170444,0,0.03423624113202095,0
6547,0.008050693199038506,0,0.004231014754623175,0
6548,0.004967498127371073,0,0.009661740623414516,0
6549,0.005588809493929148,0,0.004850896541029215,0
6550,0.009366140700876713,0,0.03771325945854187,0
6551,0.010164887644350529,0,0.0032833684235811234,0
6552,0.0111686484888196,0,0.00447986600920558,0
6553,0.007283893413841724,0,0.002145619597285986,0
6554,0.005011751316487789,0,0.00835680216550827,0
6555,0.003970263060182333,0,0.01480575930327177,1
6556,0.005504918284714222,0,0.004460587166249752,0
6557,0.010019972920417786,1,0.005019075237214565,0
6558,0.02408977411687374,0,0.0044915624894201756,0
6559,0.003574645845219493,0,0.002840127795934677,0
6560,0.002508611185476184,0,0.009854833595454693,0
6561,0.019728252664208412,0,0.01106974296271801,0
6562,0.007367607206106186,0,0.0036811346653848886,0
6563,0.005986152216792107,0,0.009979060851037502,0
6564,0.01971200481057167,0,0.005788371432572603,0
6565,0.06475209444761276,0,0.008327154442667961,0
6566,0.00881591159850359,0,0.0069157714024186134,0
6567,0.006973080802708864,0,0.014183703809976578,0
6568,0.003198496298864484,0,0.019669411703944206,1
6569,0.00838974304497242,0,0.004139354452490807,0
6570,0.010935254395008087,0,0.004269166849553585,0
6571,0.004094318021088839,0,0.00523199001327157,0
6572,0.004589890129864216,0,0.004188422579318285,0
6573,0.002277826890349388,0,0.005147438496351242,0
6574,0.006020853295922279,0,0.026016632094979286,1
6575,0.008957616984844208,0,0.006442755460739136,0
6576,0.0038370885886251926,0,0.005539507605135441,0
6577,0.034842703491449356,0,0.005087306257337332,0
6578,0.004147598519921303,0,0.005567080806940794,0
6579,0.0036468063481152058,0,0.0044314987026154995,0
6580,0.0036925142630934715,0,0.019726673141121864,0
6581,0.008522355929017067,0,0.013562665320932865,0
6582,0.002076402772217989,0,0.008226494304835796,0
6583,0.0038897476624697447,0,0.0665854886174202,0
6584,0.00497868238016963,0,0.00252460315823555,0
6585,0.002711500506848097,0,0.006557066924870014,0
6586,0.0029007322154939175,0,0.004587921313941479,0
6587,0.0015397993847727776,0,0.003947127610445023,0
6588,0.008500690571963787,0,0.5792375802993774,1
6589,0.012520814314484596,0,0.007062149699777365,0
6590,0.004986441228538752,0,0.013521745800971985,0
6591,0.0027502926532179117,0,0.0029271645471453667,0
6592,0.01256320346146822,0,0.010008121840655804,0
6593,0.02297908253967762,0,0.008880188688635826,0
6594,0.0871591791510582,0,0.03835788369178772,0
6595,0.012355642393231392,0,0.0030637269373983145,0
6596,0.007255541160702705,0,0.0024587262887507677,0
6597,0.15991926193237305,0,0.03199012577533722,0
6598,0.007585985120385885,0,0.00324233528226614,0
6599,0.0036189935635775328,0,0.0075132157653570175,0
6600,0.005561949219554663,0,0.0126142967492342,0
6601,0.004982198588550091,0,0.004999093245714903,0
6602,0.008375418372452259,0,0.41422635316848755,0
6603,0.0021922688465565443,0,0.0055190459825098515,0
6604,0.006105309352278709,0,0.0037358019035309553,0
6605,0.004402617923915386,0,0.0028828608337789774,0
6606,0.005677241366356611,0,0.6413294076919556,1
6607,0.008587377145886421,0,0.013825777918100357,0
6608,0.023611662909388542,0,0.004977881908416748,0
6609,0.013913082890212536,0,0.0036723886150866747,0
6610,0.1558966338634491,1,0.00680904695764184,0
6611,0.004641702864319086,0,0.010110210627317429,0
6612,0.004316201899200678,0,0.002705840626731515,0
6613,0.0033234055154025555,0,0.0077104270458221436,0
6614,0.003286654595285654,0,0.005734584294259548,0
6615,0.005977255292236805,0,0.00880645401775837,0
6616,0.008449221961200237,0,0.0074778408743441105,0
6617,0.0264012198895216,0,0.019552873447537422,0
6618,0.004550859332084656,0,0.019321566447615623,0
6619,0.020661208778619766,0,0.004463877063244581,0
6620,0.003821837715804577,0,0.0034238703083246946,0
6621,0.0038684189785271883,0,0.005397479515522718,0
6622,0.005981900729238987,0,0.006620916072279215,0
6623,0.038228534162044525,0,0.005272645968943834,0
6624,0.00445835804566741,0,0.003924566321074963,0
6625,0.012268027290701866,0,0.004481480456888676,0
6626,0.0017281403997913003,0,0.00868140533566475,0
6627,0.005016532726585865,0,0.0058639259077608585,0
6628,0.008447447791695595,0,0.00479595921933651,0
6629,0.007079836446791887,0,0.00508072879165411,0
6630,0.003945543430745602,0,0.0036858543753623962,0
6631,0.001711012446321547,0,0.0045877187512815,0
6632,0.006726101040840149,0,0.019546205177903175,0
6633,0.004662335850298405,0,0.005820754449814558,0
6634,0.007369183469563723,0,0.003965287934988737,0
6635,0.1748119294643402,0,0.045039162039756775,0
6636,0.003149832133203745,0,0.0077535007148981094,0
6637,0.007701016031205654,0,0.05261280760169029,0
6638,0.00812351331114769,0,0.010489433072507381,0
6639,0.004190242849290371,0,0.011033762246370316,0
6640,0.00298009323887527,1,0.011555257253348827,0
6641,0.004231786355376244,0,0.011828905902802944,0
6642,0.0379769504070282,0,0.004487151280045509,0
6643,0.12143751233816147,0,0.023740515112876892,0
6644,0.009967158548533916,0,0.0038924983236938715,0
6645,0.01864629238843918,0,0.8602314591407776,1
6646,0.009153218008577824,0,0.0071053272113204,0
6647,0.009359528310596943,0,0.007615423761308193,0
6648,0.0038072695024311543,0,0.0045050703920423985,0
6649,0.00939224474132061,0,0.019838983193039894,0
6650,0.0039343456737697124,0,0.010457578115165234,0
6651,0.007655547000467777,0,0.10939086973667145,0
6652,0.001992097357288003,0,0.0031519350595772266,0
6653,0.0033168334048241377,1,0.005054764915257692,0
6654,0.004638209939002991,0,0.0030914859380573034,0
6655,0.0038877271581441164,0,0.00416196696460247,0
6656,0.011942319571971893,0,0.007575997617095709,0
6657,0.002584573347121477,0,0.004852766171097755,0
6658,0.003684110939502716,0,0.008160427212715149,0
6659,0.0044194357469677925,0,0.01008895318955183,0
6660,0.00393818411976099,0,0.006288358476012945,0
6661,0.0059516248293221,0,0.0031513450667262077,0
6662,0.013690733350813389,0,0.005229059606790543,0
6663,0.007865751162171364,0,0.005613450426608324,0
6664,0.0062752882950007915,0,0.007983813062310219,0
6665,0.006322912406176329,0,0.007206164300441742,0
6666,0.0026139039546251297,0,0.1365833282470703,1
6667,0.004059977363795042,0,0.00653794826939702,0
6668,0.0038348729722201824,0,0.011194898746907711,0
6669,0.003741753753274679,0,0.003231980837881565,0
6670,0.00247955322265625,0,0.005051493179053068,0
6671,0.004432024899870157,0,0.02926725521683693,0
6672,0.004333233926445246,0,0.0070907557383179665,0
6673,0.031586259603500366,0,0.006382460705935955,0
6674,0.003851349698379636,0,0.022127754986286163,0
6675,0.007962643168866634,0,0.010101290419697762,0
6676,0.04158380627632141,0,0.028211448341608047,0
6677,0.010606121271848679,0,0.40760108828544617,0
6678,0.009062416851520538,0,0.004338087979704142,0
6679,0.4448232650756836,1,0.0029945848509669304,0
6680,0.0074328952468931675,0,0.009422028437256813,0
6681,0.013938934542238712,0,0.09158021956682205,0
6682,0.013399844989180565,0,0.0029746009968221188,0
6683,0.00719238119199872,0,0.019514722749590874,0
6684,0.011791214346885681,0,0.016449758782982826,0
6685,0.00602877140045166,0,0.0036337915807962418,0
6686,0.04908772185444832,0,0.02250615693628788,0
6687,0.0036876515951007605,0,0.005104814190417528,0
6688,0.003696698695421219,0,0.003154332982376218,0
6689,0.008151293732225895,0,0.004104828927665949,0
6690,0.014588521793484688,0,0.007447272539138794,0
6691,0.016240844503045082,0,0.021019231528043747,0
6692,0.032669033855199814,0,0.03402695432305336,0
6693,0.0121235903352499,0,0.0026311331894248724,0
6694,0.003208751790225506,0,0.005110505968332291,0
6695,0.006393741350620985,0,0.8478904962539673,1
6696,0.036823488771915436,0,0.005240064114332199,0
6697,0.005830497480928898,0,0.008050510659813881,0
6698,0.005183623172342777,0,0.009274609386920929,0
6699,0.004775981418788433,0,0.010423284955322742,0
6700,0.015103445388376713,0,0.005854740738868713,0
6701,0.12464426457881927,0,0.011602725833654404,1
6702,0.008808889426290989,0,0.007921050302684307,0
6703,0.01061276812106371,0,0.0038466365076601505,0
6704,0.002524718176573515,0,0.012814396061003208,0
6705,0.0028991340659558773,0,0.003993307705968618,0
6706,0.003737988881766796,0,0.003052184823900461,0
6707,0.005762606393545866,0,0.003572039306163788,0
6708,0.008490564301609993,0,0.005582357291132212,0
6709,0.015182574279606342,0,0.012338640168309212,0
6710,0.00849901046603918,0,0.004826976917684078,0
6711,0.005737385246902704,0,0.00998711958527565,0
6712,0.6649225354194641,1,0.005246483720839024,0
6713,0.008744226768612862,0,0.006125260144472122,0
6714,0.0037744806613773108,0,0.005394679494202137,0
6715,0.0162346288561821,0,0.01496545597910881,0
6716,0.0068163094110786915,0,0.006315621081739664,0
6717,0.006607672665268183,0,0.0041290028020739555,0
6718,0.009267929941415787,0,0.009131593629717827,0
6719,0.015543021261692047,0,0.008623415604233742,0
6720,0.011615386232733727,0,0.005107260774821043,0
6721,0.003234971547499299,0,0.008048165589571,0
6722,0.006213199347257614,0,0.004733726382255554,0
6723,0.005492523778229952,0,0.062299687415361404,0
6724,0.004992920905351639,0,0.005733369383960962,0
6725,0.005582183133810759,0,0.0057306597009301186,0
6726,0.0024677389301359653,0,0.879055917263031,1
6727,0.07665583491325378,0,0.0059804972261190414,1
6728,0.007084067910909653,1,0.6427279710769653,0
6729,0.007861603051424026,0,0.005639290437102318,0
6730,0.00570017471909523,0,0.0028659740928560495,0
6731,0.006458041723817587,0,0.004311433993279934,0
6732,0.004843072034418583,0,0.007411487866193056,0
6733,0.051807235926389694,0,0.06020443141460419,0
6734,0.013360779732465744,0,0.009017321281135082,0
6735,0.0036262464709579945,0,0.03737117722630501,0
6736,0.0034057365264743567,0,0.0032993960194289684,0
6737,0.27327996492385864,0,0.0038793710991740227,0
6738,0.005047614220529795,0,0.021961068734526634,0
6739,0.0019074659794569016,0,0.004574211314320564,0
6740,0.006706892512738705,0,0.008405216038227081,0
6741,0.012085084803402424,0,0.005347867496311665,0
6742,0.008533055894076824,0,0.0019549261778593063,0
6743,0.00395038491114974,0,0.005865116138011217,0
6744,0.007764176465570927,0,0.0059550050646066666,0
6745,0.4017353653907776,0,0.005361304618418217,0
6746,0.005978281144052744,0,0.012814642861485481,0
6747,0.011436913162469864,0,0.00612845690920949,0
6748,0.00440672691911459,0,0.004827350378036499,0
6749,0.02982950396835804,0,0.025829298421740532,0
6750,0.008406754583120346,0,0.005489368457347155,0
6751,0.007243320345878601,0,0.004989510867744684,0
6752,0.4578191936016083,1,0.00606889883056283,0
6753,0.0049163275398314,0,0.14697135984897614,0
6754,0.012217842042446136,0,0.046900395303964615,0
6755,0.00574821000918746,0,0.0029216294642537832,0
6756,0.6148384809494019,0,0.005024150013923645,0
6757,0.003204112406820059,0,0.004657996818423271,0
6758,0.003390583908185363,0,0.0029933368787169456,0
6759,0.004889359697699547,0,0.012321729212999344,0
6760,0.006627370603382587,0,0.0027102138847112656,0
6761,0.0065546538680791855,0,0.004712373949587345,0
6762,0.005176929756999016,0,0.012361863628029823,0
6763,0.005946295335888863,0,0.010399015620350838,0
6764,0.015705116093158722,0,0.010971062816679478,0
6765,0.005089058540761471,1,0.005964683368802071,0
6766,0.00699243601411581,0,0.008188088424503803,0
6767,0.016986846923828125,0,0.0076211304403841496,0
6768,0.003713369369506836,0,0.006171003915369511,0
6769,0.005039777606725693,0,0.0025918162427842617,0
6770,0.005205627530813217,0,0.006369832903146744,0
6771,0.004570437595248222,0,0.0036191721446812153,0
6772,0.0066042435355484486,0,0.004339985083788633,0
6773,0.016231004148721695,0,0.009970283135771751,0
6774,0.00707679009065032,0,0.00880670826882124,0
6775,0.0035132442135363817,0,0.006361575331538916,0
6776,0.06738458573818207,0,0.00382058322429657,0
6777,0.005335136782377958,0,0.004656155128031969,0
6778,0.0025398845318704844,0,0.0018491483060643077,0
6779,0.005814105272293091,0,0.007143807131797075,0
6780,0.007303559221327305,0,0.005115223582834005,0
6781,0.0061014676466584206,0,0.0038902005180716515,0
6782,0.005009587854146957,0,0.008887582458555698,0
6783,0.004287058021873236,0,0.010097095742821693,0
6784,0.004510338418185711,0,0.003948439843952656,0
6785,0.003927778918296099,0,0.0049515459686517715,0
6786,0.004360067192465067,0,0.0059675793163478374,0
6787,0.05499458312988281,0,0.005227155052125454,0
6788,0.009053577668964863,0,0.003439868800342083,0
6789,0.009702248498797417,0,0.0041919248178601265,0
6790,0.0065913074649870396,0,0.009125658310949802,0
6791,0.006947238929569721,0,0.009438736364245415,0
6792,0.02126142382621765,0,0.014579118229448795,0
6793,0.005669058300554752,0,0.010741519741714,0
6794,0.004819353111088276,0,0.010513017885386944,0
6795,0.1583118438720703,0,0.006707636173814535,0
6796,0.004918950144201517,0,0.004148510750383139,0
6797,0.005322807934135199,0,0.0014986563473939896,0
6798,0.003539369208738208,0,0.004980797413736582,0
6799,0.019571278244256973,0,0.029210003092885017,0
6800,0.009661593474447727,0,0.0037616395857185125,0
6801,0.005976750981062651,0,0.013495628722012043,0
6802,0.010666444897651672,0,0.0030185747891664505,0
6803,0.012199997901916504,0,0.00573124410584569,0
6804,0.017206905409693718,0,0.007230364251881838,0
6805,0.01967138983309269,0,0.0017132904613390565,0
6806,0.005535143427550793,0,0.0045439135283231735,0
6807,0.00724713085219264,0,0.0077132657170295715,0
6808,0.7785528302192688,0,0.5607099533081055,1
6809,0.003492291085422039,0,0.009889567270874977,0
6810,0.033494941890239716,0,0.005426832474768162,0
6811,0.005683332681655884,0,0.00494870450347662,0
6812,0.21378158032894135,0,0.004470807500183582,0
6813,0.005793370772153139,0,0.006432541646063328,0
6814,0.042812246829271317,1,0.006476320791989565,0
6815,0.0075565543957054615,0,0.015893543139100075,0
6816,0.003967993427067995,0,0.0197411198168993,0
6817,0.004664186388254166,0,0.003838054370135069,0
6818,0.0066544730216264725,1,0.5760164260864258,1
6819,0.022521212697029114,0,0.00494790356606245,0
6820,0.005301265977323055,0,0.004657638259232044,0
6821,0.007103484123945236,0,0.017164871096611023,0
6822,0.18286487460136414,0,0.007618592586368322,0
6823,0.0176529698073864,0,0.004373472183942795,0
6824,0.029289554804563522,0,0.005211211740970612,0
6825,0.005383290816098452,0,0.0033107446506619453,0
6826,0.2684601843357086,1,0.0035433785524219275,0
6827,0.006760183721780777,0,0.03083154745399952,1
6828,0.003851453773677349,0,0.004140457138419151,0
6829,0.010103168897330761,0,0.004522923845797777,0
6830,0.004154040012508631,0,0.004522228147834539,1
6831,0.013244608417153358,0,0.006346383597701788,0
6832,0.0033908288460224867,0,0.004891787189990282,0
6833,0.012061430141329765,0,0.007228567264974117,0
6834,0.018415257334709167,0,0.0051805973052978516,0
6835,0.0053946999832987785,0,0.0077869705855846405,0
6836,0.009639700874686241,0,0.020191647112369537,0
6837,0.005637980066239834,0,0.00483576487749815,0
6838,0.2828095555305481,0,0.006828011479228735,0
6839,0.03939540684223175,0,0.0035542817786335945,0
6840,0.004570359364151955,0,0.007032623048871756,0
6841,0.004442557226866484,0,0.0036164377816021442,0
6842,0.006262788083404303,0,0.003435010788962245,0
6843,0.008379165083169937,0,0.0037586744874715805,0
6844,0.8008821606636047,1,0.007390175946056843,0
6845,0.009245002642273903,0,0.00621831277385354,0
6846,0.04330243170261383,0,0.005644067656248808,0
6847,0.025985999032855034,0,0.0036038632970303297,0
6848,0.004696466028690338,0,0.004190819803625345,0
6849,0.020591655746102333,0,0.009731471538543701,0
6850,0.005882460158318281,0,0.003155937884002924,0
6851,0.0025430661626160145,0,0.028124533593654633,0
6852,0.008352097123861313,0,0.005835870746523142,0
6853,0.0056846728548407555,0,0.14082200825214386,0
6854,0.009835259988904,0,0.008311999961733818,0
6855,0.0033054102677851915,0,0.004388180561363697,0
6856,0.004863522481173277,0,0.5861173868179321,0
6857,0.011428042314946651,0,0.00304401945322752,0
6858,0.00781497173011303,0,0.08815473318099976,0
6859,0.005488592199981213,0,0.12580689787864685,0
6860,0.007882260717451572,0,0.006398535333573818,0
6861,0.0026958659291267395,0,0.007263902109116316,0
6862,0.005245639476925135,0,0.004927205387502909,0
6863,0.02342541515827179,0,0.005461289081722498,0
6864,0.005621518474072218,0,0.013193270191550255,0
6865,0.003246920183300972,0,0.005958252586424351,0
6866,0.008245392702519894,0,0.006816919893026352,0
6867,0.026147425174713135,0,0.006870444398373365,0
6868,0.0069986069574952126,0,0.011650287546217442,0
6869,0.004632239229977131,0,0.005384291522204876,0
6870,0.023011811077594757,0,0.00750680360943079,0
6871,0.004255762789398432,0,0.5683674812316895,0
6872,0.006075653247535229,0,0.10012952238321304,1
6873,0.005690170451998711,0,0.011170275509357452,0
6874,0.1301005482673645,0,0.09735927730798721,0
6875,0.0071450043469667435,0,0.007624142337590456,0
6876,0.36906179785728455,0,0.007337676826864481,0
6877,0.004661906510591507,0,0.008271973580121994,0
6878,0.0032365061342716217,0,0.00585358077660203,0
6879,0.006652121897786856,0,0.006564202718436718,0
6880,0.003098385641351342,0,0.0034264649730175734,0
6881,0.00828299205750227,0,0.0023621460422873497,0
6882,0.009066194295883179,0,0.005865185521543026,0
6883,0.0045916009694337845,0,0.005810236558318138,0
6884,0.0038535105995833874,0,0.005648905877023935,0
6885,0.002703412203118205,0,0.029689785093069077,0
6886,0.026069823652505875,0,0.04349486902356148,0
6887,0.0023043884430080652,0,0.00799739733338356,0
6888,0.005615553352981806,0,0.0071904007345438,0
6889,0.003981027752161026,0,0.008402351289987564,0
6890,0.03781484067440033,0,0.004288222175091505,0
6891,0.0038728241343051195,0,0.051882054656744,0
6892,0.004382068291306496,0,0.009746545925736427,0
6893,0.005525162909179926,0,0.0038470474537461996,0
6894,0.003039231989532709,0,0.004354504402726889,0
6895,0.008307509124279022,0,0.03491789847612381,0
6896,0.012582039460539818,0,0.0027523860335350037,0
6897,0.007037965580821037,0,0.0028900522738695145,0
6898,0.0021880557760596275,0,0.00480031268671155,0
6899,0.018612293526530266,0,0.0036834245547652245,0
6900,0.0065712775103747845,0,0.012011542916297913,0
6901,0.0038868519477546215,0,0.00706879049539566,0
6902,0.004170915577560663,0,0.004616756457835436,0
6903,0.004834635648876429,0,0.004396968055516481,0
6904,0.005962433759123087,0,0.004313835874199867,0
6905,0.005882144905626774,0,0.0030577469151467085,0
6906,0.005469650961458683,0,0.00996205024421215,0
6907,0.008003119379281998,0,0.002491026883944869,0
6908,0.009416230954229832,0,0.0036776354536414146,0
6909,0.0065719252452254295,0,0.008815178647637367,1
6910,0.005351572297513485,0,0.005629742052406073,0
6911,0.0026046144776046276,0,0.004226368851959705,0
6912,0.004589489661157131,0,0.00281811086460948,0
6913,0.006532444152981043,0,0.003901058342307806,0
6914,0.017717109993100166,0,0.005712384358048439,0
6915,0.01062916312366724,0,0.005490935407578945,0
6916,0.0054952362552285194,0,0.0058753592893481255,0
6917,0.004831722937524319,0,0.01439736969769001,0
6918,0.007067970000207424,0,0.004441030789166689,0
6919,0.032714951783418655,0,0.005034778267145157,0
6920,0.0101142767816782,0,0.06493373215198517,0
6921,0.005209582857787609,0,0.5378332138061523,0
6922,0.007783912587910891,1,0.008096893317997456,0
6923,0.0061262319795787334,0,0.009234112687408924,0
6924,0.008392460644245148,0,0.00382221513427794,0
6925,0.0048315259627997875,0,0.011881313286721706,0
6926,0.005433510057628155,0,0.007205352187156677,0
6927,0.0024077915586531162,0,0.0029013280291110277,0
6928,0.0029122503474354744,0,0.0033241319470107555,0
6929,0.002824821276590228,0,0.010598267428576946,0
6930,0.006659414153546095,1,0.008097290992736816,0
6931,0.14767394959926605,1,0.007826535031199455,0
6932,0.004874575883150101,0,0.004116715397685766,0
6933,0.0049419887363910675,0,0.00589780556038022,0
6934,0.003100370289757848,0,0.0029942633118480444,0
6935,0.0036024749279022217,0,0.1475929170846939,0
6936,0.014108240604400635,0,0.004659862723201513,0
6937,0.03670388460159302,0,0.0071603478863835335,0
6938,0.0037164592649787664,0,0.007420971989631653,0
6939,0.021569058299064636,0,0.008373569697141647,0
6940,0.002279739361256361,0,0.005796266254037619,0
6941,0.026609497144818306,0,0.004867840092629194,0
6942,0.006907399278134108,0,0.004281419329345226,0
6943,0.00678993808105588,0,0.007789195515215397,0
6944,0.0038448190316557884,0,0.005933726672083139,0
6945,0.006126450374722481,0,0.022134756669402122,1
6946,0.01217239536345005,0,0.014260917901992798,0
6947,0.01516343466937542,0,0.00502332067117095,0
6948,0.08649411052465439,0,0.01308367121964693,0
6949,0.02858116291463375,0,0.03234175965189934,0
6950,0.0167700108140707,0,0.0038678934797644615,0
6951,0.003819586941972375,0,0.004714069422334433,0
6952,0.015436267480254173,0,0.011107799597084522,1
6953,0.005208868999034166,0,0.006835543550550938,0
6954,0.01479193102568388,1,0.027532562613487244,0
6955,0.005727256648242474,0,0.005777605343610048,0
6956,0.03290197625756264,0,0.004282525274902582,0
6957,0.012559263966977596,0,0.003376562613993883,0
6958,0.013558902777731419,0,0.00984023418277502,0
6959,0.0029519672971218824,0,0.018847431987524033,0
6960,0.007652581203728914,0,0.007815301418304443,0
6961,0.005018911324441433,0,0.0028128146659582853,0
6962,0.009265828877687454,0,0.008100378327071667,0
6963,0.0068720257841050625,0,0.008220241405069828,0
6964,0.006703202612698078,0,0.007296765223145485,0
6965,0.006350360345095396,0,0.0046126884408295155,0
6966,0.009371521882712841,0,0.006712890230119228,0
6967,0.00623996090143919,0,0.004487266298383474,0
6968,0.013099929317831993,0,0.004032803233712912,0
6969,0.0033503309823572636,0,0.20375780761241913,0
6970,0.009974041022360325,0,0.005364018492400646,0
6971,0.0054630921222269535,0,0.004975676536560059,0
6972,0.0993468388915062,0,0.0018733569886535406,0
6973,0.006595920771360397,0,0.008711528033018112,0
6974,0.006412510760128498,0,0.00887298583984375,0
6975,0.004305047914385796,0,0.007955895736813545,0
6976,0.01714390516281128,1,0.0034703195560723543,0
6977,0.0030065334867686033,0,0.003624079516157508,0
6978,0.004884661640971899,0,0.013934852555394173,0
6979,0.003150498727336526,0,0.0047580101527273655,0
6980,0.0036354046314954758,0,0.03538203239440918,0
6981,0.007734681945294142,0,0.005507641471922398,0
6982,0.009113989770412445,0,0.007581706624478102,0
6983,0.006863166578114033,0,0.0833694189786911,0
6984,0.002755290362983942,0,0.016730625182390213,0
6985,0.006736959796398878,0,0.02320190705358982,0
6986,0.00833344180136919,0,0.006578017026185989,0
6987,0.034828539937734604,0,0.006333142518997192,0
6988,0.006272984202951193,0,0.002287481212988496,0
6989,0.005897341296076775,0,0.5404092669487,1
6990,0.0038806465454399586,0,0.00342170731164515,0
6991,0.012678229250013828,0,0.010502169840037823,0
6992,0.0015612125862389803,0,0.002828232478350401,0
6993,0.007892055436968803,0,0.08496580272912979,0
6994,0.736465573310852,1,0.003620283445343375,0
6995,0.005233997944742441,0,0.0028305277228355408,0
6996,0.007653551641851664,0,0.03306052088737488,0
6997,0.002528614364564419,0,0.005799820646643639,0
6998,0.0041325390338897705,0,0.005715510807931423,0
6999,0.003276615170761943,0,0.006559132598340511,0
7000,0.005775638855993748,0,0.0035010904539376497,0
7001,0.04979055002331734,0,0.022152278572320938,0
7002,0.008064810186624527,0,0.005468172021210194,0
7003,0.009172854945063591,0,0.01049516536295414,0
7004,0.003061403287574649,0,0.5542053580284119,0
7005,0.009024858474731445,0,0.004094168543815613,0
7006,0.009163334034383297,0,0.00603113230317831,0
7007,0.010609013959765434,0,0.028904616832733154,0
7008,0.4416152536869049,1,0.004403291270136833,0
7009,0.00446874275803566,0,0.005285776685923338,0
7010,0.017368728294968605,0,0.006683933548629284,0
7011,0.010196976363658905,0,0.023652341216802597,0
7012,0.0048111360520124435,0,0.004783498588949442,0
7013,0.0036320779472589493,0,0.0030776148196309805,0
7014,0.0032197299879044294,0,0.003512065624818206,0
7015,0.44747012853622437,0,0.006618022453039885,0
7016,0.024901993572711945,0,0.1743588000535965,0
7017,0.12977132201194763,0,0.009611286222934723,0
7018,0.007310138083994389,0,0.005450231023132801,0
7019,0.004668963607400656,0,0.008258113637566566,0
7020,0.0017358108889311552,0,0.00591993285343051,0
7021,0.00278125680051744,0,0.06047218665480614,0
7022,0.004425019957125187,0,0.005093338433653116,0
7023,0.010131296701729298,0,0.004795358516275883,0
7024,0.06412211060523987,0,0.5508593916893005,1
7025,0.0037897038273513317,0,0.005856967065483332,0
7026,0.006992350332438946,0,0.010862466879189014,0
7027,0.007665631826967001,0,0.0040121315978467464,0
7028,0.043440286070108414,0,0.005025098565965891,0
7029,0.005779177416115999,0,0.005416464991867542,0
7030,0.026663772761821747,0,0.008917686529457569,0
7031,0.004442877601832151,0,0.011185158975422382,0
7032,0.004814856685698032,0,0.4588993191719055,0
7033,0.0029278898146003485,0,0.0030597287695854902,0
7034,0.005717665888369083,0,0.045168690383434296,0
7035,0.020215991884469986,0,0.008991515263915062,0
7036,0.00683379964902997,0,0.03689089044928551,0
7037,0.0036367138382047415,0,0.005299307871609926,0
7038,0.009188435040414333,0,0.002843396505340934,0
7039,0.015058569610118866,0,0.006401545833796263,0
7040,0.004942654632031918,0,0.05739865079522133,1
7041,0.011694415472447872,0,0.007373831234872341,0
7042,0.004776244517415762,0,0.00968964770436287,0
7043,0.00497686630114913,0,0.00666247121989727,0
7044,0.4365955591201782,0,0.009456997737288475,0
7045,0.028865111991763115,0,0.005296372342854738,0
7046,0.008366821333765984,0,0.007034904323518276,0
7047,0.008362359367311,0,0.005853422451764345,0
7048,0.003274613292887807,0,0.0075071267783641815,0
7049,0.7957193851470947,0,0.008299016393721104,0
7050,0.0026419833302497864,0,0.0069242618046700954,0
7051,0.002617841586470604,0,0.003222400089725852,0
7052,0.005889895837754011,0,0.006189281586557627,0
7053,0.011632040143013,0,0.005909978877753019,0
7054,0.004180812276899815,0,0.07176267355680466,0
7055,0.01344036404043436,0,0.007915177382528782,0
7056,0.010579918511211872,0,0.016125131398439407,0
7057,0.005564597435295582,0,0.020320413634181023,0
7058,0.008482150733470917,0,0.020269986242055893,0
7059,0.005794420372694731,0,0.003218818223103881,0
7060,0.01147772092372179,0,0.003652164014056325,0
7061,0.0035250813234597445,0,0.0024442458525300026,0
7062,0.006400933489203453,0,0.03093036822974682,0
7063,0.01365404762327671,0,0.01005805004388094,0
7064,0.007373422849923372,0,0.026813412085175514,0
7065,0.007193968165665865,0,0.00607724254950881,0
7066,0.0047926283441483974,0,0.02977701462805271,0
7067,0.01497036311775446,0,0.005864090286195278,0
7068,0.033075399696826935,0,0.0046010627411305904,0
7069,0.005903569515794516,0,0.0029304104391485453,0
7070,0.006463832687586546,0,0.020855799317359924,0
7071,0.03328758850693703,0,0.007220246829092503,0
7072,0.007085540797561407,0,0.006965859793126583,0
7073,0.011191410943865776,0,0.011741053313016891,0
7074,0.003143547335639596,0,0.005928896367549896,0
7075,0.0035420542117208242,0,0.0021365657448768616,0
7076,0.006433906964957714,0,0.006098926067352295,0
7077,0.004146787337958813,0,0.07211148738861084,0
7078,0.009585615247488022,0,0.04698594659566879,0
7079,0.004759938921779394,0,0.0019442257471382618,0
7080,0.008105621673166752,0,0.0049165417440235615,0
7081,0.027008581906557083,0,0.003340519731864333,0
7082,0.00500717805698514,0,0.005649414379149675,0
7083,0.028579112142324448,0,0.013268417678773403,0
7084,0.004619507119059563,0,0.006146394181996584,0
7085,0.009766198694705963,0,0.007287928834557533,0
7086,0.015834754332900047,0,0.6360526084899902,1
7087,0.007267547771334648,0,0.007523391395807266,0
7088,0.14084520936012268,0,0.015425588935613632,1
7089,0.0024018611293286085,0,0.0038612335920333862,0
7090,0.008144465275108814,0,0.012137847021222115,0
7091,0.002578598679974675,0,0.009599247016012669,0
7092,0.010305347852408886,0,0.004875984508544207,0
7093,0.005506218411028385,0,0.0051275151781737804,0
7094,0.0037220341619104147,0,0.005092751234769821,0
7095,0.004439734388142824,0,0.015342957340180874,0
7096,0.004832140170037746,0,0.005990284960716963,0
7097,0.015508175827562809,0,0.015836358070373535,0
7098,0.004035951569676399,0,0.013799218460917473,0
7099,0.00926198996603489,0,0.004106967709958553,0
7100,0.0033748268615454435,0,0.0033869605977088213,0
7101,0.0021600546315312386,0,0.004259296227246523,0
7102,0.006280041299760342,0,0.004396358504891396,0
7103,0.00863681361079216,0,0.061073753982782364,0
7104,0.009362243115901947,0,0.006929424125701189,0
7105,0.0033353769686073065,0,0.0026275156997144222,0
7106,0.007414049468934536,0,0.006006424780935049,0
7107,0.025867165997624397,0,0.013571338728070259,0
7108,0.007626740261912346,0,0.011016697622835636,0
7109,0.07608283311128616,0,0.012851104140281677,0
7110,0.0039537581615149975,0,0.004562119022011757,0
7111,0.0019777524285018444,0,0.08086567372083664,0
7112,0.0035431920550763607,0,0.0038301977328956127,0
7113,0.012337785214185715,0,0.005825836677104235,0
7114,0.0055326190777122974,0,0.010981980711221695,0
7115,0.0050177681259810925,0,0.5165057182312012,0
7116,0.010115284472703934,0,0.00655598659068346,0
7117,0.019644618034362793,0,0.009071477688848972,0
7118,0.005720200482755899,1,0.0039538913406431675,0
7119,0.007556339725852013,0,0.008699245750904083,0
7120,0.006873783655464649,0,0.004438492935150862,0
7121,0.0067563713528215885,0,0.06607715785503387,0
7122,0.7675147652626038,0,0.008190864697098732,0
7123,0.008218305185437202,0,0.003603995079174638,0
7124,0.004086218308657408,0,0.005168341565877199,0
7125,0.0065705301240086555,0,0.006155902985483408,0
7126,0.005328979343175888,0,0.004037952981889248,0
7127,0.8291604518890381,0,0.0038911299780011177,0
7128,0.0050409832037985325,0,0.005709346383810043,0
7129,0.01437855139374733,1,0.006839041132479906,0
7130,0.02178356982767582,0,0.015487673692405224,0
7131,0.0070845577865839005,0,0.009376241825520992,0
7132,0.013241276144981384,0,0.003167811082676053,0
7133,0.5878956913948059,1,0.0029797644820064306,0
7134,0.0031274952925741673,0,0.010521412827074528,0
7135,0.005438137799501419,0,0.01035990659147501,0
7136,0.004418797791004181,0,0.007486450020223856,0
7137,0.002163277007639408,0,0.007121492642909288,1
7138,0.0036567405331879854,0,0.004622373729944229,0
7139,0.011667896993458271,0,0.006999617908149958,0
7140,0.008021390996873379,0,0.683300793170929,0
7141,0.0028871872927993536,0,0.006174230016767979,0
7142,0.018814288079738617,0,0.016071228310465813,0
7143,0.0034370713401585817,0,0.005774160381406546,0
7144,0.005830025300383568,0,0.03644057735800743,0
7145,0.0025121336802840233,0,0.0037990130949765444,0
7146,0.0027399903628975153,0,0.002522996859624982,0
7147,0.010342760011553764,0,0.007117521949112415,0
7148,0.0023740241304039955,0,0.004797374829649925,0
7149,0.020468411967158318,0,0.0030287059489637613,0
7150,0.028287174180150032,0,0.004435609560459852,0
7151,0.003658860921859741,0,0.015684107318520546,0
7152,0.004024085123091936,0,0.022895243018865585,0
7153,0.007261550519615412,0,0.00843746867030859,0
7154,0.02622920088469982,0,0.5882062315940857,0
7155,0.00552803510800004,0,0.004883331246674061,0
7156,0.010145911015570164,0,0.006628626957535744,0
7157,0.0025395946577191353,0,0.005493748467415571,0
7158,0.007130037993192673,0,0.004273502621799707,0
7159,0.008157363161444664,0,0.008035699836909771,0
7160,0.00624514976516366,0,0.004615787882357836,0
7161,0.0835380107164383,0,0.015720359981060028,0
7162,0.005348214879631996,0,0.021544501185417175,0
7163,0.006680008489638567,0,0.005069652572274208,0
7164,0.0031405987683683634,0,0.01688414439558983,0
7165,0.006259085610508919,0,0.005076897330582142,0
7166,0.0043855770491063595,0,0.012330763041973114,0
7167,0.007783058565109968,0,0.007084111217409372,0
7168,0.003567788749933243,0,0.0047421762719750404,0
7169,0.023528961464762688,0,0.008196626789867878,0
7170,0.009179895743727684,0,0.01640276238322258,0
7171,0.037692129611968994,0,0.0075526791624724865,0
7172,0.004912256263196468,0,0.021341446787118912,0
7173,0.007992099039256573,0,0.0031013432890176773,0
7174,0.009439865127205849,0,0.012338465079665184,0
7175,0.0028419513255357742,0,0.0062504904344677925,0
7176,0.006530426908284426,0,0.003682280657812953,0
7177,0.005240410100668669,0,0.012935818172991276,0
7178,0.006269492208957672,0,0.004223546013236046,0
7179,0.0028328420594334602,0,0.007819835096597672,0
7180,0.005068161990493536,0,0.007894785143435001,0
7181,0.0038230617064982653,0,0.016599910333752632,0
7182,0.016470476984977722,0,0.009867488406598568,0
7183,0.02332255057990551,0,0.004897031467407942,0
7184,0.008132120594382286,0,0.007271009497344494,0
7185,0.022142695263028145,0,0.004499189089983702,0
7186,0.00571587635204196,0,0.004228797275573015,0
7187,0.006054290570318699,0,0.006721387151628733,0
7188,0.0023730890825390816,0,0.8594871163368225,1
7189,0.010975461453199387,0,0.41822558641433716,0
7190,0.005112339276820421,0,0.0023131929337978363,0
7191,0.019091879948973656,0,0.00634900014847517,1
7192,0.011609607376158237,0,0.035769157111644745,0
7193,0.004316605627536774,0,0.12498421967029572,0
7194,0.004439287353307009,0,0.004461573902517557,0
7195,0.0044950260780751705,0,0.004946056287735701,0
7196,0.006321906112134457,0,0.019198767840862274,0
7197,0.0077472589910030365,0,0.004882729146629572,0
7198,0.007012409158051014,0,0.003701422829180956,0
7199,0.010473859496414661,0,0.005009264685213566,0
7200,0.005693419836461544,0,0.008675312623381615,0
7201,0.006016707979142666,0,0.004006057512015104,0
7202,0.0033748557325452566,0,0.0031239173840731382,0
7203,0.05699022486805916,0,0.009819223545491695,0
7204,0.0034386853221803904,0,0.012820743955671787,0
7205,0.011092421598732471,0,0.05909084528684616,0
7206,0.004935909993946552,0,0.008181991055607796,0
7207,0.008606750518083572,0,0.0037150895223021507,0
7208,0.007103833835572004,0,0.12625814974308014,1
7209,0.005028096493333578,0,0.5268859267234802,0
7210,0.005408908240497112,0,0.004068997222930193,0
7211,0.007571388501673937,0,0.012231840752065182,0
7212,0.005189099814742804,0,0.002596406964585185,0
7213,0.00488056568428874,0,0.00591244176030159,0
7214,0.0074081625789403915,0,0.00246655335649848,0
7215,0.0021039284765720367,0,0.01261989213526249,0
7216,0.07288720458745956,0,0.005338825285434723,0
7217,0.008260679431259632,0,0.010609389282763004,0
7218,0.008457730524241924,0,0.012812688946723938,0
7219,0.007794061675667763,0,0.008486667647957802,0
7220,0.02893318422138691,0,0.04453076049685478,0
7221,0.003004767233505845,0,0.005563824437558651,0
7222,0.008586171083152294,0,0.006994413211941719,0
7223,0.00872174184769392,0,0.03261972591280937,0
7224,0.009763178415596485,0,0.007504417095333338,0
7225,0.006467300467193127,0,0.004543186631053686,0
7226,0.005577383562922478,0,0.007008705288171768,0
7227,0.0030472194775938988,0,0.006123967934399843,0
7228,0.002773192012682557,0,0.007145197130739689,0
7229,0.009755823761224747,0,0.007092059124261141,0
7230,0.024723544716835022,0,0.0028436072170734406,0
7231,0.024222904816269875,0,0.009241382591426373,0
7232,0.005425875075161457,0,0.007585926912724972,0
7233,0.006249350495636463,0,0.007933425717055798,0
7234,0.0036401471588760614,0,0.010339627042412758,0
7235,0.005234487354755402,0,0.01140527706593275,0
7236,0.011698659509420395,1,0.007686116266995668,0
7237,0.007650795858353376,0,0.006471922621130943,0
7238,0.006396734621375799,0,0.029927926138043404,0
7239,0.001973109319806099,0,0.00256265327334404,0
7240,0.00647584768012166,0,0.011110791005194187,0
7241,0.01579117774963379,0,0.030513666570186615,0
7242,0.0029768592212349176,0,0.010269183665513992,0
7243,0.009917696006596088,0,0.012512139044702053,0
7244,0.0026613352820277214,0,0.006580416578799486,0
7245,0.007951091043651104,0,0.009623007848858833,0
7246,0.021058937534689903,0,0.1784198135137558,0
7247,0.006190563552081585,0,0.024778153747320175,0
7248,0.005209289025515318,0,0.35217034816741943,0
7249,0.004280104301869869,0,0.00581896398216486,0
7250,0.44916677474975586,0,0.002226152690127492,0
7251,0.0030449966434389353,0,0.04655560478568077,0
7252,0.0031262703705579042,0,0.004610344301909208,0
7253,0.05587620660662651,0,0.00783203449100256,0
7254,0.008113342337310314,1,0.0023061849642544985,0
7255,0.1553470492362976,0,0.004885139409452677,0
7256,0.0036960896104574203,0,0.00590479327365756,0
7257,0.008934947662055492,0,0.03972918167710304,0
7258,0.005244679749011993,0,0.006078158970922232,0
7259,0.03457655385136604,0,0.02001241222023964,0
7260,0.003721094923093915,0,0.003978133667260408,0
7261,0.0035572333727031946,0,0.03795613721013069,0
7262,0.013942034915089607,0,0.004399639088660479,0
7263,0.12886089086532593,0,0.5472286343574524,1
7264,0.004996031988412142,0,0.014916674233973026,0
7265,0.1473454385995865,0,0.008142288774251938,0
7266,0.003886969992890954,0,0.00874880701303482,0
7267,0.011579344049096107,0,0.006484908051788807,0
7268,0.019371023401618004,0,0.018185541033744812,0
7269,0.0037919473834335804,0,0.022340834140777588,0
7270,0.007403981406241655,0,0.00779852457344532,0
7271,0.004601538646966219,0,0.006441147066652775,0
7272,0.006726387422531843,0,0.0063356999307870865,0
7273,0.014830638654530048,0,0.009088858030736446,0
7274,0.010781897231936455,0,0.01619802415370941,0
7275,0.004424461163580418,0,0.005337886046618223,0
7276,0.009698803536593914,0,0.013596020638942719,0
7277,0.0038371465634554625,0,0.006887226831167936,0
7278,0.013922246173024178,0,0.0030266218818724155,0
7279,0.004576189909130335,0,0.003178722457960248,0
7280,0.005584017373621464,0,0.016676992177963257,0
7281,0.010303329676389694,0,0.009021954610943794,0
7282,0.004098617006093264,0,0.07542171329259872,0
7283,0.01894313097000122,0,0.010730039328336716,0
7284,0.007462807931005955,0,0.005510128103196621,0
7285,0.11504942923784256,0,0.0060689193196594715,0
7286,0.005585364997386932,0,0.015499936416745186,0
7287,0.003916562534868717,0,0.01998506300151348,0
7288,0.006140242330729961,0,0.009608376771211624,0
7289,0.004996771924197674,0,0.0056517054326832294,0
7290,0.0041318307630717754,0,0.005130590405315161,0
7291,0.004496178589761257,0,0.007552464958280325,0
7292,0.007360946387052536,0,0.0041821845807135105,0
7293,0.006213157903403044,0,0.013836418278515339,0
7294,0.0029072738252580166,0,0.0029029729776084423,0
7295,0.006531001999974251,0,0.007551975082606077,0
7296,0.006264675874263048,0,0.004884805530309677,0
7297,0.003338827984407544,0,0.03470117226243019,0
7298,0.013718429021537304,0,0.002469864208251238,0
7299,0.005506197456270456,0,0.013512022793293,0
7300,0.0030069348867982626,0,0.0022845251951366663,0
7301,0.005784600041806698,0,0.01236394327133894,0
7302,0.006013799924403429,0,0.004686193075031042,0
7303,0.0037597462069243193,0,0.007644354831427336,0
7304,0.007355732377618551,0,0.0023702189791947603,1
7305,0.007745946757495403,0,0.008633711375296116,0
7306,0.007981411181390285,0,0.5020887851715088,0
7307,0.006402838043868542,0,0.003037241753190756,0
7308,0.0038757645525038242,0,0.0128859281539917,0
7309,0.007868616841733456,0,0.00782371312379837,0
7310,0.010203413665294647,0,0.005985057447105646,0
7311,0.013837074860930443,0,0.008539391681551933,0
7312,0.003977982793003321,0,0.004214881453663111,0
7313,0.008543543517589569,0,0.00431943079456687,0
7314,0.0036835819482803345,0,0.008656514808535576,0
7315,0.006323490757495165,0,0.009401969611644745,0
7316,0.0025711774360388517,0,0.013949431478977203,0
7317,0.007402723655104637,0,0.0030213070567697287,0
7318,0.0035360860638320446,0,0.003900696989148855,0
7319,0.003641259390860796,0,0.33520883321762085,0
7320,0.004065650049597025,0,0.07860895991325378,0
7321,0.030338682234287262,0,0.0016853492707014084,0
7322,0.012878366746008396,0,0.0077719311229884624,0
7323,0.006797341629862785,0,0.006395486183464527,0
7324,0.01147354394197464,0,0.0049602375365793705,0
7325,0.021563103422522545,0,0.01245927158743143,0
7326,0.011169848963618279,1,0.013434642925858498,0
7327,0.04989967867732048,0,0.9505278468132019,1
7328,0.004438492935150862,0,0.0038736958522349596,0
7329,0.022919321432709694,0,0.01203481201082468,0
7330,0.003498378209769726,0,0.021019231528043747,0
7331,0.006505928002297878,0,0.01049679983407259,0
7332,0.0030469310004264116,0,0.03495282307267189,0
7333,0.00990529078990221,0,0.02738073654472828,0
7334,0.6007781028747559,0,0.02964981459081173,0
7335,0.004809622652828693,0,0.03573647886514664,0
7336,0.006756938062608242,0,0.012321729212999344,0
7337,0.005545479245483875,0,0.0041767326183617115,0
7338,0.008336909115314484,0,0.011469694785773754,0
7339,0.005029723513871431,0,0.005227894056588411,0
7340,0.03442089632153511,0,0.006213214248418808,0
7341,0.15289410948753357,0,0.0036464682780206203,0
7342,0.004195672459900379,0,0.00721312640234828,0
7343,0.007918045856058598,0,0.0034906885121017694,0
7344,0.008977987803518772,0,0.005008100066334009,0
7345,0.013440737500786781,0,0.009501505643129349,0
7346,0.005906046833842993,1,0.005326441954821348,0
7347,0.0032531560864299536,0,0.006132256705313921,0
7348,0.007382834795862436,0,0.004584638401865959,0
7349,0.0033072661608457565,0,0.002218950539827347,0
7350,0.010076754726469517,0,0.007455627433955669,0
7351,0.0313003845512867,0,0.008423246443271637,0
7352,0.0037646752316504717,0,0.02903115376830101,0
7353,0.003689298639073968,0,0.01646825298666954,0
7354,0.004100380931049585,0,0.0040451157838106155,0
7355,0.011612988077104092,0,0.012967059388756752,0
7356,0.028152979910373688,0,0.011209328658878803,0
7357,0.011737104505300522,0,0.005709725432097912,0
7358,0.00865856558084488,0,0.005765000358223915,0
7359,0.0069427695125341415,0,0.006785881239920855,0
7360,0.0054391538724303246,0,0.005891797598451376,0
7361,0.005365084391087294,0,0.0028136640321463346,0
7362,0.00602753134444356,0,0.007252556271851063,0
7363,0.032216720283031464,0,0.037736453115940094,0
7364,0.054997581988573074,0,0.0044985488057136536,0
7365,0.007733840495347977,0,0.0029537880327552557,0
7366,0.005855778697878122,0,0.7076656818389893,1
7367,0.004001355264335871,0,0.012086650356650352,0
7368,0.04713385924696922,0,0.4987086057662964,0
7369,0.004877102095633745,0,0.004238458350300789,0
7370,0.004919304512441158,0,0.003780445782467723,0
7371,0.00893638376146555,0,0.00741327041760087,1
7372,0.00745562044903636,0,0.006119654048234224,0
7373,0.002663601888343692,0,0.009976922534406185,0
7374,0.004961421247571707,0,0.008037368766963482,0
7375,0.09181853383779526,0,0.005839966703206301,0
7376,0.00596707034856081,0,0.008630006574094296,0
7377,0.9357595443725586,1,0.005979309789836407,0
7378,0.017222145572304726,0,0.008541661314666271,0
7379,0.0033789367880672216,0,0.002245876006782055,0
7380,0.04155772179365158,0,0.04204940050840378,0
7381,0.001902700518257916,0,0.009859710931777954,0
7382,0.00888882577419281,0,0.006704780738800764,0
7383,0.003793006530031562,0,0.0037503864150494337,0
7384,0.01920130103826523,0,0.005216856021434069,0
7385,0.008715902455151081,0,0.006865848321467638,0
7386,0.013773324899375439,0,0.03186531737446785,0
7387,0.007875015027821064,0,0.00514232786372304,0
7388,0.0034209203440696,0,0.06274181604385376,0
7389,0.0030830148607492447,0,0.003586600534617901,0
7390,0.00493581173941493,0,0.007676463108509779,0
7391,0.03601313382387161,0,0.009020760655403137,0
7392,0.014234076254069805,0,0.005046917591243982,0
7393,0.0030323928222060204,0,0.014420509338378906,0
7394,0.003050815314054489,0,0.01021557580679655,0
7395,0.001673457445576787,0,0.0030118736904114485,0
7396,0.0022802818566560745,0,0.0072052874602377415,0
7397,0.009046262130141258,0,0.03693588823080063,1
7398,0.014261842705309391,0,0.005071952939033508,0
7399,0.664440393447876,1,0.00913633219897747,0
7400,0.00367721077054739,0,0.003798389108851552,0
7401,0.0036752582527697086,0,0.01204066351056099,0
7402,0.024642815813422203,0,0.0020799548365175724,0
7403,0.0040106154046952724,1,0.006576110143214464,0
7404,0.006241886410862207,0,0.004355408251285553,0
7405,0.006204334553331137,0,0.022369150072336197,0
7406,0.055661097168922424,0,0.009507417678833008,0
7407,0.007152578327804804,0,0.011178310960531235,0
7408,0.007056260481476784,0,0.6030030250549316,1
7409,0.7193931341171265,1,0.014916036278009415,0
7410,0.005802331492304802,0,0.006062726490199566,0
7411,0.0038827238604426384,0,0.004413919057697058,0
7412,0.009130747988820076,0,0.006007766351103783,0
7413,0.0075753373093903065,0,0.008898316882550716,0
7414,0.007182146888226271,0,0.004032990895211697,0
7415,0.005766667891293764,0,0.20955991744995117,0
7416,0.00958010833710432,0,0.005022950936108828,0
7417,0.003403447102755308,0,0.07011137157678604,0
7418,0.007494280580431223,0,0.006378255784511566,0
7419,0.014779990538954735,0,0.013544178567826748,0
7420,0.0034432378597557545,0,0.003560368437319994,0
7421,0.0031421235762536526,0,0.009465605020523071,0
7422,0.0049489764496684074,0,0.003199704922735691,0
7423,0.006986929569393396,0,0.014306954108178616,0
7424,0.01716632768511772,0,0.003747940994799137,0
7425,0.0063101802952587605,0,0.012856962159276009,0
7426,0.04805351793766022,0,0.006559282075613737,0
7427,0.004606068599969149,0,0.00952064711600542,0
7428,0.019749868661165237,0,0.00409667706117034,0
7429,0.22565613687038422,0,0.05980364978313446,0
7430,0.0057362779043614864,0,0.004753176122903824,0
7431,0.00423453189432621,0,0.0037207400891929865,0
7432,0.005019942298531532,0,0.1644846498966217,0
7433,0.004137033596634865,0,0.012203769758343697,0
7434,0.025434711948037148,0,0.006108393892645836,0
7435,0.011137321591377258,0,0.006343425717204809,0
7436,0.005725513212382793,0,0.0052270167507231236,0
7437,0.3788995146751404,0,0.010528286918997765,0
7438,0.006192993372678757,0,0.006819480564445257,0
7439,0.005120844580233097,0,0.013190309517085552,0
7440,0.004681338090449572,0,0.004157629795372486,0
7441,0.01068627368658781,0,0.0125182019546628,0
7442,0.5457311272621155,1,0.004580208100378513,0
7443,0.007230929099023342,0,0.0038576351944357157,0
7444,0.00974910520017147,0,0.028108134865760803,0
7445,0.0038995356298983097,0,0.00948019977658987,0
7446,0.010832485742866993,0,0.026202481240034103,0
7447,0.0041665746830403805,0,0.00306971138343215,0
7448,0.12815016508102417,0,0.014313498511910439,0
7449,0.007694063242524862,0,0.0035729750525206327,0
7450,0.00967099703848362,0,0.003309705061838031,0
7451,0.005037171766161919,0,0.009997323155403137,0
7452,0.010137151926755905,0,0.0037155132740736008,0
7453,0.005031757056713104,0,0.06167076900601387,0
7454,0.0031681617256253958,0,0.009095358662307262,0
7455,0.25045061111450195,1,0.004194909241050482,0
7456,0.008531983010470867,0,0.008307378739118576,0
7457,0.0070771086029708385,0,0.006586866453289986,0
7458,0.016324691474437714,0,0.008904214948415756,0
7459,0.006677452940493822,0,0.030236847698688507,0
7460,0.004109304863959551,0,0.005892026703804731,0
7461,0.0046377344988286495,0,0.005459287669509649,0
7462,0.06676369905471802,0,0.005664448253810406,0
7463,0.00327899563126266,0,0.0031234081834554672,0
7464,0.011219507083296776,0,0.004699620883911848,0
7465,0.014971657656133175,0,0.014792905189096928,0
7466,0.00723008019849658,0,0.02309238351881504,0
7467,0.005382266826927662,0,0.015317915007472038,0
7468,0.007153564598411322,0,0.00326903210952878,0
7469,0.007689575664699078,0,0.014604322612285614,0
7470,0.012616648338735104,0,0.003686295822262764,0
7471,0.003954265266656876,0,0.026189405471086502,0
7472,0.08093781024217606,0,0.005724245682358742,0
7473,0.00470997067168355,0,0.05640263110399246,0
7474,0.006308882962912321,0,0.004677571356296539,0
7475,0.0058119832538068295,0,0.006100768223404884,0
7476,0.005427329335361719,0,0.004039293620735407,0
7477,0.003355136839672923,0,0.01131426077336073,0
7478,0.0046258061192929745,0,0.004861482884734869,0
7479,0.006563409697264433,0,0.006751672364771366,0
7480,0.003039473434910178,0,0.003890802850946784,0
7481,0.003903147066012025,0,0.0036745003890246153,0
7482,0.026993267238140106,0,0.013794217258691788,0
7483,0.00610633660107851,0,0.006948762107640505,0
7484,0.004869041033089161,0,0.016889391466975212,0
7485,0.0024042984005063772,0,0.0059636603109538555,0
7486,0.015863582491874695,0,0.006905469577759504,0
7487,0.0033661324996501207,0,0.01084365975111723,0
7488,0.0377170592546463,0,0.005522271152585745,0
7489,0.011614981107413769,0,0.0013145736884325743,0
7490,0.005657019093632698,0,0.5674919486045837,0
7491,0.005385538097470999,0,0.012383941560983658,0
7492,0.010797766037285328,0,0.00784801784902811,0
7493,0.002814710605889559,0,0.02603137120604515,0
7494,0.006625845097005367,0,0.002890276489779353,0
7495,0.003585564438253641,0,0.04200960323214531,0
7496,0.08723502606153488,0,0.0153654208406806,0
7497,0.003915707115083933,0,0.00678621232509613,0
7498,0.004858245141804218,0,0.17057302594184875,1
7499,0.005701483227312565,0,0.01506228931248188,0
7500,0.006941904313862324,0,0.003658005502074957,0
7501,0.00551198935136199,0,0.005822125822305679,0
7502,0.014460683800280094,0,0.007587079424411058,0
7503,0.001883586635813117,0,0.008486675098538399,0
7504,0.005464569199830294,0,0.0034835764672607183,0
7505,0.03126515448093414,0,0.009432372637093067,0
7506,0.5355886816978455,0,0.0038720956072211266,0
7507,0.010836410336196423,0,0.00483978446573019,0
7508,0.015150800347328186,0,0.014203592203557491,0
7509,0.02382589876651764,0,0.0031687268055975437,0
7510,0.005638215225189924,0,0.6297614574432373,1
7511,0.0046370611526072025,0,0.007812912575900555,0
7512,0.019530940800905228,0,0.022272760048508644,0
7513,0.008040159940719604,0,0.005293434485793114,0
7514,0.005024335812777281,0,0.002567181596532464,0
7515,0.004335371777415276,0,0.005449439864605665,0
7516,0.003689344273880124,0,0.00536697544157505,0
7517,0.05410053953528404,0,0.0029018977656960487,0
7518,0.006189434323459864,0,0.01194037776440382,0
7519,0.002195999026298523,0,0.003086957149207592,0
7520,0.016567084938287735,0,0.0025821540039032698,0
7521,0.2032540738582611,0,0.8518773317337036,1
7522,0.015005858615040779,0,0.007059802766889334,0
7523,0.3018452823162079,1,0.4493124783039093,1
7524,0.007032476365566254,0,0.007294673006981611,0
7525,0.032771363854408264,0,0.0019935870077461004,0
7526,0.04227522760629654,0,0.017204316332936287,0
7527,0.022370407357811928,0,0.00900627113878727,0
7528,0.021149063482880592,0,0.022865504026412964,0
7529,0.13710583746433258,0,0.02375340834259987,0
7530,0.007692661602050066,0,0.009311613626778126,0
7531,0.007055759895592928,0,0.06730508804321289,0
7532,0.007477161940187216,0,0.0040854536928236485,0
7533,0.05999338999390602,0,0.006675412878394127,0
7534,0.021253446117043495,0,0.013587325811386108,0
7535,0.004406392108649015,0,0.004079199396073818,0
7536,0.005019075237214565,0,0.0061567374505102634,0
7537,0.01119871623814106,0,0.005287898704409599,0
7538,0.27151864767074585,0,0.004236430395394564,0
7539,0.02279045432806015,0,0.005125539842993021,0
7540,0.012300311587750912,1,0.008445211686193943,0
7541,0.003032578621059656,0,0.0042937761172652245,0
7542,0.15597742795944214,0,0.004639956168830395,0
7543,0.05650454759597778,0,0.004539636429399252,0
7544,0.0067938691936433315,0,0.5531327128410339,0
7545,0.0036770973820239305,0,0.029311545193195343,0
7546,0.014538599178195,0,0.010217513889074326,0
7547,0.005778301041573286,0,0.0019821375608444214,0
7548,0.011468840762972832,0,0.0060240100137889385,0
7549,0.0025740759447216988,0,0.019040128216147423,0
7550,0.003632457461208105,0,0.00836394913494587,0
7551,0.007527088280767202,0,0.007840109057724476,0
7552,0.009061980061233044,0,0.002645502332597971,0
7553,0.007130709942430258,0,0.00947081483900547,0
7554,0.245553657412529,0,0.002468520775437355,0
7555,0.0025023191701620817,0,0.003929497674107552,0
7556,0.007887251675128937,0,0.003071194514632225,0
7557,0.005129578057676554,0,0.003501405008137226,0
7558,0.2425592541694641,0,0.004881922621279955,0
7559,0.013123610988259315,0,0.0022351108491420746,0
7560,0.01871066354215145,0,0.010393359698355198,0
7561,0.009965803474187851,0,0.019201094284653664,0
7562,0.004535388667136431,0,0.0032372616697102785,0
7563,0.053895141929388046,0,0.013773324899375439,0
7564,0.005272362846881151,0,0.01555126067250967,0
7565,0.006459843832999468,0,0.0025280085392296314,0
7566,0.0022886383812874556,0,0.011387914419174194,0
7567,0.004128394648432732,0,0.010240697301924229,1
7568,0.005372789688408375,0,0.008245115168392658,0
7569,0.008299502544105053,0,0.006910745985805988,0
7570,0.006546737626194954,0,0.005278330761939287,0
7571,0.006272704340517521,0,0.050482433289289474,0
7572,0.0022303902078419924,0,0.0113529022783041,0
7573,0.0017641439335420728,0,0.00693752383813262,0
7574,0.0038810702972114086,0,0.007341773249208927,0
7575,0.012410973198711872,0,0.004947065841406584,0
7576,0.003639794420450926,0,0.006211359053850174,0
7577,0.00966962706297636,0,0.003624074859544635,0
7578,0.006365042179822922,0,0.007264424581080675,0
7579,0.0067559718154370785,0,0.00672126654535532,0
7580,0.018294215202331543,0,0.0065767765045166016,0
7581,0.006398738361895084,0,0.004238675814121962,0
7582,0.0028650243766605854,0,0.007125492673367262,0
7583,0.01328127272427082,0,0.006032532546669245,0
7584,0.0050963955000042915,0,0.021058103069663048,0
7585,0.006124621257185936,0,0.004637096542865038,0
7586,0.003268188564106822,0,0.0033958053681999445,0
7587,0.4678252339363098,0,0.006378618534654379,0
7588,0.006757078692317009,0,0.014118026942014694,0
7589,0.0041680666618049145,0,0.003445242764428258,0
7590,0.004916047211736441,0,0.008014707826077938,0
7591,0.007990261539816856,0,0.00351839791983366,0
7592,0.005886610597372055,0,0.008150213398039341,0
7593,0.02178102545440197,0,0.004640176426619291,0
7594,0.362639844417572,0,0.010256817564368248,0
7595,0.01145092211663723,0,0.018351199105381966,0
7596,0.004375274758785963,0,0.003359953872859478,0
7597,0.08431239426136017,0,0.6448463797569275,0
7598,0.006010882090777159,0,0.008802114054560661,0
7599,0.02677612006664276,0,0.005028179846704006,0
7600,0.006235648412257433,0,0.007288812194019556,0
7601,0.016951918601989746,0,0.003004721598699689,0
7602,0.01005252543836832,0,0.005441068205982447,0
7603,0.028760727494955063,0,0.016895925626158714,0
7604,0.2550310790538788,0,0.013976276852190495,0
7605,0.008387858979403973,0,0.005670300219208002,0
7606,0.0024490617215633392,0,0.012054335325956345,0
7607,0.005313825327903032,0,0.0074603077955543995,0
7608,0.07254922389984131,0,0.006263060960918665,0
7609,0.015173721127212048,0,0.27776065468788147,1
7610,0.0072038141079247,0,0.008044755086302757,0
7611,0.00466668838635087,0,0.006154630798846483,0
7612,0.007099540438503027,0,0.09088345617055893,0
7613,0.002547007519751787,0,0.009667427279055119,0
7614,0.0027533520478755236,0,0.006539714056998491,0
7615,0.004069733899086714,0,0.006525862030684948,0
7616,0.002361285500228405,0,0.044224441051483154,0
7617,0.01178306620568037,0,0.006480248644948006,0
7618,0.00521782087162137,0,0.007069455925375223,0
7619,0.0064804512076079845,0,0.004317936021834612,0
7620,0.010318170301616192,0,0.004236957523971796,0
7621,0.006295122671872377,0,0.009505873546004295,0
7622,0.03890865668654442,0,0.010546587407588959,0
7623,0.0035061861854046583,0,0.006662796717137098,0
7624,0.005743696354329586,0,0.13120798766613007,1
7625,0.008400087244808674,0,0.0033942984882742167,0
7626,0.012780822813510895,0,0.005603552330285311,0
7627,0.040693242102861404,0,0.012401316314935684,0
7628,0.006890061777085066,0,0.0072700390592217445,0
7629,0.010539798066020012,0,0.04563293606042862,0
7630,0.011050914414227009,0,0.1297185868024826,0
7631,0.009017790667712688,0,0.003484020009636879,0
7632,0.004582726396620274,0,0.004913960117846727,0
7633,0.002769980113953352,0,0.008959552273154259,0
7634,0.014275423251092434,0,0.005466909613460302,0
7635,0.00384718831628561,0,0.0065150135196745396,0
7636,0.006026729010045528,0,0.3314317464828491,1
7637,0.003907038364559412,0,0.005393986124545336,0
7638,0.0058300914242863655,0,0.004346899222582579,0
7639,0.005141466856002808,0,0.011594695039093494,0
7640,0.006862883921712637,0,0.004030086565762758,0
7641,0.1557694971561432,0,0.00788278691470623,0
7642,0.005517201032489538,0,0.007776152808219194,0
7643,0.006717389915138483,0,0.0145385367795825,0
7644,0.051976125687360764,0,0.009714965708553791,0
7645,0.0029664498288184404,0,0.05092957988381386,0
7646,0.015233384445309639,0,0.012935868464410305,0
7647,0.0051103439182043076,0,0.015669340267777443,0
7648,0.07945521175861359,0,0.00753413699567318,0
7649,0.005180162377655506,0,0.006273635197430849,0
7650,0.004573225975036621,0,0.0037969693075865507,0
7651,0.003939618822187185,0,0.004097044933587313,0
7652,0.008096585981547832,0,0.005158313550055027,0
7653,0.0033216304145753384,0,0.8821190595626831,1
7654,0.013320566155016422,0,0.005224423483014107,0
7655,0.0044417791068553925,0,0.14965592324733734,0
7656,0.004798531532287598,0,0.0032454682514071465,0
7657,0.003569297958165407,0,0.0025209744926542044,0
7658,0.004769060295075178,0,0.004241482354700565,0
7659,0.0050765941850841045,0,0.002128690481185913,0
7660,0.01775393635034561,0,0.004195122513920069,0
7661,0.006373259704560041,0,0.012139934115111828,0
7662,0.005330728832632303,0,0.00654786080121994,0
7663,0.016029635444283485,0,0.02139291726052761,0
7664,0.02020849473774433,0,0.012493417598307133,0
7665,0.004234849475324154,0,0.005717581603676081,0
7666,0.015862882137298584,0,0.003073277184739709,0
7667,0.005990648176521063,0,0.002088159089908004,0
7668,0.11979930102825165,0,0.0027618533931672573,0
7669,0.008622840978205204,0,0.0109416414052248,0
7670,0.006851748563349247,0,0.7105610370635986,1
7671,0.0038553474005311728,0,0.0063752164132893085,0
7672,0.026671797037124634,0,0.028123730793595314,0
7673,0.01730884425342083,0,0.01116970181465149,0
7674,0.006133169401437044,0,0.010033288039267063,0
7675,0.0176842138171196,0,0.014189891517162323,0
7676,0.004127179272472858,0,0.0065996465273201466,0
7677,0.021324822679162025,0,0.003375054569914937,0
7678,0.008505228906869888,0,0.005840536672621965,0
7679,0.006600402761250734,0,0.01712583564221859,0
7680,0.04627273976802826,0,0.006380362436175346,0
7681,0.004512073006480932,0,0.012383271008729935,0
7682,0.010749959386885166,0,0.005105751566588879,0
7683,0.009981982409954071,0,0.005717866588383913,0
7684,0.045164793729782104,0,0.005578203126788139,0
7685,0.005788286682218313,0,0.040762629359960556,0
7686,0.008925638161599636,1,0.003828920889645815,0
7687,0.008827544748783112,0,0.03418296203017235,0
7688,0.039348531514406204,0,0.10077141225337982,0
7689,0.006689799018204212,0,0.012245952151715755,0
7690,0.03738543763756752,0,0.006518872454762459,0
7691,0.008112333714962006,0,0.014456531964242458,0
7692,0.007367802783846855,0,0.006553533021360636,0
7693,0.007676383014768362,0,0.006311202887445688,0
7694,0.003860428463667631,0,0.006701767910271883,0
7695,0.007225426845252514,0,0.011766342446208,0
7696,0.006539237219840288,0,0.003902001306414604,0
7697,0.011579944752156734,0,0.00889375526458025,0
7698,0.007635493762791157,0,0.0049688490107655525,0
7699,0.00446425611153245,1,0.0062459190376102924,0
7700,0.0027069048956036568,0,0.021312236785888672,0
7701,0.004459211137145758,0,0.012965638190507889,0
7702,0.005700948182493448,0,0.045027442276477814,0
7703,0.0034527902025729418,0,0.002823814284056425,0
7704,0.0067849489860236645,0,0.007744634989649057,0
7705,0.0028551353607326746,0,0.005376167129725218,0
7706,0.005935892462730408,0,0.006449144333600998,0
7707,0.011046559549868107,0,0.11851293593645096,0
7708,0.007212491240352392,0,0.0033452033530920744,0
7709,0.002242171438410878,0,0.004796510096639395,0
7710,0.002623844426125288,0,0.006886698771268129,0
7711,0.0070170629769563675,0,0.0058754319325089455,0
7712,0.0025275321677327156,0,0.003965500742197037,0
7713,0.004702590871602297,0,0.009110506623983383,0
7714,0.0028973056469112635,0,0.004434194415807724,0
7715,0.017440997064113617,0,0.0027904396411031485,0
7716,0.003467428032308817,0,0.005759129766374826,0
7717,0.004057901445776224,0,0.009783053770661354,0
7718,0.0037144983652979136,0,0.00892720278352499,0
7719,0.0026456420309841633,0,0.011138818226754665,0
7720,0.014668264426290989,0,0.004458525218069553,0
7721,0.01030016504228115,0,0.004149314481765032,0
7722,0.007186663802713156,0,0.0045590754598379135,0
7723,0.2588171660900116,1,0.004296100698411465,0
7724,0.007431889418512583,0,0.0065164645202457905,0
7725,0.015094921924173832,0,0.005483462009578943,0
7726,0.013113739900290966,0,0.004937287420034409,0
7727,0.006121336482465267,0,0.00558697571977973,0
7728,0.006498300936073065,0,0.005090147256851196,0
7729,0.006385098677128553,0,0.004654462914913893,0
7730,0.003781390143558383,0,0.007843615487217903,0
7731,0.5549072027206421,1,0.018421070650219917,0
7732,0.006037541665136814,0,0.00217773811891675,0
7733,0.041926510632038116,0,0.004637521225959063,0
7734,0.002078186022117734,0,0.008699907921254635,0
7735,0.00225875829346478,0,0.009580953978002071,0
7736,0.01633691042661667,0,0.005756912752985954,0
7737,0.021777741611003876,0,0.005545011255890131,0
7738,0.009461197070777416,0,0.0025794401299208403,0
7739,0.005631498526781797,0,0.005550804082304239,0
7740,0.0053808377124369144,0,0.9508367776870728,1
7741,0.004222325049340725,0,0.002705675782635808,0
7742,0.0032537796068936586,0,0.004808481317013502,0
7743,0.005418397486209869,0,0.003581917379051447,0
7744,0.019752591848373413,0,0.00995960459113121,0
7745,0.0026245734188705683,0,0.0034680445678532124,0
7746,0.014961393550038338,0,0.006640398874878883,0
7747,0.055354196578264236,0,0.0074723646976053715,0
7748,0.002895014127716422,0,0.005022753030061722,0
7749,0.007230274844914675,0,0.0027989286463707685,0
7750,0.012781026773154736,0,0.004756249487400055,0
7751,0.013753900304436684,0,0.11349846422672272,0
7752,0.007068040315061808,0,0.00998748280107975,0
7753,0.0038832223508507013,0,0.021640431135892868,0
7754,0.007781202904880047,0,0.007446416188031435,0
7755,0.006723861675709486,0,0.004547875374555588,0
7756,0.006841709837317467,0,0.007374958600848913,0
7757,0.01119903288781643,0,0.003896648995578289,0
7758,0.020057663321495056,0,0.00913972593843937,0
7759,0.0052750674076378345,0,0.06300200521945953,0
7760,0.006433586589992046,0,0.014723570086061954,0
7761,0.007102344185113907,0,0.005223184823989868,0
7762,0.003823976730927825,0,0.004044931381940842,0
7763,0.004751304164528847,0,0.0034575711470097303,0
7764,0.0037056857254356146,0,0.16298998892307281,0
7765,0.009165247902274132,0,0.029723552986979485,0
7766,0.003949707839637995,0,0.004689359106123447,0
7767,0.003802230581641197,0,0.0056246244348585606,0
7768,0.0071162753738462925,0,0.0026943995617330074,0
7769,0.004778257571160793,0,0.0026993013452738523,0
7770,0.006017598323523998,0,0.002683258382603526,0
7771,0.01048155128955841,0,0.017819097265601158,0
7772,0.017855074256658554,0,0.008908482268452644,0
7773,0.007985402829945087,0,0.0062046051025390625,0
7774,0.021945279091596603,0,0.40847739577293396,0
7775,0.005514980293810368,0,0.0074859787710011005,0
7776,0.00468175346031785,0,0.010452013462781906,0
7777,0.006550246383994818,0,0.006108833942562342,0
7778,0.05042994022369385,0,0.0049258144572377205,0
7779,0.007467267103493214,0,0.004702121950685978,0
7780,0.008324721828103065,0,0.0033928437624126673,0
7781,0.006291929166764021,0,0.005963258910924196,0
7782,0.7219362258911133,1,0.004432325717061758,0
7783,0.007599310949444771,0,0.0046126036904752254,0
7784,0.07965536415576935,0,0.003249550936743617,0
7785,0.07448834180831909,0,0.0038127547595649958,0
7786,0.005201071500778198,0,0.004509895574301481,0
7787,0.30753958225250244,0,0.006717740558087826,0
7788,0.007778622675687075,0,0.8019067645072937,0
7789,0.002707161009311676,0,0.006245853845030069,0
7790,0.002935514086857438,0,0.008085599169135094,0
7791,0.010361069813370705,0,0.00814626831561327,0
7792,0.008891889825463295,0,0.006286764517426491,0
7793,0.0022231743205338717,0,0.006607058923691511,0
7794,0.0055214278399944305,0,0.004635210614651442,0
7795,0.0068292696960270405,0,0.08371672034263611,0
7796,0.017448728904128075,0,0.006660527549684048,0
7797,0.013263480737805367,0,0.008095107972621918,0
7798,0.0031465431675314903,0,0.00845190230756998,0
7799,0.005775951314717531,0,0.008989009074866772,0
7800,0.7591579556465149,1,0.016912264749407768,0
7801,0.01700768806040287,0,0.9326048493385315,1
7802,0.010581551119685173,0,0.005406430922448635,0
7803,0.005293107591569424,0,0.00490468880161643,0
7804,0.0060746800154447556,0,0.004172264598309994,0
7805,0.003925850614905357,0,0.005160418804734945,0
7806,0.007487141061574221,0,0.004448597319424152,0
7807,0.5450008511543274,0,0.006204284727573395,0
7808,0.0031851031817495823,0,0.005410375539213419,0
7809,0.008211076259613037,0,0.0023129540495574474,0
7810,0.006036079954355955,0,0.0034484711941331625,0
7811,0.02230960689485073,0,0.021697990596294403,0
7812,0.007867705076932907,0,0.004142045974731445,0
7813,0.0033963476307690144,0,0.1667494773864746,0
7814,0.006463189609348774,0,0.01571328565478325,0
7815,0.005241316743195057,0,0.008082857355475426,0
7816,0.007603523321449757,0,0.004121123813092709,0
7817,0.041714489459991455,0,0.011402009055018425,0
7818,0.009085745550692081,0,0.0023686657659709454,0
7819,0.010373026132583618,0,0.0070751686580479145,0
7820,0.003643765114247799,0,0.005347284022718668,0
7821,0.06272551417350769,0,0.0027684790547937155,0
7822,0.49523866176605225,1,0.002788309473544359,0
7823,0.005325962323695421,0,0.0035008906852453947,0
7824,0.014559471048414707,0,0.004104103893041611,0
7825,0.005436428356915712,0,0.00410054437816143,0
7826,0.002131661167368293,0,0.0049257464706897736,0
7827,0.005694321356713772,0,0.008018989115953445,0
7828,0.004027951508760452,1,0.01950438693165779,0
7829,0.004119034390896559,0,0.007288356777280569,0
7830,0.0035894063767045736,0,0.004959507845342159,0
7831,0.6138480305671692,0,0.004449883475899696,0
7832,0.003719964064657688,0,0.008090338669717312,0
7833,0.004621167201548815,0,0.002211107639595866,0
7834,0.028681229799985886,0,0.00489176856353879,0
7835,0.0046993400901556015,0,0.004910261370241642,0
7836,0.7795478105545044,0,0.22544649243354797,1
7837,0.059790998697280884,0,0.0030627602245658636,0
7838,0.011807133443653584,0,0.0028218773659318686,0
7839,0.003721805987879634,0,0.8473950624465942,1
7840,0.05415581166744232,0,0.007827337831258774,0
7841,0.004263118375092745,0,0.010925506241619587,0
7842,0.041183192282915115,0,0.0088444659486413,0
7843,0.010335763916373253,0,0.00292045995593071,0
7844,0.004519622772932053,0,0.015189170837402344,0
7845,0.006009443663060665,0,0.009316708892583847,0
7846,0.0051540774293243885,0,0.008085760287940502,0
7847,0.0049829124473035336,0,0.002468575956299901,0
7848,0.01681765913963318,0,0.3206748962402344,0
7849,0.004607609938830137,0,0.007871324196457863,0
7850,0.004721301607787609,0,0.0038180830888450146,0
7851,0.004497590009123087,0,0.007871659472584724,0
7852,0.0053509678691625595,0,0.00576054397970438,0
7853,0.008809709921479225,0,0.004754227586090565,0
7854,0.005693560466170311,0,0.010836486704647541,0
7855,0.00463879806920886,0,0.039986662566661835,0
7856,0.0031471354886889458,0,0.004671082831919193,0
7857,0.005336068104952574,0,0.010283646173775196,0
7858,0.17157916724681854,0,0.0026940961834043264,0
7859,0.006259067449718714,0,0.008460642769932747,0
7860,0.005079786293208599,0,0.010588682256639004,0
7861,0.005902291741222143,0,0.008052696473896503,0
7862,0.006594589911401272,0,0.015668699517846107,0
7863,0.006032882258296013,0,0.5798649191856384,1
7864,0.0065459501929581165,0,0.004533008206635714,0
7865,0.08937045186758041,0,0.002782402327284217,0
7866,0.010269959457218647,0,0.006349210627377033,0
7867,0.0068960776552557945,0,0.03037274442613125,0
7868,0.018819265067577362,0,0.004876248072832823,0
7869,0.003260268596932292,0,0.0062066311948001385,0
7870,0.04591769725084305,0,0.003969932906329632,0
7871,0.008336302824318409,0,0.002808263059705496,0
7872,0.00387494545429945,0,0.00901493988931179,0
7873,0.9309696555137634,1,0.004174054134637117,0
7874,0.010713414289057255,0,0.008537745103240013,0
7875,0.005494431126862764,0,0.11398013681173325,0
7876,0.012391549535095692,0,0.00703002605587244,0
7877,0.004092964809387922,0,0.0063907732255756855,0
7878,0.016303731128573418,0,0.007852005772292614,0
7879,0.01221768744289875,0,0.04265100508928299,0
7880,0.0033570011146366596,0,0.014462954364717007,0
7881,0.004899573978036642,0,0.005012692883610725,0
7882,0.005923930089920759,0,0.003818357130512595,0
7883,0.0038522828835994005,0,0.023073147982358932,0
7884,0.00604893546551466,0,0.004574211314320564,0
7885,0.10773247480392456,0,0.010688800364732742,0
7886,0.6513693928718567,0,0.005260140635073185,0
7887,0.00341492029838264,0,0.02336612343788147,0
7888,0.008240488357841969,0,0.005003896541893482,0
7889,0.009643051773309708,0,0.009763372130692005,0
7890,0.08148667961359024,0,0.004498623311519623,0
7891,0.007791757117956877,0,0.00326311937533319,0
7892,0.24484436213970184,0,0.004868364427238703,0
7893,0.0058249253779649734,0,0.005778205115348101,0
7894,0.006458475720137358,0,0.0064384168945252895,0
7895,0.003268264699727297,0,0.003503049025312066,0
7896,0.006796517875045538,0,0.02234681509435177,0
7897,0.007099862676113844,0,0.04062611609697342,0
7898,0.006046570837497711,0,0.01418602280318737,0
7899,0.6443666815757751,1,0.011269669979810715,0
7900,0.42742547392845154,0,0.002441893797367811,0
7901,0.0031218361109495163,0,0.00869524572044611,0
7902,0.00589859951287508,0,0.004436891991645098,0
7903,0.006162896752357483,0,0.24778501689434052,0
7904,0.008543034084141254,0,0.04366373270750046,0
7905,0.005557301454246044,0,0.0018633246654644608,0
7906,0.007388668600469828,0,0.06748618185520172,0
7907,0.0035529090091586113,0,0.006407417356967926,0
7908,0.003520218888297677,0,0.003555668517947197,0
7909,0.006975171156227589,0,0.009723763912916183,0
7910,0.006367636378854513,0,0.005579353775829077,0
7911,0.003003006335347891,0,0.004794470965862274,0
7912,0.004382180515676737,0,0.008320710621774197,0
7913,0.004741181619465351,0,0.005445991177111864,0
7914,0.004972027614712715,0,0.007640297058969736,0
7915,0.005996210500597954,0,0.0055203912779688835,0
7916,0.007658844813704491,0,0.004740461707115173,0
7917,0.0037045294884592295,0,0.0041501144878566265,0
7918,0.007397721521556377,0,0.0038498719222843647,0
7919,0.019117964431643486,1,0.0031806447077542543,0
7920,0.012162061408162117,0,0.005724085494875908,0
7921,0.004859549924731255,0,0.007677106186747551,0
7922,0.005325032863765955,0,0.004878009669482708,0
7923,0.01231396198272705,0,0.0031478474847972393,0
7924,0.004079509526491165,0,0.00387383415363729,0
7925,0.1844070851802826,0,0.006804885342717171,0
7926,0.004859789740294218,0,0.003849158762022853,0
7927,0.00763762928545475,0,0.010038446635007858,0
7928,0.006660117767751217,0,0.004731229040771723,0
7929,0.003943887539207935,0,0.008993257768452168,0
7930,0.00885497685521841,0,0.004253377206623554,0
7931,0.004872369579970837,0,0.002331406343728304,0
7932,0.007227215450257063,0,0.008289038203656673,0
7933,0.5359494686126709,1,0.008496234193444252,0
7934,0.0038939886726439,0,0.008962435647845268,0
7935,0.004660492762923241,0,0.009383464232087135,0
7936,0.006754960864782333,0,0.005794120486825705,0
7937,0.007888848893344402,1,0.006027814466506243,0
7938,0.004942077677696943,0,0.27020448446273804,0
7939,0.007482676766812801,0,0.6074455380439758,0
7940,0.00716520007699728,0,0.014830338768661022,0
7941,0.008096260949969292,0,0.3595394194126129,0
7942,0.005054997745901346,0,0.006256494205445051,0
7943,0.007976501248776913,0,0.006023087538778782,0
7944,0.004048923496156931,0,0.022360246628522873,0
7945,0.0021946909837424755,0,0.003541692392900586,0
7946,0.012918131425976753,0,0.004647463094443083,0
7947,0.005471336655318737,0,0.08309819549322128,0
7948,0.02156738005578518,0,0.008310007862746716,0
7949,0.0035303060431033373,0,0.0044295829720795155,0
7950,0.007524438202381134,0,0.004552384372800589,0
7951,0.09070564806461334,0,0.007164006121456623,0
7952,0.007345607969909906,0,0.03231079876422882,0
7953,0.005114080850034952,0,0.01208888366818428,0
7954,0.004680264741182327,0,0.0067634242586791515,0
7955,0.008042407222092152,0,0.018663479015231133,0
7956,0.02111390046775341,0,0.004823798313736916,0
7957,0.005948807578533888,0,0.0038970247842371464,0
7958,0.013745475560426712,0,0.0050057009793818,0
7959,0.08418183773756027,0,0.04871610179543495,0
7960,0.007066905964165926,0,0.005555854644626379,0
7961,0.010742259211838245,0,0.7179148197174072,0
7962,0.006877801846712828,0,0.005866553634405136,0
7963,0.005268605891615152,0,0.002958961995318532,0
7964,0.007170395459979773,0,0.00469317939132452,0
7965,0.0026493160985410213,0,0.005838881246745586,0
7966,0.00637513492256403,0,0.39608103036880493,1
7967,0.008446605876088142,0,0.007676906418055296,0
7968,0.004711667541414499,0,0.007526404224336147,0
7969,0.010055966675281525,0,0.002901217667385936,0
7970,0.012153814546763897,0,0.014405552297830582,0
7971,0.0209461972117424,0,0.006090445909649134,0
7972,0.004366463981568813,0,0.0028095839079469442,0
7973,0.0032909689471125603,0,0.003435622900724411,0
7974,0.004637664183974266,0,0.025751277804374695,0
7975,0.030335336923599243,0,0.0076889279298484325,0
7976,0.0034337444230914116,0,0.03550046682357788,0
7977,0.0028242815751582384,0,0.011601905338466167,0
7978,0.004427717998623848,0,0.011444419622421265,0
7979,0.006202491465955973,0,0.0037808697670698166,0
7980,0.7932844161987305,1,0.006640423554927111,0
7981,0.0027851704508066177,0,0.004522949457168579,0
7982,0.004347640555351973,0,0.004841567017138004,0
7983,0.7343601584434509,1,0.004817505367100239,0
7984,0.007873506285250187,0,0.00884592067450285,0
7985,0.005002628546208143,0,0.011316143907606602,0
7986,0.004605150315910578,0,0.002722112461924553,0
7987,0.015495005063712597,0,0.027243368327617645,0
7988,0.007629235275089741,0,0.02419997565448284,0
7989,0.005576787982136011,0,0.004676503594964743,0
7990,0.03771572560071945,0,0.002551679266616702,0
7991,0.012972059659659863,0,0.004838514607399702,0
7992,0.0033861075062304735,0,0.0068161156959831715,0
7993,0.006907543167471886,0,0.01525630708783865,0
7994,0.009671956300735474,0,0.0018234695307910442,0
7995,0.004782953765243292,0,0.008164789527654648,0
7996,0.0048871166072785854,0,0.007026441395282745,0
7997,0.006736213341355324,0,0.007730240002274513,0
7998,0.003465907881036401,0,0.008866589516401291,1
7999,0.006384142674505711,0,0.006069336086511612,0
8000,0.010052083991467953,0,0.005378100089728832,0
8001,0.12207765132188797,0,0.021908137947320938,0
8002,0.002817486645653844,0,0.0025169262662529945,0
8003,0.006978497840464115,0,0.008734399452805519,0
8004,0.004462328273802996,0,0.007767798379063606,0
8005,0.004683295730501413,0,0.0054750279523432255,0
8006,0.06384559720754623,0,0.005110935308039188,0
8007,0.006672365590929985,0,0.004151391331106424,0
8008,0.005748027935624123,0,0.006226733792573214,0
8009,0.020559705793857574,0,0.012244129553437233,0
8010,0.0075662522576749325,0,0.006860684137791395,0
8011,0.0822337344288826,0,0.010736140422523022,0
8012,0.01189742423593998,0,0.0224562156945467,0
8013,0.014231988228857517,0,0.03573695942759514,0
8014,0.004462209530174732,0,0.010364072397351265,0
8015,0.04542550444602966,0,0.008898674510419369,0
8016,0.004955250304192305,0,0.008057390339672565,0
8017,0.00423957547172904,1,0.017310457304120064,0
8018,0.0031221448443830013,0,0.006862945854663849,0
8019,0.01856979727745056,0,0.006634796038269997,0
8020,0.08243078738451004,1,0.006069390568882227,0
8021,0.0031279977411031723,0,0.01844441331923008,0
8022,0.005269045475870371,0,0.006526950281113386,0
8023,0.03214750438928604,0,0.08239027112722397,0
8024,0.006248496938496828,0,0.02991756610572338,0
8025,0.00856171827763319,0,0.0036676914896816015,0
8026,0.004708569031208754,0,0.02120479941368103,0
8027,0.4487280249595642,0,0.027914756909012794,0
8028,0.007263647858053446,0,0.0036173672415316105,0
8029,0.004411003086715937,0,0.001724816276691854,0
8030,0.010223775170743465,0,0.06447171419858932,0
8031,0.024994822219014168,0,0.003528743050992489,0
8032,0.45502400398254395,0,0.006173835135996342,0
8033,0.006908779498189688,0,0.013364997692406178,0
8034,0.0066373045556247234,0,0.005960531998425722,0
8035,0.05838741734623909,0,0.008476918563246727,0
8036,0.0069985841400921345,0,0.005683934316039085,0
8037,0.006180380471050739,0,0.010450928471982479,0
8038,0.004153866320848465,0,0.0061851562932133675,0
8039,0.015600407496094704,0,0.010988767258822918,0
8040,0.770706832408905,1,0.00837959349155426,0
8041,0.0033777838107198477,0,0.006374107673764229,0
8042,0.008905207738280296,0,0.005664808209985495,0
8043,0.005078321322798729,0,0.008547943085432053,0
8044,0.0433666817843914,0,0.0039460440166294575,0
8045,0.0064020706340670586,0,0.01534072495996952,0
8046,0.004140527918934822,0,0.046174731105566025,0
8047,0.01893794722855091,0,0.010984850116074085,0
8048,0.016435522586107254,0,0.008493375033140182,0
8049,0.01002185046672821,0,0.012274992652237415,0
8050,0.005759331863373518,0,0.013102575205266476,0
8051,0.5253812074661255,1,0.008468298241496086,0
8052,0.7134944200515747,0,0.008745813742280006,0
8053,0.007147291209548712,0,0.0050515481270849705,0
8054,0.01338668167591095,0,0.03265443444252014,0
8055,0.008767377585172653,0,0.002425313461571932,0
8056,0.003528466448187828,0,0.007225730922073126,0
8057,0.0046975091099739075,0,0.0022255023941397667,0
8058,0.007391578983515501,0,0.002893691649660468,0
8059,0.00591863039880991,0,0.004030798561871052,0
8060,0.005853236652910709,0,0.005000941455364227,0
8061,0.008538765832781792,0,0.008380175568163395,0
8062,0.002146009588614106,0,0.007226955611258745,1
8063,0.0066952635534107685,0,0.007415979169309139,0
8064,0.004658639430999756,0,0.004025702364742756,0
8065,0.013722262345254421,0,0.0038656271062791348,0
8066,0.006285668350756168,0,0.006865738425403833,0
8067,0.005787002854049206,0,0.0024599849712103605,0
8068,0.011987144127488136,0,0.005309313535690308,0
8069,0.006576929707080126,0,0.0021107138600200415,0
8070,0.008126995526254177,0,0.0062572467140853405,0
8071,0.006256090942770243,0,0.004251666832715273,0
8072,0.7639310956001282,1,0.012504341080784798,0
8073,0.03912929445505142,0,0.004700975492596626,0
8074,0.023182855919003487,0,0.0020799587946385145,1
8075,0.0031775091774761677,0,0.005319615360349417,0
8076,0.005893389694392681,0,0.0063711064867675304,1
8077,0.00724530965089798,0,0.0021109641529619694,0
8078,0.004652221221476793,0,0.003712346078827977,0
8079,0.007311003282666206,0,0.004787490703165531,0
8080,0.003306271508336067,0,0.009630831889808178,0
8081,0.003524488303810358,0,0.028119875118136406,0
8082,0.0038147640880197287,0,0.003988378215581179,0
8083,0.005233893636614084,0,0.006752846296876669,0
8084,0.18950095772743225,1,0.0024876452516764402,0
8085,0.006076949182897806,0,0.003558824071660638,0
8086,0.01233010645955801,0,0.005925300065428019,0
8087,0.0400618314743042,0,0.011902515776455402,0
8088,0.009087411686778069,0,0.00802930910140276,1
8089,0.0112290745601058,0,0.00640296284109354,0
8090,0.00410830182954669,0,0.0051847887225449085,0
8091,0.5039048790931702,1,0.008349803276360035,0
8092,0.016408856958150864,0,0.006690558977425098,0
8093,0.0038751570973545313,0,0.04951240122318268,0
8094,0.008860385045409203,0,0.002052369061857462,0
8095,0.03241422772407532,0,0.02850976027548313,0
8096,0.012802199460566044,0,0.02812320552766323,0
8097,0.027164435014128685,0,0.005745897069573402,0
8098,0.005103046540170908,0,0.006047333125025034,0
8099,0.020287271589040756,0,0.004029405303299427,0
8100,0.005825030151754618,0,0.0025872420519590378,0
8101,0.002898493316024542,0,0.05643032491207123,0
8102,0.00377043429762125,0,0.009959971532225609,0
8103,0.004728368949145079,0,0.026505690068006516,0
8104,0.009168336167931557,0,0.005204270128160715,0
8105,0.04936999827623367,0,0.0031737899407744408,0
8106,0.00417693704366684,0,0.004195648245513439,0
8107,0.01665518246591091,0,0.05932224541902542,0
8108,0.010184966959059238,0,0.04067286103963852,0
8109,0.006087577436119318,0,0.03272821009159088,0
8110,0.009032243862748146,0,0.04812740907073021,0
8111,0.010462641716003418,0,0.006536474451422691,0
8112,0.011753343045711517,0,0.003766210051253438,0
8113,0.0037377651315182447,0,0.8320147395133972,1
8114,0.008313785307109356,0,0.013297547586262226,0
8115,0.005883151199668646,0,0.006320605985820293,0
8116,0.005843909922987223,0,0.042730845510959625,0
8117,0.00508848624303937,0,0.0062187667936086655,0
8118,0.005100958049297333,0,0.006727572996169329,0
8119,0.002033176366239786,0,0.005806169472634792,0
8120,0.12390203773975372,0,0.005619514267891645,0
8121,0.024397771805524826,0,0.003911346197128296,0
8122,0.6662112474441528,0,0.03446750342845917,1
8123,0.016844069585204124,0,0.029784776270389557,0
8124,0.010489897802472115,0,0.00801859050989151,0
8125,0.0017958746757358313,0,0.003989637829363346,0
8126,0.007719695568084717,0,0.005309492349624634,0
8127,0.0025444633793085814,0,0.0038653588853776455,0
8128,0.0050087133422493935,0,0.005544745828956366,0
8129,0.014896458014845848,0,0.008699455298483372,0
8130,0.006338438019156456,0,0.006604042835533619,0
8131,0.012361863628029823,0,0.05250396579504013,0
8132,0.0046570394188165665,0,0.005445458926260471,0
8133,0.1347150206565857,0,0.016523301601409912,0
8134,0.006302465219050646,0,0.004598180763423443,0
8135,0.017657700926065445,0,0.00959750171750784,0
8136,0.00920154619961977,0,0.0055543952621519566,0
8137,0.009915944188833237,0,0.280319482088089,0
8138,0.07770846039056778,1,0.005616211332380772,0
8139,0.027211681008338928,0,0.0065122549422085285,0
8140,0.021436506882309914,0,0.0049936650320887566,0
8141,0.006039049942046404,0,0.007808825001120567,0
8142,0.002966308733448386,0,0.128951296210289,0
8143,0.5336301922798157,1,0.004271522630006075,0
8144,0.006308990530669689,0,0.004258178174495697,0
8145,0.002418501302599907,0,0.012770983390510082,0
8146,0.004974630661308765,0,0.008453913033008575,0
8147,0.0325813926756382,0,0.007458508014678955,0
8148,0.0030341329984366894,0,0.014633172191679478,0
8149,0.005279688164591789,0,0.006570468191057444,0
8150,0.0039042264688760042,0,0.007425634656101465,0
8151,0.008089849725365639,0,0.04383771866559982,0
8152,0.005395252723246813,0,0.04778318107128143,0
8153,0.004918352700769901,0,0.0038343770429491997,0
8154,0.006971179042011499,0,0.01789429411292076,0
8155,0.007839270867407322,0,0.005498020444065332,0
8156,0.0028750693891197443,0,0.003775553312152624,0
8157,0.006039547733962536,0,0.007190042641013861,0
8158,0.6161272525787354,1,0.0021361703984439373,0
8159,0.0054423995316028595,0,0.005519103724509478,0
8160,0.004770870786160231,0,0.0054243700578808784,0
8161,0.0036718198098242283,0,0.006421832367777824,0
8162,0.006153265945613384,0,0.005600444506853819,0
8163,0.00593609269708395,0,0.002585028065368533,0
8164,0.003084328258410096,0,0.0070295436307787895,0
8165,0.009699596092104912,0,0.006108871661126614,0
8166,0.006191825494170189,0,0.005361184943467379,0
8167,0.005050203762948513,0,0.005957634188234806,0
8168,0.006006109062582254,0,0.004077483434230089,0
8169,0.006392946932464838,0,0.004384265746921301,0
8170,0.002731156535446644,0,0.0032913365866988897,0
8171,0.003201670479029417,0,0.004225142765790224,0
8172,0.005405717995017767,0,0.006852261256426573,0
8173,0.031421057879924774,0,0.004020010586827993,0
8174,0.0053925770334899426,0,0.036105137318372726,0
8175,0.3179936408996582,0,0.5272894501686096,0
8176,0.0025361846201121807,0,0.003981615416705608,0
8177,0.01148628257215023,0,0.42209357023239136,0
8178,0.005578001961112022,0,0.08894934505224228,0
8179,0.0024329707957804203,0,0.03620489314198494,0
8180,0.005565594881772995,0,0.0038577010855078697,0
8181,0.0029843663796782494,0,0.010525893419981003,0
8182,0.005499472841620445,0,0.008647043257951736,0
8183,0.002394644310697913,0,0.010079842060804367,0
8184,0.005693894810974598,0,0.03747275099158287,0
8185,0.004658228252083063,0,0.007373942993581295,0
8186,0.0044352286495268345,0,0.00328419404104352,0
8187,0.009142912924289703,0,0.005088532343506813,0
8188,0.012591030448675156,0,0.025211719796061516,0
8189,0.004915550816804171,0,0.0037849792279303074,0
8190,0.005843921098858118,0,0.004433961119502783,0
8191,0.0035164370201528072,0,0.038930490612983704,0
8192,0.47519075870513916,0,0.005680558271706104,0
8193,0.021344734355807304,0,0.007148845121264458,0
8194,0.0039063855074346066,0,0.0033674254082143307,0
8195,0.005346259567886591,0,0.017369940876960754,0
8196,0.006541898474097252,0,0.010503462515771389,0
8197,0.008238493464887142,0,0.0015714226756244898,0
8198,0.005269547924399376,0,0.006614355370402336,0
8199,0.00848301313817501,0,0.13178756833076477,0
8200,0.002190317027270794,0,0.02753255143761635,0
8201,0.027432028204202652,0,0.00840707216411829,0
8202,0.007564626634120941,0,0.010782659985125065,0
8203,0.011904893442988396,0,0.010246919468045235,0
8204,0.009190093725919724,0,0.006252158433198929,0
8205,0.08232740312814713,0,0.0035888131242245436,0
8206,0.005339995492249727,0,0.00882338173687458,0
8207,0.4399479031562805,0,0.00442084576934576,0
8208,0.0035230033099651337,0,0.05464385449886322,0
8209,0.005997168365865946,0,0.011854131706058979,0
8210,0.008310703560709953,0,0.011469683609902859,0
8211,0.012540732510387897,0,0.011318827979266644,0
8212,0.02029690332710743,0,0.005719419568777084,0
8213,0.02382451295852661,0,0.011156185530126095,0
8214,0.004015276674181223,0,0.04913609102368355,0
8215,0.003987404517829418,0,0.005414051469415426,0
8216,0.0074760932475328445,0,0.008485536091029644,0
8217,0.043038204312324524,0,0.04547172412276268,0
8218,0.05164928361773491,0,0.11039875447750092,0
8219,0.008320974186062813,0,0.0043122898787260056,0
8220,0.010132401250302792,0,0.010851109400391579,0
8221,0.003885602345690131,0,0.006561249028891325,0
8222,0.007159621920436621,0,0.007390669547021389,0
8223,0.005649186670780182,0,0.006659029051661491,0
8224,0.0032751283142715693,0,0.018285777419805527,0
