,calib_pred,calib_true,q2,q5,q7,q8,q9
0,4.930896282196045,5.0,5.0,5.0,5.0,5.0,5.0
1,6.999922275543213,5.0,5.0,5.0,5.0,5.0,5.0
2,5.324323654174805,5.0,5.0,5.0,5.920818753952375,6.356547323513812,6.455931955649724
3,5.2426981925964355,5.481486060122113,5.0,5.0,5.0,5.0,5.1
4,5.590793609619141,5.0,5.0,5.0,5.0,5.0,5.904700876731446
5,7.561456680297852,9.113509274827518,5.0,5.0,5.708512583073295,6.456685660619315,8.053554394051933
6,6.245489597320557,5.568636235841013,5.0,5.287967737291256,7.461462975529174,8.170234422669175,8.401017899130922
7,5.9040141105651855,5.0,5.0,5.287967737291256,7.461462975529174,8.170234422669175,8.401017899130922
8,5.2903008460998535,5.0,5.0,5.0,5.0,5.0,5.0
9,6.227930545806885,5.0,5.0,6.299299729609228,7.56968241169672,7.787170498505569,7.910390122074611
10,5.102452278137207,5.0,5.0,5.0,5.0869625986495866,5.173925197299173,5.265236260406493
11,5.290732383728027,5.0,5.0,5.0,5.708512583073295,6.456685660619315,8.053554394051933
12,5.334030628204346,5.0,5.0,5.0,5.101727661233145,5.520030657457415,5.848767903643857
13,6.0543389320373535,5.376750709602099,5.0,6.299299729609228,7.56968241169672,7.787170498505569,7.910390122074611
14,4.7892632484436035,5.0,5.0,5.0,5.0,5.0,5.920818753952375
15,5.593908786773682,5.0,5.0,5.0,5.0,5.0,5.0
16,6.5913472175598145,7.795880017344075,5.0,5.0,5.5376020021010435,5.721246399047171,6.026872146400302
17,5.168168544769287,5.0,5.0,5.0,6.315831350852757,7.387503458885711,8.024315496631102
18,6.142013072967529,6.522878745280337,5.9901019303030605,6.591647408166742,7.128788772280643,7.208036362993901,7.287283953707157
19,4.671712398529053,5.0,5.0,5.0,5.0,5.0,5.0
20,4.6889328956604,5.0,5.0,5.0,5.0,5.0,5.287582194452533
21,4.847768306732178,5.0,5.0,5.0,5.0,5.012096149476276,5.089111421265709
22,5.371000289916992,5.309803919971486,5.0,5.0,5.494752000253373,5.647915503315358,6.239625999943646
23,5.667421817779541,5.0,5.0,5.0,5.0,5.0,6.015040800840419
24,5.820293426513672,5.031517051446065,5.0,5.18837535480105,6.30571692463636,6.7661930404308706,7.007023843501842
25,6.4196085929870605,6.376750709602099,5.0,5.0,5.481515245560481,5.850820228732402,6.0963131810635645
26,5.198533535003662,5.0,5.0,5.0,5.0,5.0,5.668744396507356
27,6.542566776275635,9.031517051446064,5.0,5.42021640338319,6.657577319177793,7.1249387366083,7.481486060122112
28,5.082605838775635,5.0,5.0,5.0,5.0,5.0,5.0
29,5.402747631072998,5.167491087293763,5.0,5.0,5.0,5.0,5.09995098928664
30,6.2885870933532715,5.3979400086720375,5.6936512982466265,6.821318484692428,7.295062717774298,7.354829414764048,7.459720859977528
31,5.4963555335998535,6.017728766960431,5.0,5.0,5.0,5.296297212024423,5.888891636073268
32,4.971319675445557,5.0,5.0,5.0,5.0,5.0,5.0
33,5.319759845733643,5.0,5.0,5.0,5.0,5.494850021680094,5.698970004336019
34,6.050722599029541,5.0,5.0,5.928180382362728,6.772577569995745,7.568636235841013,8.324875990832918
35,4.898073673248291,5.0,5.0,5.0,5.0,5.552491252371425,6.7251911251650505
36,4.689553737640381,5.0,5.0,5.0,5.0,5.327902142064283,6.2076083105017466
37,6.597404956817627,6.568636235841013,5.0,5.287967737291256,7.461462975529174,8.170234422669175,8.401017899130922
38,4.9205641746521,5.0,5.0,5.0,5.0,5.0,5.920818753952375
39,6.230236530303955,5.2441251443275085,5.0,5.0,5.657577319177793,5.920818753952375,6.154901959985743
40,6.55794620513916,6.920818753952375,5.0,6.299299729609228,7.56968241169672,7.787170498505569,7.910390122074611
41,5.89335298538208,7.795880017344075,5.0,5.0,5.26935749724493,6.077429988979726,6.5496212774634985
42,6.027822971343994,7.080921907623926,5.0,5.769551078621726,7.002632177292251,7.840628610219042,8.59864862673098
43,5.464833736419678,5.853871964321762,5.0,5.457176355851572,5.760374041286161,5.882984820353755,6.11948012689327
44,5.207489490509033,5.0,5.0,5.0,5.0,5.63741732867143,6.912251986014287
45,6.431222438812256,6.3872161432802645,5.0,5.0,5.0,5.0,5.0795880017344075
46,7.146279811859131,8.455931955649724,5.0,5.227965977824862,5.529434997455911,5.5376020021010435,5.642138395778679
47,5.43853235244751,5.0,5.0,5.0,5.481515245560481,5.850820228732402,6.0963131810635645
48,4.7623820304870605,5.0,5.0,5.0,5.0,5.0,5.0
49,5.0415425300598145,5.0,5.0,5.0,5.0,5.084043280676638,5.252129842029914
50,5.256292819976807,5.823908740944319,5.0,5.0,5.0,5.886324317847616,6.185228563145452
51,5.026782512664795,5.0,5.0,5.0,5.0,5.0,5.60806164392009
52,6.291965007781982,6.080921907623926,5.0,5.287967737291256,7.461462975529174,8.170234422669175,8.401017899130922
53,5.565006732940674,5.0,5.0,5.42021640338319,6.657577319177793,7.1249387366083,7.481486060122112
54,5.1820831298828125,5.0,5.0,5.0,5.0,5.0,5.0
55,5.7263360023498535,6.568636235841013,5.0,5.0,5.968889800705817,6.338153788612729,6.662443951152241
56,5.866572856903076,5.0,5.0,5.928180382362728,6.772577569995745,7.568636235841013,8.324875990832918
57,4.97601842880249,5.0,5.0,5.0,5.0,5.6020599913279625,6.619788758288394
58,5.05877161026001,5.0,5.0,5.0,5.327902142064283,5.638272163982407,5.721246399047171
59,6.17877197265625,5.0,5.0,5.42021640338319,6.657577319177793,7.1249387366083,7.481486060122112
60,5.09853458404541,5.0,5.0,5.0,5.0,5.0,5.0
61,6.352141380310059,7.886056647693163,5.0,5.0,6.721246399047171,7.102372908709558,7.221848749616356
62,5.470271110534668,5.0,5.0,5.0,5.0,5.093971785205677,5.226292647534192
63,5.188574314117432,5.0,5.0,5.0,5.0,5.093971785205677,5.226292647534192
64,6.507439613342285,5.619788758288394,5.6936512982466265,6.821318484692428,7.295062717774298,7.354829414764048,7.459720859977528
65,5.533741474151611,7.187086643357144,5.0,5.42021640338319,6.657577319177793,7.1249387366083,7.481486060122112
66,5.631984233856201,5.0,5.0,5.030240373690691,5.979796630032903,6.440875561547003,6.637736343307488
67,5.5013556480407715,5.0,5.0,5.0,5.0,5.327902142064283,6.2076083105017466
68,5.369973659515381,5.0,5.0,5.0,5.657577319177793,5.920818753952375,6.154901959985743
69,7.0207414627075195,5.455931955649724,5.048825028865502,5.122062572163754,5.170887601029256,5.195300115462007,5.219712629894758
70,6.443410396575928,5.0,5.0,5.0,5.769551078621726,7.5376020021010435,7.585026652029182
71,5.553534030914307,5.5376020021010435,5.0,5.0,5.522878745280337,6.2441251443275085,8.05551732784983
72,5.124635219573975,5.0,5.0,5.0,5.0,5.0,5.287582194452533
73,5.915807247161865,8.187086643357144,5.0,5.0,5.0,5.0,5.297890997958678
74,7.294122219085693,6.200659450546418,5.0,5.0,5.0,5.0,5.70446769648675
75,5.222270965576172,5.0,5.0,5.0,5.0,5.0,5.1
76,4.8599677085876465,5.0,5.0,5.0,5.1604035918505,5.622826716909309,6.0898160921468385
77,5.652805328369141,5.0,5.0,5.0,5.0,5.0,5.3191360819912035
78,5.5784173011779785,5.0,5.0,5.0,5.0,5.0,5.0795880017344075
79,5.190797328948975,6.1938200260161125,5.0,5.0,5.0,5.071309464702763,5.2139283941082875
80,5.235488414764404,5.0,5.0,5.33889035263304,5.770689473640969,5.908845318154531,6.0508638306165725
81,7.820923328399658,6.769551078621726,5.0,5.42021640338319,6.657577319177793,7.1249387366083,7.481486060122112
82,5.526202201843262,5.0,5.0,5.0,5.747866492601998,6.276799720315459,6.5119362786376165
83,5.965395450592041,7.1487416512809245,5.0,5.0,5.708512583073295,6.456685660619315,8.053554394051933
84,5.387413501739502,5.6020599913279625,5.0,5.0,5.0,5.0,5.129818655252878
85,5.935956001281738,5.522878745280337,5.0,5.0,5.0,5.279588001734408,6.594799162246874
86,8.235552787780762,6.920818753952375,5.0,6.054231271163718,7.256077439944282,8.1249387366083,8.627853508438662
87,6.582932472229004,5.5376020021010435,5.0,5.0,5.309772914624212,5.785123056544632,6.580936883073365
88,5.459811687469482,5.0,5.0,5.0,5.0,5.0,5.149669314685716
89,5.362321376800537,5.0,5.0,5.0,5.101727661233145,5.717368524130526,6.277112444960014
90,5.7041425704956055,5.0,5.0,5.0,5.769551078621726,7.5376020021010435,7.585026652029182
91,4.551974773406982,9.744727494896694,5.0,5.0,5.0201454878767855,5.7447274948966935,6.035290537142854
92,4.9332098960876465,5.0,5.0,5.0,5.0,5.0916591953431425,5.269678045872886
93,4.6593804359436035,5.0,5.0,5.0,5.0,5.0,5.0
94,5.783111572265625,5.0,5.0,5.0,5.0,5.071309464702763,5.2139283941082875
95,4.869424819946289,5.0,5.0,5.0,5.0,5.0,5.0
96,5.167355060577393,5.356547323513812,5.0,5.0,5.6020599913279625,5.7447274948966935,5.886056647693163
97,4.943967819213867,5.0,5.0,5.0,5.090836138293877,5.342313722939064,5.714610867233399
98,5.276928424835205,6.638272163982407,5.0,5.0,5.0,5.0,5.0
99,4.8886871337890625,5.0,5.0,5.0,5.0,5.0,5.0
100,5.147697925567627,5.0,5.0,5.0,5.0,5.0,5.0
101,5.460564136505127,7.638272163982407,5.0,5.0,5.0,6.366531544420414,8.494850021680094
102,4.610363960266113,5.0,5.0,5.0,5.0,5.0,5.0
103,5.82345724105835,5.0,5.0,5.0,5.0,5.0,5.0795880017344075
104,5.407039642333984,5.0,5.0,5.0,5.0,5.0,5.186847479451571
105,5.231992244720459,5.0,5.0,5.0,7.035625007497918,7.38004376813455,7.604730444456747
106,6.135640621185303,5.0,5.0,5.0,5.557809882459554,6.481225900025257,7.487317135998911
107,5.388492584228516,5.0,5.0,5.0,5.261960783994296,6.04784313597719,6.88377334994157
108,5.711773872375488,6.366531544420414,5.0,5.0,5.0,5.223837281543842,5.671511844631525
109,5.3020477294921875,5.0,5.0,5.0,5.0,5.0,5.0
110,5.009047031402588,5.0,5.0,5.0,5.0,5.0,5.4604093769761874
111,6.061950206756592,5.0,5.0,5.0,5.0,5.0,5.0
112,6.068742275238037,5.42021640338319,5.0,5.287967737291256,7.461462975529174,8.170234422669175,8.401017899130922
113,4.9708075523376465,5.0,5.0,5.0,5.0,5.0,5.3014005676816796
114,6.468383312225342,7.3979400086720375,5.0,5.42021640338319,6.657577319177793,7.1249387366083,7.481486060122112
115,6.462670803070068,5.0,5.0,5.614942352606449,7.844835868359313,8.098999141397796,9.13106355737751
116,5.419834613800049,7.221848749616356,5.0,5.0,5.0,5.223837281543842,6.140057981153716
117,5.774177074432373,7.346787486224656,5.0,5.0,5.0869625986495866,5.173925197299173,5.265236260406493
118,5.71106481552124,5.568636235841013,5.0,5.42021640338319,6.657577319177793,7.1249387366083,7.481486060122112
119,5.711516857147217,7.096910013008056,5.0,5.0,5.159379381312206,5.318758762624412,5.988168040901103
120,5.681352615356445,5.0,5.0,5.0,6.721246399047171,7.102372908709558,7.221848749616356
121,6.4798994064331055,7.0655015487564325,5.0,5.0,5.0,5.0,5.0
122,5.313675880432129,5.0,5.0,5.0,5.090836138293877,5.342313722939064,5.714610867233399
123,6.234971523284912,7.585026652029182,5.0,5.292429823902063,5.801396958063174,6.210789396402983,6.471963329792007
124,4.897677898406982,5.0,5.0,5.0,5.0,5.241230752217968,5.6218487496163565
125,6.15670108795166,6.096910013008056,5.0,5.0,5.0,5.0,5.09995098928664
126,5.6395583152771,5.481486060122113,5.0,5.0,5.0,5.0,5.0
127,5.027973651885986,5.0,5.0,5.0,5.112251986014286,5.333388773477399,5.569928007722705
128,5.055216312408447,5.0,5.0,5.0,5.101727661233145,5.520030657457415,5.848767903643857
129,4.787830829620361,5.119186407719209,5.0,5.0,5.0,5.0,5.0795880017344075
130,5.982118129730225,6.431798275933005,5.0,5.42021640338319,6.657577319177793,7.1249387366083,7.481486060122112
131,4.994046688079834,5.0,5.0,5.0,5.0,5.0,5.0
132,5.978095531463623,5.0,5.0,5.032750774378217,5.696834746491283,6.468685246554372,6.673751488085751
133,5.112181186676025,5.0,5.0,5.0,5.920818753952375,6.356547323513812,6.455931955649724
134,5.141671657562256,5.0,5.0,5.0,5.0,5.0,5.0
135,6.5754547119140625,5.769551078621726,5.0,5.0,5.252129842029914,5.652129842029915,6.159176003468815
136,5.314265251159668,6.119186407719209,5.0,5.0,5.0,5.0,5.3013094416207345
137,5.324386119842529,6.619788758288394,5.0,5.0,5.0,5.0,5.668744396507356
138,5.00195837020874,5.0,5.0,5.0,5.0,5.0,5.0
139,5.051568508148193,5.4089353929735005,5.0,5.0,5.36804185367615,5.695208145805298,6.305438650294773
140,4.92280387878418,5.0,5.0,5.0,5.0,5.0,5.12757241303992
141,5.034104824066162,5.0,5.0,5.0,5.0,5.203455322466291,5.620010954683868
142,4.989799976348877,5.0,5.0,5.0,5.0,5.0,5.0795880017344075
143,5.932015419006348,6.130768280269024,5.0,5.0,5.519066146175629,5.670701335829286,5.787170498505568
144,5.850759983062744,5.0,5.0,6.299299729609228,7.56968241169672,7.787170498505569,7.910390122074611
145,5.113224029541016,5.0,5.0,5.0,5.0,5.263030927671117,5.733304289873123
146,6.5892815589904785,7.619788758288394,5.0,5.42021640338319,6.657577319177793,7.1249387366083,7.481486060122112
147,6.8334641456604,8.4089353929735,5.0,5.0,5.856464859428565,6.2960837014903515,6.823603534477858
148,6.422430992126465,5.958607314841775,5.0,5.0,5.509691001300805,6.858146007804834,7.63075221594426
149,5.826629161834717,5.638272163982407,5.0,5.0,5.0,5.0,5.634010660811674
150,5.852146625518799,5.481486060122113,5.0,5.457176355851572,5.760374041286161,5.882984820353755,6.11948012689327
151,5.683626651763916,5.619788758288394,5.0,5.0,5.26289556697899,5.774816866366195,5.804897680378984
152,5.412502765655518,6.107905397309519,5.0,5.0,5.6445731277666615,5.951049602663894,6.020045663244449
153,5.138082027435303,5.0,5.0,5.0,5.160563744106219,5.440151745840627,5.855473215493237
154,5.718281269073486,5.481486060122113,5.0,5.42021640338319,6.657577319177793,7.1249387366083,7.481486060122112
155,5.1350016593933105,5.0,5.0,5.0,5.0,5.0,5.583745543646882
156,4.869414806365967,5.0,5.0,5.0,5.0,5.065580428412857,5.5327869988180645
157,5.480301380157471,5.0,5.0,5.0,5.101727661233145,5.520030657457415,5.848767903643857
158,4.8702311515808105,5.0,5.0,5.0,5.0869625986495866,5.173925197299173,5.265236260406493
159,4.806207656860352,5.0,5.0,5.0,5.55007498130775,6.226778245030048,6.406763468004177
160,5.2205281257629395,5.0,5.0,5.0,5.55007498130775,6.226778245030048,6.406763468004177
161,5.912609100341797,5.0,5.0,5.0,5.0,5.0,6.015040800840419
162,6.297102928161621,6.4089353929735005,5.0,5.0,5.0,5.51359866254608,6.637319323763178
163,5.419593334197998,5.0,5.0,5.0,5.0,5.51359866254608,6.637319323763178
164,5.355309963226318,5.0,5.0,5.0,5.0,5.0,5.0795880017344075
165,5.14605712890625,5.0,5.0,5.0,5.0,5.0,5.142021640338318
166,5.215527057647705,5.0,5.0,5.0,5.0,5.103854924202302,5.3616200641289495
167,5.470344543457031,5.5376020021010435,5.0,5.0,5.596490607097571,6.025706859412084,6.4526793486171155
168,5.696728706359863,5.0,5.0,5.0,5.0,5.477528010406445,6.104288634424147
169,6.032766819000244,7.130768280269024,5.0,5.42021640338319,6.657577319177793,7.1249387366083,7.481486060122112
170,5.02876615524292,5.0,5.0,5.0,5.0,5.0,5.20144957839504
171,5.227104187011719,5.0,5.0,5.0,5.327902142064283,5.638272163982407,5.721246399047171
172,5.3777756690979,5.721246399047171,5.0,5.0,5.0,5.1355561410532165,5.4066684231596485
173,5.413331508636475,5.0,5.378913216807529,5.958607314841775,6.717273000560288,6.850382250330102,7.853112668883502
174,5.6049675941467285,5.0,5.0,5.0,5.006682918413346,5.149336579604481,5.6839014626552515
175,5.25465202331543,5.0,5.0,5.0,5.1916350977420995,5.494997974617254,5.904956590427026
176,5.851210117340088,5.0,5.0,5.769551078621726,7.002632177292251,7.840628610219042,8.59864862673098
177,6.22553014755249,7.356547323513812,5.00261888324147,5.429118384862106,5.882751518246458,5.969390180020549,6.056028841794641
178,6.063860893249512,7.886056647693163,5.0,5.287967737291256,7.461462975529174,8.170234422669175,8.401017899130922
179,6.045165538787842,5.0,5.0,5.886056647693163,6.411483315576424,6.812020239627062,7.869565169179853
180,5.755403995513916,5.0,5.0,5.0,5.0,5.0,5.0
181,5.099461078643799,5.920818753952375,5.0,5.0,5.0,5.494850021680094,5.698970004336019
182,6.242049694061279,5.0,5.0,5.287967737291256,7.461462975529174,8.170234422669175,8.401017899130922
183,5.603115558624268,6.050609993355087,5.0,5.0,5.0,5.768718582206093,6.934458917154219
184,5.435115814208984,6.366531544420414,5.0,5.0,5.2543191530828635,5.508638306165727,5.56421353222706
185,4.880173206329346,5.0,5.0,5.0,5.0,5.0,5.0
186,6.167547225952148,5.0,5.0,5.0,5.717948779044448,6.154656928386707,6.8675683249985315
187,5.151542663574219,5.0,5.0,5.0,5.0869625986495866,5.173925197299173,5.265236260406493
188,5.384183406829834,5.0,5.0,5.734260541478872,6.763144123905442,7.191911180327464,7.651523988147662
189,5.844499111175537,6.494850021680094,5.0,5.0,5.0,5.0,5.305182983699436
190,5.985320568084717,7.886056647693163,5.0,5.0,5.0,5.0,5.255144826079842
191,5.821334362030029,7.443697499232712,5.0,5.0,5.0,5.0,5.0
192,5.392322063446045,5.0,5.0,5.0,5.0,5.0,5.0
193,5.428589820861816,5.0,5.0,5.0,6.010237290870956,6.118490746653228,6.2535212480354065
194,5.624997615814209,5.0,5.0,5.0,5.481647993062369,5.786415255761733,6.111946779547825
195,5.9099836349487305,6.0,5.0,6.299299729609228,7.56968241169672,7.787170498505569,7.910390122074611
196,4.978954792022705,5.0,5.0,5.0,5.006682918413346,5.149336579604481,5.6839014626552515
197,5.638608455657959,6.853871964321762,5.378913216807529,5.958607314841775,6.717273000560288,6.850382250330102,7.853112668883502
198,5.822793006896973,5.0,5.0,5.0,5.481515245560481,5.850820228732402,6.0963131810635645
199,5.116186141967773,5.0,5.0,5.06246936830415,5.20446769648675,5.2839966563652006,5.389423339022647
200,5.162953853607178,5.0,5.0,5.129818655252878,5.329481682537159,6.008456040717206,6.535526288668958
201,5.058959484100342,5.0,5.0,5.0,5.0,5.0,5.0
202,4.906552791595459,5.0,5.0,5.0,5.0,5.259497564773153,5.797940008672038
203,5.227775573730469,5.0,5.0,5.0,5.0,5.886324317847616,6.185228563145452
204,5.187333583831787,5.0,5.0,5.0,5.0,5.351015991217509,5.585026652029182
205,5.20842170715332,5.0,5.0,5.18837535480105,6.7396216559868245,6.886056647693163,7.169199170261093
206,5.675808429718018,5.0,5.0,5.0,5.0,5.1355561410532165,5.4066684231596485
207,4.752822399139404,5.0,5.0,5.0,5.0,5.0,5.0
208,5.463466644287109,5.0,5.0,5.0,5.0,5.0,5.0
209,5.068576335906982,5.0,5.0,5.0,5.252129842029914,5.652129842029915,6.159176003468815
210,4.8906450271606445,6.481486060122113,5.0,5.0,5.0201454878767855,5.7447274948966935,6.035290537142854
211,5.3304524421691895,5.0,5.0,5.0,5.0,5.0,7.440487994684071
212,6.088241100311279,6.6777807052660805,5.0,5.0,5.468521082957745,6.167491087293763,6.920818753952375
213,5.183289051055908,5.0,5.00261888324147,5.429118384862106,5.882751518246458,5.969390180020549,6.056028841794641
214,5.789825916290283,6.031517051446065,5.0,5.0,5.0,5.0,5.035654732351381
215,4.817065715789795,5.0,5.0,5.0,5.0,5.0,5.0
216,4.8151679039001465,5.0,5.0,5.0,5.0,5.508638306165727,6.451544993495972
217,4.437514305114746,5.0,5.0,5.0,5.0,5.0,5.0
218,5.167220115661621,5.0,5.0,5.0,5.216373919714151,5.954208448776369,6.926693965314053
219,5.154272079467773,5.0,5.0,5.0,5.0,5.0,5.342800251070619
220,5.0769267082214355,5.0,5.0,5.0,5.329878389978372,5.420171791158,5.575313958251336
221,6.09874963760376,5.853871964321762,5.0,5.0,5.0,5.0,5.0
222,6.563533306121826,5.0,5.0,5.0,5.0,6.366531544420414,8.494850021680094
223,6.062769412994385,5.0,5.0,5.928180382362728,6.772577569995745,7.568636235841013,8.324875990832918
224,5.3478851318359375,5.0,5.0,5.0,5.0,5.63741732867143,6.912251986014287
225,5.529236316680908,5.236572006437063,5.0,5.0,5.769551078621726,7.5376020021010435,7.585026652029182
226,5.01621675491333,5.0,5.0,5.0,5.0,5.494850021680094,5.698970004336019
227,5.218225002288818,5.0,5.0,5.0,5.0,5.0,5.0
228,6.0565972328186035,5.0,5.0,5.122062572163754,5.770689473640969,5.900566781122885,5.985661382193382
229,4.965060710906982,5.0,5.0,5.0,5.0,5.0,5.12757241303992
230,5.985703468322754,5.0,5.0,5.0,5.0,5.0,6.015040800840419
231,4.997763633728027,5.0,5.0,5.0,5.0869625986495866,5.173925197299173,5.265236260406493
232,5.053565502166748,5.0,5.0,5.0,7.035625007497918,7.38004376813455,7.604730444456747
233,4.936710357666016,5.0,5.0,5.0,5.0,5.0,5.0
234,5.65262508392334,5.0,5.0,5.0,5.0,5.6020599913279625,6.619788758288394
235,4.9723591804504395,5.0,5.0,5.0,5.0,5.0,5.0
236,5.7994818687438965,6.619788758288394,5.0,5.0,5.0,5.0,5.0
237,5.927990436553955,5.1249387366083,5.0,5.0,5.0,5.0,5.0
238,5.6691460609436035,5.0,5.0,5.0,5.0,5.0,5.180617997398389
239,5.425793170928955,5.886056647693163,5.0,5.0,5.117005330405836,5.468021321623346,6.748955999889548
240,5.234121799468994,5.0,5.0,5.0,5.0,5.0,6.015040800840419
241,5.560741424560547,5.0,5.0,5.0,5.0,5.0,5.0
242,5.325876712799072,5.0,5.0,5.0,5.0,5.0,5.3872161432802645
243,5.75095796585083,5.657577319177793,5.455931955649724,6.839926856944473,7.240743030061056,7.522878745280337,8.002182402701225
244,5.404439926147461,5.0,5.0,5.0,5.7366550031619,6.053660333567737,6.31934349279846
245,5.36785364151001,6.200659450546418,5.0,5.0,5.468521082957745,6.167491087293763,6.920818753952375
246,5.465556621551514,5.0,5.0,5.0,5.876329286972975,7.012697251504221,7.26494905424264
247,5.373474597930908,7.920818753952375,5.0,5.0,5.003621217265445,5.088723738510172,5.694820453954792
248,4.576414585113525,5.0,5.0,5.0,5.0,5.083043324200698,5.371461077681457
249,6.258934497833252,5.508638306165727,5.0,5.0,6.010237290870956,6.118490746653228,6.2535212480354065
250,6.641118049621582,6.7447274948966935,5.0,5.42021640338319,6.657577319177793,7.1249387366083,7.481486060122112
251,6.740705966949463,5.0,5.0,6.054231271163718,7.256077439944282,8.1249387366083,8.627853508438662
252,5.095340251922607,5.0,5.0,5.0,5.20345532246629,5.305182983699437,5.406910644932582
253,6.277929782867432,5.0,5.382963298389445,6.42021640338319,7.7229554474115485,8.285461606394016,8.584121974471215
254,5.55402135848999,5.0,5.0,5.0,5.252129842029914,5.652129842029915,6.159176003468815
255,5.713378429412842,5.0,5.0,5.30033623392066,6.271896009882983,6.480994761799621,8.877103382651214
256,5.440962314605713,5.886056647693163,5.0,5.0,5.159379381312206,5.318758762624412,5.988168040901103
257,5.9528584480285645,5.0,5.0,5.769551078621726,7.002632177292251,7.840628610219042,8.59864862673098
258,5.178299427032471,5.0,5.0,5.0,5.0,5.0,5.0
259,4.762008190155029,5.0,5.0,5.0,5.0,5.0,5.0
260,5.93487024307251,5.0,5.0,5.42021640338319,6.657577319177793,7.1249387366083,7.481486060122112
261,5.181904315948486,5.0,5.0,5.734260541478872,6.763144123905442,7.191911180327464,7.651523988147662
262,5.097131252288818,5.0,5.0,5.0,5.0869625986495866,5.173925197299173,5.265236260406493
263,5.735398292541504,5.0,5.0,5.0,5.0,5.0,5.3014005676816796
264,5.268683433532715,5.0,5.0,5.0,5.0,5.0,5.139794000867203
265,5.9014506340026855,6.136677139879544,5.0,5.0,5.0,5.0,5.297890997958678
266,5.010819911956787,5.267606240177032,5.0,5.059593203859604,5.621921275511394,6.232348276903211,6.79018639043693
267,5.3739142417907715,6.481486060122113,5.0,5.0,5.0,5.0,5.904700876731446
268,4.738749027252197,5.0,5.0,5.0,5.0,5.083043324200698,5.371461077681457
269,4.855579376220703,5.0,5.0,5.0,5.0,5.259078965559803,6.099531988906442
270,5.577783584594727,5.301029995663981,5.0,5.42021640338319,6.657577319177793,7.1249387366083,7.481486060122112
271,6.700748920440674,7.086186147616283,5.0,5.0,5.0,5.1355561410532165,5.4066684231596485
272,5.008787631988525,5.0,5.0,5.227965977824862,5.529434997455911,5.5376020021010435,5.642138395778679
273,5.14530086517334,5.0,5.0,5.0,5.0,5.065580428412857,5.5327869988180645
274,5.128821849822998,5.0,5.0,5.0,5.0,5.0,5.0
275,5.002095699310303,5.0,5.0,5.0,5.0,5.0,5.0
276,6.088595390319824,6.1487416512809245,5.0,5.0,5.0,5.0,5.0
277,5.462759494781494,5.0,5.0,5.0,5.0201454878767855,5.7447274948966935,6.035290537142854
278,4.940338611602783,5.0,5.0,5.0,5.210108201691595,5.42021640338319,5.5707314012151805
279,5.008660793304443,5.0,5.0,5.0,5.0,5.0,5.0
280,5.141671657562256,5.0,5.0,5.0,5.0,5.0,5.0
281,5.705024242401123,5.619788758288394,5.0,5.0,5.0,5.296297212024423,5.888891636073268
282,5.227377891540527,5.0,5.0,5.0,5.0,5.0,5.07535014192042
283,5.002946376800537,5.0,5.0,5.0,5.0,5.0,5.119382002601611
284,5.1956000328063965,5.0,5.0,5.0,5.0,5.0,5.955056020812891
285,5.969895839691162,6.366531544420414,5.0,5.0,5.761091082236913,6.416153306250301,7.328727082090541
286,5.404268741607666,5.0,5.0,5.0,5.0,5.0,5.045403709931007
287,4.9839959144592285,5.0,5.0,5.0,5.0,5.0,5.0
288,6.183875560760498,6.7447274948966935,5.0,6.200659450546418,6.638272163982407,8.221848749616356,8.958607314841775
289,5.271926403045654,5.0,5.0,5.0,5.0,5.0,5.955056020812891
290,6.230130672454834,7.026872146400302,5.0,5.42021640338319,6.793384992580273,7.137875212617382,7.140271358093056
291,5.282224178314209,5.0,5.0,5.0,5.0,5.0,5.0
292,5.0904459953308105,5.0,5.0,5.0,5.0,5.0,5.255144826079842
293,4.828392028808594,5.0,5.0,5.0,5.1654344782395265,5.406258474770712,5.695764207919511
294,5.067391872406006,5.0,5.0,5.0,5.0,5.552491252371425,6.617810671064914
295,5.538426399230957,5.958607314841775,5.0,5.0,5.086359655186601,5.345438620746404,6.887311395274088
296,5.07435941696167,5.0,5.0,5.0,5.0,5.576997119237737,5.915076914552607
297,5.362247943878174,5.657577319177793,5.0,5.0,5.0,5.0,5.3191360819912035
298,6.164096355438232,5.2839966563652006,5.0,5.769551078621726,7.002632177292251,7.840628610219042,8.59864862673098
299,5.041693210601807,5.0,5.0,5.0,5.0,5.0,5.0
300,5.554417133331299,5.0,5.0,5.0,5.0,6.366531544420414,8.494850021680094
301,4.6993088722229,5.0,5.0,5.0,5.0,5.210121998671017,5.630365996013053
302,5.375449180603027,5.0,5.0,5.0,5.0,5.0,5.0
303,5.718029022216797,5.0,5.0,5.0,5.0,5.0,5.0795880017344075
304,6.653302192687988,6.494850021680094,5.382963298389445,6.42021640338319,7.7229554474115485,8.285461606394016,8.584121974471215
305,5.398860454559326,7.013228265733755,5.0,5.0,5.0,5.0,6.015040800840419
306,4.519031524658203,5.0,5.0,5.0,5.0201454878767855,5.7447274948966935,6.035290537142854
307,5.756933689117432,5.0,5.0,5.0,5.761091082236913,6.416153306250301,7.328727082090541
308,5.453836441040039,5.0,5.0,5.0,5.0,5.0,5.317005330405837
309,5.113825798034668,5.0,5.0,5.0,5.0,5.0,5.0
310,6.745655059814453,7.7447274948966935,5.0,5.928180382362728,6.772577569995745,7.568636235841013,8.324875990832918
311,5.254159450531006,5.0,5.0,5.0,5.0,5.0,5.0
312,5.396575450897217,5.0,5.0,5.0,5.717948779044448,6.154656928386707,6.8675683249985315
313,6.1096062660217285,5.6020599913279625,5.0,5.0,5.0,5.0,5.142021640338318
314,4.814533233642578,5.0,5.0,5.0,5.303517951486582,5.772541840295507,6.237332733324225
315,5.638404369354248,6.00436480540245,5.0,5.0,5.968889800705817,6.338153788612729,6.662443951152241
316,5.4871087074279785,6.698970004336019,5.0,5.0,5.0,5.148945498979339,5.832233621235863
317,5.346035957336426,5.0,5.0,5.0,5.895766104529767,6.125386129798948,6.502223389960223
318,5.627871036529541,5.0,5.0,5.0,5.0,5.0,5.0
319,4.720064640045166,5.0,5.0,5.0,5.0,5.223837281543842,6.140057981153716
320,5.594259738922119,5.0,5.0,5.0,5.0,5.0,5.142021640338318
321,5.753523349761963,5.0,5.0,5.0,5.0,5.0,5.0
322,5.864400386810303,6.096910013008056,5.0,5.42021640338319,6.657577319177793,7.1249387366083,7.481486060122112
323,5.407719135284424,5.0,5.0,5.0,5.0,5.63741732867143,6.912251986014287
324,4.693483829498291,8.275724130399212,5.0,5.0,5.0,5.0,5.0
325,5.818702220916748,9.187086643357144,5.9901019303030605,6.591647408166742,7.128788772280643,7.208036362993901,7.287283953707157
326,4.950315952301025,5.0,5.0,5.0,5.509691001300805,6.858146007804834,7.63075221594426
327,6.786686420440674,8.602059991327963,5.0,5.769551078621726,7.002632177292251,7.840628610219042,8.59864862673098
328,5.893845558166504,7.0,5.0,5.0,5.26289556697899,5.774816866366195,5.804897680378984
329,5.84170389175415,5.6020599913279625,5.0,5.0,5.0,5.0,5.0
330,5.326184272766113,5.0,5.0,5.0,5.708512583073295,6.456685660619315,8.053554394051933
331,5.420820713043213,5.853871964321762,5.0,5.0,5.101727661233145,5.520030657457415,5.848767903643857
332,5.586877346038818,5.0,5.0,5.0,5.486379853908173,6.0343342855371045,6.377990700976252
333,5.035350322723389,5.0,5.0,5.0,5.0,5.0,5.0
334,5.039303302764893,5.0,5.0,5.0,5.0,5.259497564773153,5.797940008672038
335,5.480827808380127,5.0,5.0,5.0,6.278328604148765,7.086992643672552,7.7605410118764535
336,5.233890056610107,5.0,5.0,5.0,5.0,5.0,5.721246399047171
337,5.183789253234863,5.0,5.0,5.0,5.0,5.033310396709899,6.016753322646608
338,5.300149440765381,5.455931955649724,5.0,5.0,5.0,5.0,5.920818753952375
339,5.798538684844971,7.267606240177032,5.0,5.0,5.0,5.033310396709899,6.016753322646608
340,5.181981563568115,5.0,5.0,5.0,5.0,5.0,5.552841968657781
341,5.580187797546387,5.0,5.0,5.0,5.0,5.0,5.3013094416207345
342,5.63100528717041,5.0,5.0,5.0,5.0,5.0,5.0
343,4.637430667877197,5.0,5.0,5.0,5.0,5.0,5.0
344,5.97247838973999,5.0,5.0,5.0,5.557809882459554,6.481225900025257,7.487317135998911
345,6.137802600860596,5.0,5.0,5.30033623392066,6.271896009882983,6.480994761799621,8.877103382651214
346,5.158596515655518,6.431798275933005,5.142618929405526,5.356547323513812,6.088763051451145,6.454870915419811,6.8209787793884775
347,6.580376148223877,6.823908740944319,5.0,5.0,5.491206246861287,6.546096010217774,8.248901276889617
348,5.52587366104126,5.3979400086720375,5.0,5.0,5.856464859428565,6.2960837014903515,6.823603534477858
349,5.258885860443115,5.0,5.0,5.0,5.303517951486582,5.772541840295507,6.237332733324225
350,5.915969371795654,5.0,5.0,5.287967737291256,7.461462975529174,8.170234422669175,8.401017899130922
351,5.210450649261475,5.0,5.0,5.0,5.0,5.0,5.0
352,5.1909027099609375,5.0,5.0,5.0,5.708512583073295,6.456685660619315,8.053554394051933
353,5.115370750427246,5.0,5.0,5.0,5.184163750790474,5.736655003161901,6.145085676420271
354,5.821561336517334,5.0655015487564325,5.0,5.0,5.4467905147876845,5.723436428713836,7.10110352518409
355,5.651602268218994,5.0,5.0,5.0,5.0,5.371873254973037,5.760661765532939
356,7.590358734130859,9.346787486224656,5.0,5.0,5.0,6.318758762624412,6.5376020021010435
357,5.407703876495361,5.0,5.0,5.261439372640169,5.9076542845912,6.292429823902063,7.125518569371919
358,4.88115119934082,5.0,5.0,5.0,5.0,5.0,5.30945511543382
359,5.074871063232422,5.0,5.0,5.0,5.0,5.0,5.0
360,5.633098125457764,5.0,5.0,5.0,6.036212172654444,6.142667503568731,6.823908740944319
361,5.348617076873779,5.0,5.0,5.0,5.327902142064283,5.638272163982407,5.721246399047171
362,4.97113561630249,5.0,5.0,5.0,5.0,5.0,5.0
363,4.961639881134033,5.0,5.0,5.0,5.0,5.093971785205677,5.226292647534192
364,5.280550479888916,5.0,5.0,5.0,5.0,5.0,5.0
365,5.346187114715576,5.0,5.0,5.0,5.0,5.63741732867143,6.912251986014287
366,5.430887222290039,5.0,5.0,5.0,5.0,5.0,5.0
367,4.721945762634277,5.0,5.0,5.0,5.0,5.0,5.0
368,5.275998115539551,5.0,5.0,5.0,5.0,5.026200619502573,5.429169121047358
369,5.1410956382751465,5.42021640338319,5.0,5.06246936830415,5.20446769648675,5.2839966563652006,5.389423339022647
370,4.613871097564697,5.0,5.0,5.0,5.0,5.0,5.009691001300806
371,5.052150249481201,5.0,5.0,5.122062572163754,5.770689473640969,5.900566781122885,5.985661382193382
372,5.380093097686768,5.0,5.0,5.0,5.8287368785571365,5.96832750158095,6.4859366274865184
373,5.227268695831299,6.301029995663981,5.0,5.0,5.0,5.0,5.0
374,5.2867960929870605,5.0,5.0,5.0,5.0,5.0,5.0
375,5.246195316314697,6.229147988357855,5.142618929405526,5.356547323513812,6.088763051451145,6.454870915419811,6.8209787793884775
376,5.2239813804626465,5.0,5.0,5.0,5.0,5.0,5.009691001300806
377,5.095010757446289,5.0,5.0,5.0,5.210108201691595,5.42021640338319,5.5707314012151805
378,5.6075873374938965,5.0,5.0,5.0,5.708512583073295,6.456685660619315,8.053554394051933
379,7.010423183441162,5.036212172654444,5.0,5.0,5.0,5.327902142064283,6.2076083105017466
380,5.192952632904053,5.0,5.0,5.0,5.7447274948966935,6.026872146400302,6.5376020021010435
381,5.189602851867676,6.275724130399211,5.048825028865502,5.122062572163754,5.170887601029256,5.195300115462007,5.219712629894758
382,5.146636962890625,5.0,5.0,5.0,5.0201454878767855,5.7447274948966935,6.035290537142854
383,5.510386943817139,5.040958607678906,5.0,5.0,5.708512583073295,6.456685660619315,8.053554394051933
384,6.02987813949585,6.6777807052660805,5.0,5.0,5.184163750790474,5.736655003161901,6.145085676420271
385,6.471416473388672,7.337242168318426,5.0,5.0,5.708512583073295,6.456685660619315,8.053554394051933
386,4.778670787811279,5.0,5.0,5.0,5.0,5.0,5.0
387,4.865664482116699,5.0,5.0,5.0,5.0,5.259497564773153,5.797940008672038
388,6.014526844024658,7.823908740944319,5.0,5.0,5.583745543646882,6.167491087293763,6.433230545814891
389,5.214965343475342,6.221848749616356,5.0,5.0,5.0,5.0,5.0
390,5.347349166870117,5.0,5.0,5.0,6.081359291354222,6.4035294254543444,6.620538427799027
391,5.576794624328613,5.0,5.0,5.0,5.0,5.0,5.07535014192042
392,6.032766819000244,7.013228265733755,5.0,5.42021640338319,6.657577319177793,7.1249387366083,7.481486060122112
393,5.081424236297607,5.0,5.0,5.0,5.0,5.0,5.701172650495527
394,5.450911998748779,5.0,5.0,5.0,5.0,5.4120961494762785,7.102653267113967
395,5.050242900848389,5.0,5.0,5.0,5.0,5.0,5.0
396,5.885685443878174,5.0,5.045829597671571,5.568636235841013,7.83670401387526,7.959176003468815,8.440949163483824
397,5.409816265106201,5.0,5.0,5.0,5.481647993062369,5.786415255761733,6.111946779547825
398,5.044465065002441,5.0,5.0,5.0,5.0,5.241230752217968,5.6218487496163565
399,5.992830753326416,5.0,5.0,5.0,5.0,5.0,5.638272163982407
400,5.047505855560303,5.229147988357856,5.0,5.0,5.008092190762393,5.555595640645169,6.751306992442353
401,6.204481601715088,5.853871964321762,5.0,5.287967737291256,7.461462975529174,8.170234422669175,8.401017899130922
402,5.064945697784424,5.42021640338319,5.0,5.0,5.0,5.0,5.634010660811674
403,5.213862419128418,5.200659450546418,5.0,5.0,5.003621217265445,5.088723738510172,5.694820453954792
404,4.808488368988037,5.0,5.0,5.0,5.0,5.0,5.342800251070619
405,5.5155463218688965,5.0,5.048825028865502,5.122062572163754,5.170887601029256,5.195300115462007,5.219712629894758
406,5.918635845184326,5.508638306165727,5.0,5.0,5.101727661233145,5.520030657457415,5.848767903643857
407,5.760437488555908,5.0,5.0,5.0,5.0,5.0,5.0
408,6.0471510887146,5.3872161432802645,5.0,5.769551078621726,7.002632177292251,7.840628610219042,8.59864862673098
409,5.7591166496276855,5.0,5.0,5.18837535480105,6.30571692463636,6.7661930404308706,7.007023843501842
410,5.400028705596924,5.920818753952375,5.0,5.0,5.1916350977420995,5.494997974617254,5.904956590427026
411,5.815117359161377,5.0,5.0,5.0,5.958607314841775,6.070581074285707,6.113509274827518
412,5.367656230926514,5.0,5.0,5.0,5.7162920156096675,6.038747677265481,6.6638798638515
413,5.049824237823486,5.0,6.076163040999861,6.170565203899018,6.233499979165125,6.264967366798177,6.29643475443123
414,6.512831211090088,5.207608310501746,5.0,5.0,5.0,5.0,5.0
415,4.693370342254639,5.0,5.0,5.0,5.0201454878767855,5.7447274948966935,6.035290537142854
416,5.175795555114746,5.0,5.0,5.0,5.0,5.0,5.035654732351381
417,5.817957878112793,5.0,5.0,5.928180382362728,6.772577569995745,7.568636235841013,8.324875990832918
418,5.53700065612793,5.259637310505756,5.0,5.0,5.446836496938015,5.7447274948966935,5.82193565197116
419,5.618931293487549,5.0,5.0,5.0,5.150741978564387,5.449959733306949,6.1009273341251244
420,5.144542694091797,5.0,5.0,5.0,5.139794000867203,5.559176003468815,5.819382002601611
421,5.831186771392822,6.6777807052660805,5.0,5.0,5.0,5.0,5.0
422,5.2090582847595215,6.337242168318426,5.0,5.0,5.802345300991055,6.353045584831895,6.507703977970893
423,4.838550090789795,5.0,5.0,5.0,5.0,5.0,5.0
424,4.8342766761779785,5.0,5.0,5.0,5.0,5.0,5.055517327849831
425,5.445084095001221,5.0,5.0,5.0,5.0,5.356547323513812,6.795880017344075
426,6.788792610168457,7.853871964321762,5.00261888324147,5.429118384862106,5.882751518246458,5.969390180020549,6.056028841794641
427,4.877800464630127,5.0,5.0,5.0,5.0201454878767855,5.7447274948966935,6.035290537142854
428,5.351325988769531,5.0,5.0,5.0,5.1654344782395265,5.406258474770712,5.695764207919511
429,5.143895149230957,5.0,5.0,5.0,5.486379853908173,6.0343342855371045,6.377990700976252
430,4.695728302001953,5.0,5.0,5.0,5.0638272163982405,5.255308865592963,5.4467905147876845
431,5.935055732727051,5.0,5.0,5.0,5.0,5.0,5.0
432,5.665403366088867,5.0,5.0,5.0,5.747866492601998,6.276799720315459,6.5119362786376165
433,4.700061798095703,5.0,5.0,5.0,5.2543191530828635,5.508638306165727,5.56421353222706
434,5.480346202850342,5.0,5.0,5.0,5.0,5.0,5.0
435,4.984678268432617,5.0,5.0,5.0,5.0,5.0,5.603455322466291
436,5.648751735687256,5.0,5.0,5.0,5.0,5.0,5.085387196432176
437,5.218231678009033,5.2441251443275085,5.0,5.0,5.0,5.0,5.721246399047171
438,7.076737880706787,8.481486060122112,5.0,5.614942352606449,7.844835868359313,8.098999141397796,9.13106355737751
439,6.329075336456299,6.275724130399211,5.0,5.0,5.708512583073295,6.456685660619315,8.053554394051933
440,6.641118049621582,6.853871964321762,5.0,5.42021640338319,6.657577319177793,7.1249387366083,7.481486060122112
441,5.061618328094482,5.0,5.048825028865502,5.122062572163754,5.170887601029256,5.195300115462007,5.219712629894758
442,5.0469746589660645,5.0,5.0,5.0,5.0,5.0802637802185675,5.370649559108152
443,5.235922336578369,5.0,5.0,5.0,5.1916350977420995,5.494997974617254,5.904956590427026
444,5.358810901641846,5.0,5.0,5.0,5.0,5.0,5.0
445,4.762065410614014,5.638272163982407,5.0,5.0,5.832079254105832,6.155946574837715,6.577685037796933
446,4.858891010284424,5.0,5.0,5.0,5.958607314841775,6.070581074285707,6.113509274827518
447,5.4463677406311035,5.0,5.0,5.0,5.201449578395039,6.139488794400743,6.543303570590206
448,4.915585041046143,5.0,5.0,5.0,5.0,5.552491252371425,6.617810671064914
449,6.636188983917236,5.0,5.0,5.928180382362728,6.772577569995745,7.568636235841013,8.324875990832918
450,5.2089056968688965,5.0,5.0,5.0,5.623884751944768,6.010375075152911,6.169468565440889
451,5.9435014724731445,5.0,5.0,5.0,5.0,5.0,5.0
452,5.492716312408447,5.0,5.0,5.0,5.0,5.0,5.920818753952375
453,5.198202133178711,5.0,5.0,5.0,5.519066146175629,5.670701335829286,5.787170498505568
454,5.184814453125,5.0,5.0,5.0,5.0,5.0,5.3872161432802645
455,4.935697078704834,5.0,5.0,5.0,5.0,5.084043280676638,5.252129842029914
456,5.9681267738342285,5.853871964321762,5.0,5.0,5.0,5.552491252371425,6.7251911251650505
457,6.468383312225342,6.920818753952375,5.0,5.42021640338319,6.657577319177793,7.1249387366083,7.481486060122112
458,5.234645366668701,5.0,5.0,5.0,5.0,5.0,5.920818753952375
459,5.179296016693115,5.0,5.0,5.0,5.0,5.0,5.0
460,5.54330587387085,6.1938200260161125,5.0,5.0,6.068377979021429,6.7791897757223625,7.668920260392717
461,5.999006748199463,6.481486060122113,5.0,5.0,5.583745543646882,6.167491087293763,6.433230545814891
462,5.415041446685791,5.0,5.0,5.0,5.0,5.0,5.0
463,5.379786968231201,5.0,5.0,5.0,5.876329286972975,7.012697251504221,7.26494905424264
464,5.095599174499512,7.119186407719209,5.0,5.0,5.0,5.0,5.0
465,6.573133945465088,5.0,5.0,5.42021640338319,6.657577319177793,7.1249387366083,7.481486060122112
466,5.165253162384033,5.0,5.0,5.0,5.346395015176065,5.658146007804834,6.182811806226959
467,5.642583847045898,5.0,5.0,5.30033623392066,6.271896009882983,6.480994761799621,8.877103382651214
468,5.482756614685059,5.0,5.0,5.0,5.0,5.0,5.003509569723002
469,6.988386154174805,6.337242168318426,5.0,5.0,5.0,5.0,5.30945511543382
470,5.096917629241943,5.0,5.0,5.0,6.081359291354222,6.4035294254543444,6.620538427799027
471,5.872334957122803,5.0,5.0,5.0,7.035625007497918,7.38004376813455,7.604730444456747
472,4.937961101531982,5.0,5.0,5.0,5.0,5.3707743928643525,6.112323178593057
473,5.060390472412109,5.0,5.0,5.0,5.159379381312206,5.318758762624412,5.988168040901103
474,6.083456039428711,5.0,5.0,5.42021640338319,6.657577319177793,7.1249387366083,7.481486060122112
475,6.3747878074646,5.301029995663981,5.0,5.287967737291256,7.461462975529174,8.170234422669175,8.401017899130922
476,5.417735576629639,5.0,5.0,5.0,5.856464859428565,6.2960837014903515,6.823603534477858
477,6.2227654457092285,7.267606240177032,5.0,5.928180382362728,6.772577569995745,7.568636235841013,8.324875990832918
478,5.2546515464782715,5.0,5.0,5.0,5.0,5.51359866254608,6.637319323763178
479,5.052011966705322,5.0,5.0,5.0,5.0,5.0,5.055517327849831
480,5.585946559906006,6.638272163982407,5.0,5.0,6.315831350852757,7.387503458885711,8.024315496631102
481,4.939628601074219,5.455931955649724,5.0,5.0,5.0,5.0,5.346395015176066
482,5.144586086273193,5.0,5.0,5.0,5.0,5.0,5.07535014192042
483,5.626673221588135,5.0,5.0,5.0,5.0,5.0,5.0
484,5.066654682159424,5.0,5.0,5.0,5.101727661233145,5.520030657457415,5.848767903643857
485,5.609717845916748,5.0,5.0,5.0,5.0,5.0,6.07116140690399
486,4.7970967292785645,5.0,5.0,5.0,5.336173122706551,5.502471299162677,5.940909367734202
487,5.111495494842529,5.0,5.0,5.0,5.0,5.0,5.0
488,6.176525592803955,10.431798275933005,5.0,5.42021640338319,6.657577319177793,7.1249387366083,7.481486060122112
489,5.987339496612549,6.022276394711152,5.0,5.0,5.0,5.0,5.0
490,4.790811061859131,5.0,5.0,5.0,5.0,5.0,5.0
491,4.8748393058776855,5.0,5.0,5.0,5.844698206593385,6.011255601796691,6.26164275048356
492,5.290207386016846,5.0,5.0,5.0,6.368669355166785,6.609493351697969,7.040192160757503
493,5.9636616706848145,5.0,5.0,5.0,5.0,5.0,5.0
494,5.0272417068481445,5.0,5.0,5.0,5.0,5.0,5.0
495,5.166342258453369,5.0,5.0,5.0,5.0,5.0,5.0
496,6.000926494598389,5.0,5.0,5.292429823902063,5.801396958063174,6.210789396402983,6.471963329792007
497,6.220052242279053,5.0,5.0,5.0,5.769551078621726,7.5376020021010435,7.585026652029182
498,5.883483409881592,5.0,5.0,5.698970004336019,7.251811972993799,7.301029995663981,7.301029995663981
499,6.028839588165283,5.0,5.0,5.0,5.0,5.0,5.0
500,5.154830455780029,5.0,5.0,5.0,5.0,5.0,5.288498559618869
501,5.503342151641846,5.207608310501746,5.0,5.0,5.519066146175629,5.670701335829286,5.787170498505568
502,7.379422187805176,7.823908740944319,5.6936512982466265,6.821318484692428,7.295062717774298,7.354829414764048,7.459720859977528
503,6.1849212646484375,7.318758762624412,5.0,5.0,5.596490607097571,6.025706859412084,6.4526793486171155
504,5.65085506439209,6.173925197299173,5.0,5.42021640338319,6.657577319177793,7.1249387366083,7.481486060122112
505,5.313050746917725,5.0,5.0,5.0,5.075720713938118,6.214670164989233,6.327902142064283
506,5.099589824676514,5.0,5.0,5.0,5.0,5.0,5.0
507,5.290030002593994,5.0,5.0,5.0,5.0,5.0,5.003509569723002
508,5.252230167388916,5.0,5.0,5.0,5.717948779044448,6.154656928386707,6.8675683249985315
509,4.866279125213623,5.0,5.0,5.0,5.0,5.0,5.60806164392009
510,6.030654430389404,5.0,5.0,5.0,5.0,5.0,5.603455322466291
511,5.997622489929199,6.251811972993799,5.0,5.0,5.230865323586517,5.820867764665735,6.715554367524456
512,5.459781169891357,5.0,5.0,5.0,5.0,5.508638306165727,6.451544993495972
513,5.567494869232178,5.0,5.0,5.0,5.0638272163982405,5.255308865592963,5.4467905147876845
514,5.135462284088135,5.0,5.0,5.0,5.0,5.0916591953431425,5.269678045872886
515,5.2002153396606445,5.958607314841775,5.0,5.0,5.583745543646882,6.167491087293763,6.433230545814891
516,5.77486515045166,5.619788758288394,5.0,5.465907069126919,6.809959463326123,7.481647993062371,7.70932775827525
517,5.360757350921631,5.0,5.0,5.0,5.0,5.0,5.920818753952375
518,5.125121593475342,5.0,5.0,5.0,5.0,5.552491252371425,6.7251911251650505
519,4.90838098526001,5.0,5.0,5.0,5.0,5.0,5.003509569723002
520,5.4934611320495605,5.0,5.0,5.0,5.309772914624212,5.785123056544632,6.580936883073365
521,5.288989543914795,5.346787486224656,5.0,5.0,5.0,5.0,5.0
522,5.125525951385498,5.0,5.0,5.0,5.0,5.0,5.0
523,5.578367710113525,5.0,5.0,5.0,5.481515245560481,5.850820228732402,6.0963131810635645
524,4.949069023132324,5.0,5.0,5.0,5.0,5.0,5.07535014192042
525,5.662867069244385,5.0,5.0,5.346787486224656,6.443697499232712,7.1938200260161125,7.920818753952375
526,4.974412441253662,5.0,5.0,5.0,5.0,5.552491252371425,6.617810671064914
527,5.420248031616211,5.0,5.0,5.0,5.0,5.0,5.0
528,4.987089157104492,5.0,5.0,5.0,5.958607314841775,6.0,6.022276394711152
529,5.176620960235596,5.0,5.0,5.0,5.0,5.576997119237737,5.915076914552607
530,6.175075054168701,5.0,5.0,5.030240373690691,5.979796630032903,6.440875561547003,6.637736343307488
531,5.275747299194336,5.0,5.0,5.0,6.068377979021429,6.7791897757223625,7.668920260392717
532,5.443134784698486,6.0,5.0,5.0,5.708512583073295,6.456685660619315,8.053554394051933
533,5.422208309173584,5.0,5.0,5.0,5.0,5.0,5.0
534,6.0031657218933105,7.292429823902063,5.0,5.0,5.738738546094465,6.547883699278268,7.436625011876349
535,5.42821741104126,5.0,5.048825028865502,5.122062572163754,5.170887601029256,5.195300115462007,5.219712629894758
536,4.998234272003174,5.494850021680094,5.0,5.0,5.6445731277666615,5.951049602663894,6.020045663244449
537,5.0011677742004395,5.0,5.0,5.0,5.0,5.0,5.267606240177032
538,5.0084452629089355,5.0,5.0,5.0,5.0,5.0,5.0
539,6.292578220367432,6.455931955649724,5.0,5.287967737291256,7.461462975529174,8.170234422669175,8.401017899130922
540,5.157895565032959,5.0,5.0,5.0,5.958607314841775,6.070581074285707,6.113509274827518
541,5.532535552978516,8.522878745280337,5.0,5.0,5.0,5.0,5.0
542,6.026783466339111,5.0,5.0,5.30033623392066,6.271896009882983,6.480994761799621,8.877103382651214
543,5.899783134460449,7.075720713938118,5.0,5.0,5.0,5.0,5.346395015176066
544,6.271846294403076,6.42021640338319,5.0,6.481486060122113,7.734530109732988,8.275008751784874,8.346813140313207
545,5.238856792449951,5.0,5.0,5.0,6.010237290870956,6.118490746653228,6.2535212480354065
546,5.159149646759033,5.0,5.0,5.0,5.0,5.0,5.4604093769761874
547,6.085858345031738,5.920818753952375,5.0,5.42021640338319,6.657577319177793,7.1249387366083,7.481486060122112
548,5.238807678222656,5.0,5.0,5.0,5.0,5.0,5.0
549,5.99205207824707,5.0,5.0,5.0,5.0,5.63741732867143,6.912251986014287
550,5.624848365783691,5.187086643357144,5.0,5.0,5.340823996531185,5.727202434050302,5.828575698611751
551,5.237792491912842,5.0,5.0,5.0,5.481647993062369,5.786415255761733,6.111946779547825
552,7.07208776473999,7.008773924307505,5.0,5.0,5.0,5.0,5.0
553,5.508182048797607,6.657577319177793,5.0,5.0,6.010237290870956,6.118490746653228,6.2535212480354065
554,5.974053859710693,5.4089353929735005,5.0,5.0,5.6869396686154365,6.036964173972116,6.7003820015986735
555,4.91579008102417,5.0,5.0,5.0,5.0,5.034785039459835,5.5334877854314275
556,6.888077259063721,8.823908740944319,5.0,5.287967737291256,7.461462975529174,8.170234422669175,8.401017899130922
557,5.218474388122559,5.0,5.0,5.0,5.0,5.0,5.0
558,6.265390396118164,7.309803919971486,5.0,5.287967737291256,7.461462975529174,8.170234422669175,8.401017899130922
559,4.855291843414307,5.0,5.0,5.0,5.0,5.0,5.0
560,5.017073631286621,5.0,5.0,5.0,5.0,5.0,5.342800251070619
561,5.075805187225342,5.0,5.0,5.0,5.0,5.0,5.0
562,6.056969165802002,5.318758762624412,5.0,5.0,5.0,5.0,5.129818655252878
563,5.895334243774414,6.2839966563652006,5.0,5.0,5.0,5.1925944240488455,5.658495156981774
564,5.256141185760498,5.0,5.0,5.0,5.0,5.071309464702763,5.2139283941082875
565,4.701667308807373,5.0,5.0,5.0,5.0,5.0,5.0
566,5.493879795074463,5.0,5.0,5.0,5.0,5.05679933127304,5.4839966563652
567,6.212585926055908,5.0,5.0,5.287967737291256,7.461462975529174,8.170234422669175,8.401017899130922
568,4.493323802947998,5.0,5.0,5.0,5.0,5.0,5.119382002601611
569,5.491293430328369,5.0,5.0,5.0,5.335556141053215,6.342224564212866,7.434122917496055
570,6.52561616897583,7.619788758288394,5.0,5.0,5.0,5.0,5.287582194452533
571,6.101986408233643,6.552841968657781,5.0,5.457176355851572,5.760374041286161,5.882984820353755,6.11948012689327
572,5.679977893829346,5.0,5.0,5.0,5.0,5.0,5.0
573,4.8806891441345215,5.0,5.0,5.0,5.0,5.0,5.0
574,5.596484661102295,7.013228265733755,5.0,5.0,5.0,5.223837281543842,5.671511844631525
575,5.8974289894104,5.886056647693163,5.0,5.0,5.0,5.084043280676638,5.252129842029914
576,4.8460307121276855,5.0,5.0,5.0,5.0,5.0,5.0
577,4.9412522315979,5.0,5.0,5.0,5.26289556697899,5.774816866366195,5.804897680378984
578,5.075676441192627,5.0,5.0,5.0,5.0,5.0,5.0
579,5.612273216247559,5.0,5.0,5.0,5.768744396507357,6.052401239005146,7.4183227671325565
580,5.155228137969971,5.0,5.1654344782395265,5.378605095260662,5.525419329505139,5.657219137654218,5.789018945803296
581,5.841719150543213,5.0,5.0,5.0,5.0,5.768718582206093,6.934458917154219
582,6.98984956741333,7.376750709602099,5.0,5.0,5.0,5.0,5.1
583,5.467519283294678,5.0,5.0,5.0,6.315831350852757,7.387503458885711,8.024315496631102
584,5.2490715980529785,5.0,5.0,5.0,5.6020599913279625,5.7447274948966935,5.886056647693163
585,4.62076997756958,5.0,5.0,5.0,5.0,5.0,5.0
586,4.99202823638916,5.0,5.0,5.0,5.0,5.0,5.0
587,5.1820831298828125,5.0,5.0,5.0,5.0,5.0,5.0
588,5.345754623413086,5.0,5.0,5.0,5.0,5.0,5.186847479451571
589,5.206785678863525,5.0,5.0,5.0,5.0,5.51359866254608,6.637319323763178
590,5.028345584869385,5.468521082957745,5.0,5.0,5.0,5.886324317847616,6.185228563145452
591,5.509802341461182,5.207608310501746,5.0,5.0,6.315831350852757,7.387503458885711,8.024315496631102
592,5.355932712554932,5.0,5.0,5.0,5.0,5.0,5.0
593,6.632960796356201,6.638272163982407,5.0,5.42021640338319,6.657577319177793,7.1249387366083,7.481486060122112
594,5.20404577255249,5.259637310505756,5.0,5.0,5.708512583073295,6.456685660619315,8.053554394051933
595,5.3555097579956055,5.161150909262744,5.0,5.309894379144197,6.0491978875360894,6.32765564127649,6.517658239483867
596,5.527797222137451,7.3979400086720375,5.0,5.0,5.708512583073295,6.456685660619315,8.053554394051933
597,5.232269287109375,5.0,5.0,5.0,5.6869396686154365,6.036964173972116,6.7003820015986735
598,6.38150691986084,7.055517327849832,5.0,5.0,6.368669355166785,6.609493351697969,7.040192160757503
599,4.915628433227539,5.0,5.0,5.0,5.0,5.0,5.638272163982407
600,5.300532817840576,5.0,5.0,5.0,5.0,5.103854924202302,5.3616200641289495
601,7.4595818519592285,6.958607314841775,5.0,5.0,5.0,5.0,5.0
602,5.523999214172363,5.0,5.0,5.309894379144197,6.0491978875360894,6.32765564127649,6.517658239483867
603,5.23500394821167,5.0,5.0,5.0,5.340823996531185,5.727202434050302,5.828575698611751
604,5.090134620666504,5.0,5.0,5.0,5.6,6.671112282106433,7.686473844022299
605,5.3759541511535645,5.0,5.0,5.0,5.0,5.0,5.955056020812891
606,5.664997577667236,5.0,5.455931955649724,6.839926856944473,7.240743030061056,7.522878745280337,8.002182402701225
607,5.313005447387695,5.0,5.0,5.0,5.075720713938118,6.214670164989233,6.327902142064283
608,5.267405033111572,5.376750709602099,5.0,5.0,5.0,5.0,5.0
609,4.713761329650879,5.0,5.0,5.0,5.0,5.0,5.0
610,5.804950714111328,5.0,5.0,5.0,5.342883161099869,5.813915343413893,5.936172597251873
611,5.88154935836792,5.0,5.0,5.769551078621726,7.002632177292251,7.840628610219042,8.59864862673098
612,5.5480170249938965,5.3872161432802645,5.0,5.42021640338319,6.657577319177793,7.1249387366083,7.481486060122112
613,5.977381229400635,5.0,5.0,5.0,5.309772914624212,5.785123056544632,6.580936883073365
614,4.79266881942749,5.0,5.0,5.0,5.0,5.0,5.0
615,5.7622389793396,7.455931955649724,5.0,5.0,5.0,5.241230752217968,5.6218487496163565
616,4.853822231292725,5.0,5.0,5.0,5.951015991217508,6.669367998155139,6.845855511987395
617,5.39502477645874,5.0,5.0,5.0,5.327902142064283,5.638272163982407,5.721246399047171
618,6.503743648529053,5.3979400086720375,5.6936512982466265,6.821318484692428,7.295062717774298,7.354829414764048,7.459720859977528
619,5.27988862991333,5.0,5.0,5.0,5.0,5.0,5.0
620,4.546377182006836,5.0,5.0,5.0,5.0,5.0,5.0795880017344075
621,6.162811756134033,7.142667503568731,5.0,5.292429823902063,5.801396958063174,6.210789396402983,6.471963329792007
622,6.175087928771973,8.958607314841775,5.0,6.299299729609228,7.56968241169672,7.787170498505569,7.910390122074611
623,5.118323802947998,5.0,5.0,5.0,5.0,5.0,5.0
624,6.05104923248291,5.823908740944319,5.0,5.0,5.0,5.223837281543842,6.140057981153716
625,4.936522960662842,5.0,5.0,5.0,5.346395015176065,5.658146007804834,6.182811806226959
626,5.769093036651611,8.086186147616283,5.0,5.0,5.26935749724493,6.077429988979726,6.5496212774634985
627,5.4260125160217285,5.3979400086720375,5.0,5.0,5.346395015176065,5.658146007804834,6.182811806226959
628,5.052349090576172,5.0,5.0,5.0,5.068105564896511,5.409654350625216,6.169457226644011
629,5.4871134757995605,5.040958607678906,5.0,5.0,5.576736118661023,5.901436751350764,6.360123729071389
630,5.237432956695557,5.0,5.1654344782395265,5.378605095260662,5.525419329505139,5.657219137654218,5.789018945803296
631,5.159428119659424,5.0,5.0,5.0,5.095627628787324,5.403952509078869,5.807929816367233
632,5.183197021484375,5.0,5.0,5.227965977824862,5.529434997455911,5.5376020021010435,5.642138395778679
633,5.244588375091553,5.0,5.0,5.0,5.184163750790474,5.736655003161901,6.145085676420271
634,4.671965599060059,5.0,5.0,5.0,5.0,5.0,5.0
635,5.202967166900635,5.0,5.0,5.0,5.0,5.886324317847616,6.185228563145452
636,5.708985328674316,5.0,5.0,5.0,5.0,5.0,5.287582194452533
637,4.885092258453369,5.0,5.0,5.0,5.0,5.0,5.0
638,5.060298442840576,5.0,5.0,5.0,5.0,5.0,5.20144957839504
639,5.1741180419921875,5.0,5.0,5.30033623392066,6.271896009882983,6.480994761799621,8.877103382651214
640,4.972670078277588,5.0,5.0,5.0,5.0,5.0,5.0
641,5.072306156158447,5.0,5.0,5.0,5.0,5.0,5.3191360819912035
642,6.247974872589111,8.309803919971486,5.015144142787624,5.6777807052660805,6.359508994354129,6.896667784042121,7.4288753542995805
643,6.261349678039551,5.366531544420414,5.0,5.0,5.1916350977420995,5.494997974617254,5.904956590427026
644,4.9315056800842285,6.886056647693163,5.0,5.0,5.0,5.0,5.468521082957745
645,5.530486583709717,5.585026652029182,5.0,5.0,5.0,5.0,5.0
646,4.969295024871826,5.0,5.0,5.0,5.576736118661023,5.901436751350764,6.360123729071389
647,5.731617450714111,5.0,5.0,5.0,5.0,5.0,5.305182983699436
648,5.718652248382568,8.853871964321762,5.0,5.346787486224656,6.443697499232712,7.1938200260161125,7.920818753952375
649,5.029167175292969,5.0,5.0,5.0,5.112251986014286,5.333388773477399,5.569928007722705
650,5.503101825714111,5.0,5.0,5.0,6.368669355166785,6.609493351697969,7.040192160757503
651,6.047162055969238,6.958607314841775,5.0,5.0,5.0,5.63741732867143,6.912251986014287
652,5.351795673370361,5.0,5.0,5.0,5.5376020021010435,5.721246399047171,6.026872146400302
653,6.426621913909912,5.0,5.0,5.0,5.708512583073295,6.456685660619315,8.053554394051933
654,7.29586935043335,6.107905397309519,5.0,5.42021640338319,6.657577319177793,7.1249387366083,7.481486060122112
655,4.559140682220459,5.0,5.0,5.0,5.0,5.0,5.0
656,5.5017290115356445,5.0,5.0,5.0,5.0,5.0,5.186847479451571
657,5.106053829193115,5.0,5.0,5.0,5.0,5.371873254973036,6.369608053117638
658,5.06353235244751,5.0,5.0,5.0,5.0,5.0,5.0
659,5.531351566314697,5.0,5.0,5.0,5.0,5.494850021680094,5.698970004336019
660,6.576101779937744,5.0,5.0,5.0,5.0,5.0,5.955056020812891
661,5.076744556427002,5.0,5.0,5.0,5.346395015176065,5.658146007804834,6.182811806226959
662,5.845634937286377,5.0,5.0,5.0,5.0,5.0,5.045403709931007
663,5.259576797485352,5.0,5.0,5.0,6.068377979021429,6.7791897757223625,7.668920260392717
664,4.797202110290527,5.0,5.0,5.0,5.0,5.259078965559803,6.099531988906442
665,6.185673236846924,5.7447274948966935,5.0,5.0,5.0,6.42021640338319,6.481486060122113
666,5.4884033203125,5.259637310505756,5.0,5.074370825640463,5.6777807052660805,5.93394602718122,7.162746583357596
667,4.902054309844971,5.0,5.0,5.0,5.0,5.0,5.4604093769761874
668,5.585763454437256,6.494850021680094,5.0,5.0,5.0,5.1355561410532165,5.4066684231596485
669,5.213083744049072,5.0,5.0,5.0,5.0,5.63741732867143,6.912251986014287
670,6.952469348907471,8.244125144327509,5.0,5.769551078621726,7.002632177292251,7.840628610219042,8.59864862673098
671,6.418565273284912,5.0,5.0,5.0,5.708512583073295,6.456685660619315,8.053554394051933
672,5.369587421417236,5.508638306165727,5.015144142787624,5.6777807052660805,6.359508994354129,6.896667784042121,7.4288753542995805
673,5.172176837921143,5.0,5.1654344782395265,5.378605095260662,5.525419329505139,5.657219137654218,5.789018945803296
674,7.5182576179504395,7.136677139879544,5.0,6.054231271163718,7.256077439944282,8.1249387366083,8.627853508438662
675,5.507806301116943,5.0,5.0,5.0,5.8327668861431246,6.519126541329726,7.4754624086313655
676,6.1407551765441895,9.267606240177031,5.0,5.769551078621726,7.002632177292251,7.840628610219042,8.59864862673098
677,5.5604987144470215,5.0,5.0,5.18837535480105,6.30571692463636,6.7661930404308706,7.007023843501842
678,4.9591240882873535,5.0,5.0,5.0,5.583745543646882,6.167491087293763,6.433230545814891
679,6.297675609588623,5.481486060122113,5.0,5.129818655252878,5.329481682537159,6.008456040717206,6.535526288668958
680,5.333873271942139,5.0,5.0,5.0,5.0,5.0,5.0
681,5.675879955291748,7.958607314841775,5.0,5.42021640338319,6.657577319177793,7.1249387366083,7.481486060122112
682,5.473373889923096,5.0,5.0,5.0,5.163951071032141,5.327902142064283,6.048726610343005
683,5.343525409698486,5.0,5.0,5.0,5.0,5.0,5.255144826079842
684,5.423938274383545,5.0,5.0,5.0,5.895766104529767,6.125386129798948,6.502223389960223
685,5.344829082489014,5.0,5.0,5.0,5.342883161099869,5.813915343413893,5.936172597251873
686,5.211811542510986,5.017728766960431,5.0,5.0,5.0,5.0,5.3014005676816796
687,5.2062811851501465,5.0,5.0,5.0,5.0,5.0,5.701172650495527
688,5.518068790435791,5.0,5.0,5.0,5.0638272163982405,5.255308865592963,5.4467905147876845
689,5.322529315948486,5.823908740944319,5.0,5.0,5.708512583073295,6.456685660619315,8.053554394051933
690,4.809164524078369,5.0,5.0,5.0,5.0,5.0,5.0
691,5.193809986114502,5.0,5.0,5.0,5.0,5.766026570025314,6.106860737855564
692,5.202035427093506,5.0,5.0,5.0,5.0,5.0,5.0
693,5.766218662261963,6.376750709602099,5.0,5.0,5.0,5.0,5.0
694,4.879255294799805,5.0,5.0,5.0,5.0,5.0,5.0
695,5.556066513061523,5.0,5.0,5.0,5.0,5.0,7.440487994684071
696,6.215848445892334,5.721246399047171,5.0,5.0,5.216373919714151,5.954208448776369,6.926693965314053
697,7.9302825927734375,7.638272163982407,5.0,5.6777807052660805,6.845389193153565,7.339521244880396,8.032755032589993
698,5.168506145477295,5.0,5.0,5.0,5.0,5.0,5.008864383480216
699,5.5295891761779785,6.161150909262744,6.076163040999861,6.170565203899018,6.233499979165125,6.264967366798177,6.29643475443123
700,5.355596542358398,5.0,5.0,5.0,5.0,5.0,5.0
701,4.850081920623779,5.0,5.0,5.0,5.0,5.0,5.119382002601611
702,5.238985061645508,5.0,5.0,5.0,5.329878389978372,5.420171791158,5.575313958251336
703,6.185898303985596,6.619788758288394,5.455931955649724,6.839926856944473,7.240743030061056,7.522878745280337,8.002182402701225
704,5.477205276489258,5.5376020021010435,5.0,5.0,5.26289556697899,5.774816866366195,5.804897680378984
705,4.870177745819092,5.0,5.0,5.0,5.342883161099869,5.813915343413893,5.936172597251873
706,6.737220287322998,7.455931955649724,5.0,5.769551078621726,7.002632177292251,7.840628610219042,8.59864862673098
707,7.347980976104736,6.920818753952375,5.6936512982466265,6.821318484692428,7.295062717774298,7.354829414764048,7.459720859977528
708,4.992785930633545,5.0,5.0,5.0,5.101727661233145,5.717368524130526,6.277112444960014
709,5.190842151641846,5.0,5.00261888324147,5.429118384862106,5.882751518246458,5.969390180020549,6.056028841794641
710,4.958044052124023,5.0,5.0,5.0,5.0,5.0,5.008864383480216
711,5.377441883087158,5.0,5.0,5.0,5.0,5.223837281543842,5.671511844631525
712,5.064337253570557,5.0,5.0,5.0,5.0,5.301727661233146,6.61798047468195
713,5.5918073654174805,5.0,5.0,5.0,5.336173122706551,5.502471299162677,5.940909367734202
714,5.633159160614014,5.920818753952375,5.0,5.0,5.0,5.0,5.0
715,6.212585926055908,5.0,5.0,5.287967737291256,7.461462975529174,8.170234422669175,8.401017899130922
716,4.9047064781188965,5.0,5.0,5.0,5.0,5.576997119237737,5.915076914552607
717,7.061306476593018,5.823908740944319,5.0,5.0,5.0,5.0,5.180617997398389
718,5.475949764251709,5.443697499232712,5.0,5.0,5.958607314841775,6.0,6.022276394711152
719,5.5153937339782715,7.3872161432802645,5.0,5.42021640338319,6.793384992580273,7.137875212617382,7.140271358093056
720,4.780001163482666,5.0,5.0,5.0,5.0,5.0,5.0
721,6.254326343536377,6.619788758288394,5.0,5.0,5.557809882459554,6.481225900025257,7.487317135998911
722,5.605330944061279,7.00436480540245,5.0,5.0,5.0,5.0,5.297890997958678
723,5.356923580169678,8.045757490560675,5.0,5.0,5.0,5.093971785205677,5.226292647534192
724,5.367838382720947,5.0,5.0,5.0,5.481647993062369,5.786415255761733,6.111946779547825
725,5.673915386199951,5.795880017344075,5.0,5.42021640338319,6.657577319177793,7.1249387366083,7.481486060122112
726,5.024796962738037,5.0,5.0,5.0,5.0,5.0,5.314266750356872
727,5.381774425506592,5.4089353929735005,5.0,5.0,5.0,5.0,5.142021640338318
728,4.964648723602295,5.0,5.0,5.0,5.0,5.0,5.045403709931007
729,4.9808125495910645,6.173925197299173,5.0,5.0,5.0638272163982405,5.255308865592963,5.4467905147876845
730,5.02370548248291,5.0,5.0,5.261439372640169,5.9076542845912,6.292429823902063,7.125518569371919
731,4.956091403961182,5.0,5.0,5.0,5.0,5.0,5.6777807052660805
732,5.384708404541016,6.318758762624412,5.0,5.0,5.0,5.766026570025314,6.106860737855564
733,6.573133945465088,5.0,5.0,5.42021640338319,6.657577319177793,7.1249387366083,7.481486060122112
734,5.6131110191345215,5.0,5.0,5.0,5.0,5.371873254973036,6.369608053117638
735,5.202906131744385,5.0,5.0,5.0,5.0,5.0,6.07116140690399
736,5.337800979614258,5.0,5.0,5.0,5.0,5.0,5.186847479451571
737,4.599489688873291,5.0,5.0,5.0,5.958607314841775,6.070581074285707,6.113509274827518
738,4.863951206207275,5.886056647693163,5.0,5.0,5.0,5.071309464702763,5.2139283941082875
739,5.843660354614258,5.0,5.0,5.0,5.0,5.0,5.267606240177032
740,4.71913480758667,5.0,5.0,5.0,5.0,5.0,5.0
741,5.3272385597229,5.0,5.0,5.0,5.708512583073295,6.456685660619315,8.053554394051933
742,5.094841003417969,5.0,5.0,5.0,5.0,5.0,5.955056020812891
743,6.008724689483643,6.0915149811213505,5.0,5.0,5.0,5.886324317847616,6.185228563145452
744,4.957036018371582,5.0,5.0,5.0,5.0,5.0,5.721246399047171
745,5.340329647064209,5.0,5.0,5.0,5.0,5.093971785205677,5.226292647534192
746,5.110447406768799,5.0,5.0,5.0,5.0,5.0,5.70446769648675
747,5.337981700897217,5.0,5.0,5.0,5.708512583073295,6.456685660619315,8.053554394051933
748,5.399379253387451,5.0,5.0,5.0,5.509691001300805,6.858146007804834,7.63075221594426
749,7.006894588470459,6.229147988357855,5.0,5.0,5.0,5.1925944240488455,5.658495156981774
750,4.977914333343506,5.0,5.0,5.0,5.5376020021010435,5.721246399047171,6.026872146400302
751,5.962631702423096,6.366531544420414,5.0,5.769551078621726,7.002632177292251,7.840628610219042,8.59864862673098
752,5.348309516906738,5.0,5.0,5.0,5.0,5.03236876304957,5.148780806775779
753,5.0875630378723145,5.0,5.0,5.0,5.0,5.012096149476276,5.089111421265709
754,6.422195911407471,5.0,5.0,5.698970004336019,7.251811972993799,7.301029995663981,7.301029995663981
755,6.4115166664123535,5.481486060122113,5.0,5.42021640338319,6.657577319177793,7.1249387366083,7.481486060122112
756,5.260005950927734,5.0,5.0,5.0,5.0,5.0,5.0
757,6.0471510887146,6.119186407719209,5.0,5.769551078621726,7.002632177292251,7.840628610219042,8.59864862673098
758,4.970815181732178,5.0,5.0,5.0,5.0,5.0,5.603455322466291
759,5.792434215545654,5.0,5.0,5.0,5.968889800705817,6.338153788612729,6.662443951152241
760,4.842883586883545,5.0,5.0,5.0,5.0,5.296297212024423,5.888891636073268
761,4.901365280151367,5.0,5.0,5.0,5.0,5.0,5.0
762,6.09216833114624,7.0,5.0,5.928180382362728,6.772577569995745,7.568636235841013,8.324875990832918
763,5.982118129730225,6.173925197299173,5.0,5.42021640338319,6.657577319177793,7.1249387366083,7.481486060122112
764,5.5480170249938965,6.346787486224656,5.0,5.42021640338319,6.657577319177793,7.1249387366083,7.481486060122112
765,5.268524646759033,5.0,5.0,5.0,5.769551078621726,7.5376020021010435,7.585026652029182
766,5.049325466156006,5.0,5.0,5.0,5.7366550031619,6.053660333567737,6.31934349279846
767,5.64202880859375,5.0,5.0,5.309894379144197,6.0491978875360894,6.32765564127649,6.517658239483867
768,6.3266282081604,5.568636235841013,5.382963298389445,6.42021640338319,7.7229554474115485,8.285461606394016,8.584121974471215
769,6.2108330726623535,5.0,5.0,5.0,5.0,5.0,5.142021640338318
770,5.823903560638428,5.0,5.0,5.698970004336019,7.251811972993799,7.301029995663981,7.301029995663981
771,5.610592365264893,5.0,5.0,5.0,5.345438620746404,5.564820623348016,5.830865318178036
772,5.275157451629639,5.259637310505756,5.0,5.0,5.0,5.0,5.09995098928664
773,4.955516338348389,5.0,5.0,5.0,5.0,5.0,5.348494528952238
774,5.6894850730896,5.0,5.0,5.0,5.0,5.0,5.0
775,5.232117176055908,5.0,5.0,5.42021640338319,6.657577319177793,7.1249387366083,7.481486060122112
776,5.335836887359619,5.0,5.0,5.0,5.765188503875645,6.337734009539242,7.555434863764585
777,5.032124042510986,5.0,5.0,5.0,5.0,5.071309464702763,5.2139283941082875
778,4.664875030517578,5.0,5.0,5.0,5.0,5.0,5.30945511543382
779,6.925039768218994,9.161150909262744,5.0,6.299299729609228,7.56968241169672,7.787170498505569,7.910390122074611
780,5.02444314956665,5.0,5.0,5.0,5.0,5.210121998671017,5.630365996013053
781,5.649645805358887,5.0,5.0,5.287967737291256,7.461462975529174,8.170234422669175,8.401017899130922
782,5.567047119140625,5.0,5.0,5.0,5.0,5.0,5.603455322466291
783,5.3831071853637695,5.0,5.0,5.0,5.201449578395039,6.139488794400743,6.543303570590206
784,5.0355753898620605,5.0,5.0,5.0,5.0,5.0,5.920818753952375
785,4.962731838226318,5.0,5.0,5.0,5.252129842029914,5.652129842029915,6.159176003468815
786,5.037394046783447,5.0,5.0,5.0,5.0,5.0,5.0
787,6.924394130706787,7.455931955649724,5.0,5.928180382362728,6.772577569995745,7.568636235841013,8.324875990832918
788,4.806922912597656,5.0,5.0,5.0,5.0,5.223837281543842,5.671511844631525
789,6.156515121459961,5.0,5.0,5.928180382362728,6.772577569995745,7.568636235841013,8.324875990832918
790,5.0982842445373535,6.657577319177793,5.0,5.0,5.0,5.0,5.0
791,5.1909027099609375,5.0,5.0,5.0,5.708512583073295,6.456685660619315,8.053554394051933
792,4.932415008544922,5.0,5.0,5.0,5.0,5.0,5.0
793,5.7721943855285645,6.275724130399211,5.0,5.0,5.0,5.0,5.583745543646882
794,5.331630229949951,7.886056647693163,5.0,5.0,5.36804185367615,5.695208145805298,6.305438650294773
795,5.890103816986084,5.0,5.0,5.42021640338319,6.657577319177793,7.1249387366083,7.481486060122112
796,5.491248607635498,5.0,5.0,5.0,5.0,5.371873254973037,5.760661765532939
797,5.753057479858398,6.318758762624412,5.0,5.0,5.7366550031619,6.053660333567737,6.31934349279846
798,4.833739280700684,5.0,5.0,5.0,5.0,5.0,5.0
799,6.302547931671143,10.602059991327963,5.0,5.42021640338319,6.657577319177793,7.1249387366083,7.481486060122112
800,5.035888195037842,5.0,5.0,5.0,5.0,5.0,5.0
801,5.0710296630859375,5.0,5.0,5.0,5.853660333567736,6.21269753761629,6.952842911422624
802,4.990149974822998,5.0,5.0,5.0,5.0,5.0,5.0
803,5.018589019775391,5.0,5.0,5.0,5.0,5.0,5.30945511543382
804,6.53745698928833,7.2076083105017466,5.0,5.0,5.0,5.494850021680094,5.698970004336019
805,5.566229820251465,5.0,5.0,6.481486060122113,7.734530109732988,8.275008751784874,8.346813140313207
806,5.8645124435424805,7.769551078621726,5.0,5.769551078621726,7.002632177292251,7.840628610219042,8.59864862673098
807,5.31210994720459,5.6020599913279625,5.0,5.0,5.0,5.0,6.015040800840419
808,5.779338359832764,5.0,5.0,5.0,5.8287368785571365,5.96832750158095,6.4859366274865184
809,5.886113166809082,6.161150909262744,5.0,5.0,5.375890719404962,5.920818753952375,6.289198036565084
810,5.639501094818115,5.0,5.0,5.0,5.951015991217508,6.669367998155139,6.845855511987395
811,5.428489685058594,5.0,5.0,5.0,5.708512583073295,6.456685660619315,8.053554394051933
812,6.220337390899658,8.0268721464003,5.0,5.42021640338319,6.793384992580273,7.137875212617382,7.140271358093056
813,5.636656761169434,5.0,5.0,5.0,6.036212172654444,6.142667503568731,6.823908740944319
814,5.025421619415283,5.0,5.0,5.0,5.708512583073295,6.456685660619315,8.053554394051933
815,4.967923641204834,5.0,5.00261888324147,5.429118384862106,5.882751518246458,5.969390180020549,6.056028841794641
816,5.352488040924072,5.366531544420414,5.0,5.0,5.738738546094465,6.547883699278268,7.436625011876349
817,5.620633602142334,5.0,5.0,5.0,5.0,5.0,5.0795880017344075
818,5.38805627822876,5.096910013008056,5.0,5.0,5.0,5.0,5.009691001300806
819,5.9941487312316895,5.5376020021010435,5.0,5.0,5.0,5.0,5.0
820,5.2642741203308105,5.853871964321762,5.0,5.0,6.068377979021429,6.7791897757223625,7.668920260392717
821,4.895846843719482,5.0,5.0,5.0,5.0,5.083043324200698,5.371461077681457
822,6.575567722320557,7.920818753952375,5.0,6.054231271163718,7.256077439944282,8.1249387366083,8.627853508438662
823,4.904633045196533,5.0,5.0,5.0,5.0,5.0,5.0
824,4.994168281555176,5.0,5.0,5.0,5.0,5.0,5.0
825,5.252624988555908,5.0,5.0,5.0,5.1604035918505,5.622826716909309,6.0898160921468385
826,5.540766716003418,5.0,5.0,5.0,5.0,5.0,5.0
827,5.088907718658447,5.0,5.0,5.0,5.0,5.0,5.0
828,5.557302951812744,5.0,5.0,5.0,5.230865323586517,5.820867764665735,6.715554367524456
829,5.910744667053223,6.455931955649724,5.0,5.0,5.0,5.0,5.701172650495527
830,4.4703688621521,5.0,5.0,5.0,5.0,5.0,5.0
831,5.000378131866455,5.0,5.0,5.0,5.0,5.083043324200698,5.371461077681457
832,5.51250696182251,5.920818753952375,5.0,5.0,5.446836496938015,5.7447274948966935,5.82193565197116
833,6.245065212249756,6.142667503568731,5.0,5.0,5.1916350977420995,5.494997974617254,5.904956590427026
834,5.313137054443359,6.026872146400302,5.0,5.0,5.0,5.0,5.0
835,5.033407211303711,5.0,5.0,5.0,5.0,5.259078965559803,6.099531988906442
836,5.689916610717773,5.0,5.0,5.0,5.0,5.0,5.288498559618869
837,5.3148112297058105,5.0,5.0,5.42021640338319,6.657577319177793,7.1249387366083,7.481486060122112
838,5.449385166168213,5.0,5.0,5.0,5.0,5.0,6.07116140690399
839,4.997256755828857,6.154901959985743,5.0,5.0,5.0,5.886324317847616,6.185228563145452
840,4.952128887176514,5.0,5.0,5.0,5.0,5.0,5.0
841,5.891164302825928,6.698970004336019,5.0,5.0,5.0,5.0,5.668744396507356
842,6.032766819000244,6.769551078621726,5.0,5.42021640338319,6.657577319177793,7.1249387366083,7.481486060122112
843,5.185772895812988,6.236572006437063,5.142618929405526,5.356547323513812,6.088763051451145,6.454870915419811,6.8209787793884775
844,6.185070514678955,5.638272163982407,5.0,5.18837535480105,6.30571692463636,6.7661930404308706,7.007023843501842
845,5.412233829498291,5.568636235841013,5.0,5.260284331401132,5.936842114697192,6.212300767287724,7.029730760384687
846,4.959794521331787,5.0,5.0,5.0,5.0,5.177211329538633,5.531633988615898
847,5.228161334991455,5.0,5.0,5.0,5.160563744106219,5.440151745840627,5.855473215493237
848,5.092302322387695,5.0,5.0,5.059593203859604,5.621921275511394,6.232348276903211,6.79018639043693
849,5.655803203582764,5.0,5.0,5.0,5.0,5.0,5.0
850,5.9670090675354,5.920818753952375,5.0,5.0,5.0,5.6020599913279625,6.619788758288394
851,5.466439723968506,5.0,5.0,5.032750774378217,5.696834746491283,6.468685246554372,6.673751488085751
852,5.0849690437316895,5.0,5.0,5.0,5.0,5.0,5.180617997398389
853,6.789635181427002,7.853871964321762,5.0,6.054231271163718,7.256077439944282,8.1249387366083,8.627853508438662
854,4.968838214874268,5.0,5.0,5.0,5.0,5.0,5.0
855,5.2469587326049805,5.0,5.0,5.0,5.0,5.0,5.955056020812891
856,6.181363582611084,7.522878745280337,5.0,5.769551078621726,7.002632177292251,7.840628610219042,8.59864862673098
857,5.875360012054443,5.721246399047171,5.0,5.0,5.159379381312206,5.318758762624412,5.988168040901103
858,6.292578220367432,5.920818753952375,5.0,5.287967737291256,7.461462975529174,8.170234422669175,8.401017899130922
859,5.070040702819824,5.0,5.0,5.0,5.0,5.301727661233146,6.61798047468195
860,5.3644561767578125,5.0,5.0,5.0,5.006682918413346,5.149336579604481,5.6839014626552515
861,5.980987071990967,5.920818753952375,5.0,5.0,5.0,5.0,5.583745543646882
862,4.793514728546143,5.0,5.0,5.0,5.0,5.0,5.0
863,5.673774719238281,5.0,5.0,5.0,5.769551078621726,7.5376020021010435,7.585026652029182
864,5.522313594818115,5.0,5.0,5.0,5.0,5.0802637802185675,5.370649559108152
865,5.4233174324035645,5.0,5.0,5.734260541478872,6.763144123905442,7.191911180327464,7.651523988147662
866,5.65362024307251,5.0,5.0,5.0,5.951015991217508,6.669367998155139,6.845855511987395
867,5.465830326080322,5.0,5.0,5.0,5.823908740944319,5.958607314841775,6.619788758288394
868,6.908196449279785,7.568636235841013,5.0,5.928180382362728,6.772577569995745,7.568636235841013,8.324875990832918
869,4.9854960441589355,5.0,5.0,5.0,5.6445731277666615,5.951049602663894,6.020045663244449
870,4.895681858062744,5.0,5.0,5.0,5.0,5.0,5.317005330405837
871,5.3272223472595215,5.0,5.0,5.0,5.708512583073295,6.456685660619315,8.053554394051933
872,5.545872211456299,6.309803919971486,5.0,5.0,5.0,5.0,5.0
873,5.793607711791992,5.0,5.0,5.287967737291256,7.461462975529174,8.170234422669175,8.401017899130922
874,5.5205864906311035,5.0,5.0,5.0,5.068105564896511,5.409654350625216,6.169457226644011
875,6.213965892791748,5.0,5.0,5.0,6.368669355166785,6.609493351697969,7.040192160757503
876,5.54116678237915,5.0,5.0,5.0,5.0,5.0,5.0
877,5.7610015869140625,5.0,5.0,5.0,5.309772914624212,5.785123056544632,6.580936883073365
878,5.158761501312256,5.0,5.0,5.0,5.0,5.477528010406445,6.104288634424147
879,5.1365532875061035,5.0,5.0,5.0,5.0,5.0,5.0
880,4.995279312133789,5.0,5.0,5.0,5.0,5.0,5.0
881,6.951046466827393,7.1487416512809245,5.0,5.0,5.747866492601998,6.276799720315459,6.5119362786376165
882,5.500949859619141,5.698970004336019,5.0,5.0,5.068105564896511,5.409654350625216,6.169457226644011
883,5.616926193237305,5.494850021680094,5.0,5.0,5.346395015176065,5.658146007804834,6.182811806226959
884,4.723473072052002,5.0,5.0,5.122062572163754,5.770689473640969,5.900566781122885,5.985661382193382
885,4.765308380126953,5.0,5.0,5.0,5.150741978564387,5.449959733306949,6.1009273341251244
886,5.096044063568115,5.0,5.0,5.0,5.0,5.0,5.0
887,6.282654285430908,6.130768280269024,5.0,5.287967737291256,7.461462975529174,8.170234422669175,8.401017899130922
888,5.56437349319458,5.0,5.0,5.0,5.0,5.0,5.0
889,5.007962226867676,5.0,5.0,5.0,5.117005330405836,5.468021321623346,6.748955999889548
890,5.258446216583252,8.508638306165727,5.0,5.0,5.0,5.0,5.0795880017344075
891,5.533741474151611,8.229147988357855,5.0,5.42021640338319,6.657577319177793,7.1249387366083,7.481486060122112
892,5.168777942657471,5.0,5.0,5.0,5.04997549464332,5.146666040200967,5.396975746372329
893,5.808156490325928,5.522878745280337,5.0,5.5376020021010435,6.068170466997458,6.51022560613271,6.798055961229678
894,4.869246006011963,5.0,5.0,5.0,5.0,5.0,5.01190543916038
895,5.118863582611084,5.0,5.0,5.0,5.0,5.0,5.0
896,5.8183417320251465,6.013228265733755,5.0,5.0,5.958607314841775,6.0,6.022276394711152
897,6.270548343658447,5.5376020021010435,5.0,5.0,5.481647993062369,5.786415255761733,6.111946779547825
898,5.137339115142822,5.0,5.0,5.0,5.0,5.0,5.0
899,5.7512898445129395,5.207608310501746,5.0,5.0,5.0,5.0,5.317005330405837
900,4.8644232749938965,5.0,5.0,5.0,5.0,5.0,5.01190543916038
901,4.9749627113342285,5.0,5.0,5.0,5.0,5.0,5.0
902,5.157410144805908,5.0,5.0,5.0,5.0,5.0,5.0
903,5.5011796951293945,5.356547323513812,5.0,5.0,5.117005330405836,5.468021321623346,6.748955999889548
904,4.877608776092529,5.0,5.0,5.0,5.0,5.071309464702763,5.2139283941082875
905,5.1924214363098145,5.0,5.0,5.0,5.6,6.671112282106433,7.686473844022299
906,5.822871208190918,5.3872161432802645,5.0,5.0,5.0,5.0,5.129818655252878
907,6.103038311004639,5.0,5.0,5.614942352606449,7.844835868359313,8.098999141397796,9.13106355737751
908,6.118969440460205,5.657577319177793,5.0,5.287967737291256,7.461462975529174,8.170234422669175,8.401017899130922
909,6.115803241729736,7.0,5.00261888324147,5.429118384862106,5.882751518246458,5.969390180020549,6.056028841794641
910,5.229038715362549,5.0,5.0,6.1531365255381765,6.499796115887473,6.650291819404307,6.885710295924456
911,7.0979390144348145,8.823908740944319,5.0,5.0,5.876329286972975,7.012697251504221,7.26494905424264
912,5.148441791534424,5.0,5.0,5.0,5.0,5.0,5.3014005676816796
913,5.135898113250732,5.0,5.0,5.0,5.336173122706551,5.502471299162677,5.940909367734202
914,4.967928409576416,5.0,5.0,5.0,5.0,5.0,5.622062572163754
915,6.71150016784668,5.0,5.0,6.054231271163718,7.256077439944282,8.1249387366083,8.627853508438662
916,5.269503116607666,5.0,5.0,5.0,5.0,5.1925944240488455,5.658495156981774
917,5.402709484100342,5.0,5.0,5.0,5.481647993062369,5.786415255761733,6.111946779547825
918,5.143620014190674,5.0,5.0,5.0,5.11302521288063,5.478611897220312,6.0218634973565965
919,4.945550441741943,5.0,5.0,5.0,5.761091082236913,6.416153306250301,7.328727082090541
920,4.990432262420654,5.0,5.0,5.0,5.0,5.093971785205677,5.226292647534192
921,4.969422817230225,5.0,5.0,5.0,5.0,5.0,5.0
922,4.989065647125244,5.0,5.0,5.0,5.0,5.6020599913279625,6.619788758288394
923,5.8422417640686035,5.200659450546418,5.0,5.0,5.0,5.0,5.0
924,5.1542768478393555,5.0,5.0,5.0,5.823908740944319,5.958607314841775,6.619788758288394
925,5.105374813079834,5.0,5.0,5.0,5.0,5.148945498979339,5.832233621235863
926,5.015492916107178,5.0,5.0,5.0,5.216373919714151,5.954208448776369,6.926693965314053
927,5.118556499481201,5.0,5.0,5.0,5.0,5.356547323513812,6.795880017344075
928,5.3148112297058105,5.0,5.0,5.42021640338319,6.657577319177793,7.1249387366083,7.481486060122112
929,5.312592029571533,5.0,5.0,5.0,5.216373919714151,5.954208448776369,6.926693965314053
930,5.339527606964111,5.0,5.0,5.619788758288394,6.26468584634236,6.445303843740749,7.131147698050925
931,4.987955570220947,5.0,5.0,5.0,5.0,5.768718582206093,6.934458917154219
932,4.881430149078369,5.0,5.0,5.0,5.0,5.0,5.0
933,5.147741794586182,5.0,5.0,5.0,5.0,5.0,5.0
934,5.06424617767334,5.0,5.0,5.0,5.0,5.0,5.0
935,5.040682315826416,5.0,5.0,5.0,5.0,5.0,5.0
936,5.4073405265808105,8.537602002101044,5.0,5.0,5.0,5.0,5.0
937,5.701404094696045,5.0,5.0,5.0,5.0,5.0,5.0
938,5.47174072265625,5.0,5.0,5.30033623392066,6.271896009882983,6.480994761799621,8.877103382651214
939,5.375449180603027,5.0,5.0,5.0,5.0,5.0,5.0
940,6.464785099029541,6.721246399047171,5.0,5.803651523370167,6.43379958559393,6.683044951125544,6.860947047480813
941,4.633238315582275,5.0,5.0,5.0,5.0,5.0,5.0
942,5.726799964904785,5.0,5.0,5.0,5.0,5.0,5.144364851566506
943,5.349238872528076,5.0,5.0,5.0,6.368669355166785,6.609493351697969,7.040192160757503
944,4.821796417236328,5.0,5.0,5.0,5.0,5.0,5.01190543916038
945,5.874301433563232,6.481486060122113,5.0,5.42021640338319,6.657577319177793,7.1249387366083,7.481486060122112
946,5.990583896636963,5.0,5.0,5.769551078621726,7.002632177292251,7.840628610219042,8.59864862673098
947,6.46715784072876,6.130768280269024,5.0,6.299299729609228,7.56968241169672,7.787170498505569,7.910390122074611
948,6.5625691413879395,6.568636235841013,5.6936512982466265,6.821318484692428,7.295062717774298,7.354829414764048,7.459720859977528
949,6.088322162628174,5.0,5.0,5.0,5.0,5.03236876304957,5.148780806775779
950,6.148128032684326,5.0,5.0,5.928180382362728,6.772577569995745,7.568636235841013,8.324875990832918
951,5.735188007354736,5.0,5.0,5.0,5.769551078621726,7.5376020021010435,7.585026652029182
952,5.565003871917725,5.0,5.0,5.0,5.0,5.371873254973036,6.369608053117638
953,4.755711078643799,5.0,5.0,5.0,5.0,5.0,5.920818753952375
954,5.113353729248047,5.0,5.0,5.0,5.0,5.0,6.142667503568731
955,5.230767250061035,8.267606240177031,5.0,5.0,5.26935749724493,6.077429988979726,6.5496212774634985
956,4.765161514282227,5.0,5.0,5.0,6.081359291354222,6.4035294254543444,6.620538427799027
957,5.957992076873779,8.207608310501746,5.0,5.0,5.0,5.0,5.297890997958678
958,4.977563381195068,5.0,5.0,5.0,5.075720713938118,6.214670164989233,6.327902142064283
959,5.417618274688721,5.0,5.0,5.0,5.442273574926224,5.9699280077227055,6.804100085852557
960,6.050595760345459,5.0,5.0,5.886056647693163,6.411483315576424,6.812020239627062,7.869565169179853
961,5.374016761779785,5.5376020021010435,5.0,5.0,5.844698206593385,6.011255601796691,6.26164275048356
962,5.014045715332031,5.0,5.0,5.0,5.0,5.247314401287413,5.741943203862238
963,5.062073230743408,5.0,5.0,5.0,5.0,5.0,5.0
964,5.866572856903076,5.0,5.0,5.928180382362728,6.772577569995745,7.568636235841013,8.324875990832918
965,6.159831523895264,5.920818753952375,5.0,5.0,5.0,5.0,5.638272163982407
966,6.245489597320557,5.522878745280337,5.0,5.287967737291256,7.461462975529174,8.170234422669175,8.401017899130922
967,5.814754962921143,5.0,5.0,5.769551078621726,7.002632177292251,7.840628610219042,8.59864862673098
968,5.673915386199951,5.552841968657781,5.0,5.42021640338319,6.657577319177793,7.1249387366083,7.481486060122112
969,5.527797222137451,9.0268721464003,5.0,5.0,5.708512583073295,6.456685660619315,8.053554394051933
970,4.8566179275512695,5.0,5.0,5.0,5.0,5.0,5.60806164392009
971,6.061177730560303,7.958607314841775,5.0,5.0,5.0,5.139140157839338,5.395587282774788
972,5.120514869689941,5.0,5.0,5.547102059816066,5.779545458967391,5.920818753952375,6.67630851494269
973,4.902799129486084,5.0,5.0,5.0,5.26935749724493,6.077429988979726,6.5496212774634985
974,5.145645618438721,5.0,5.0,5.0,5.163951071032141,5.327902142064283,6.048726610343005
975,5.089486598968506,5.0,5.0,5.0,5.0,5.0,5.204575749056067
976,5.8181891441345215,5.0,5.0,5.0,5.0,5.016383443071563,5.298347314555982
977,5.274425983428955,5.0,5.0,5.0,5.345438620746404,5.564820623348016,5.830865318178036
978,5.190825939178467,5.0,5.0,5.0,5.0,5.0,5.09995098928664
979,4.700220108032227,5.0,5.0,5.0,5.0,5.0,5.204575749056067
980,4.960745334625244,5.0,5.0,5.0,5.003621217265445,5.088723738510172,5.694820453954792
981,6.744115829467773,5.0,5.0,5.0,5.329878389978372,5.420171791158,5.575313958251336
982,4.81445837020874,5.0,5.0,5.0,5.0,5.0,5.0
983,5.801926612854004,5.0,5.0,5.0,5.0,5.0,5.0
984,5.318352222442627,5.0,5.0,5.0,5.0,5.177211329538633,5.531633988615898
985,6.146907329559326,6.823908740944319,5.0,5.0,5.0,5.0,5.09995098928664
986,5.254754543304443,5.0,5.0,5.0,5.0,5.0,5.0
987,5.040166854858398,5.0,5.0,5.0,5.0,5.0,5.142021640338318
988,5.162365436553955,5.0,5.0,5.0,5.0,5.0,5.920818753952375
989,6.18178129196167,7.920818753952375,5.0,5.0,5.519066146175629,5.670701335829286,5.787170498505568
990,5.130380153656006,5.0,5.0,5.0,5.0,5.331515463835559,6.737412782824986
991,5.82544469833374,5.0,5.0,5.0,5.0,5.0,5.0
992,5.1846489906311035,5.0,5.0,5.0,5.0,5.494850021680094,5.698970004336019
993,5.609927177429199,6.568636235841013,5.0,5.0,5.832079254105832,6.155946574837715,6.577685037796933
994,5.208844184875488,5.0,5.0,5.0,5.0,5.0,5.0
995,5.733840465545654,5.0,5.0,5.0,5.0,5.0,5.0
996,6.174605846405029,5.6020599913279625,5.0,5.0,5.0,5.0,5.142021640338318
997,5.2590861320495605,5.0,5.0,5.734260541478872,6.763144123905442,7.191911180327464,7.651523988147662
998,4.85183572769165,5.0,5.0,5.0,5.0,5.0,5.0
999,4.745233535766602,5.0,5.0,5.0,5.261960783994296,6.04784313597719,6.88377334994157
1000,4.964571475982666,5.0,5.0,5.0,5.0,5.0,5.0
1001,5.963932514190674,8.013228265733755,5.0,5.42021640338319,6.657577319177793,7.1249387366083,7.481486060122112
1002,5.897471904754639,5.0,5.0,5.0,5.0,5.0,5.0
1003,5.51339864730835,5.0,5.0,5.0,6.721246399047171,7.102372908709558,7.221848749616356
1004,5.189532279968262,5.0,5.0,5.0,5.856464859428565,6.2960837014903515,6.823603534477858
1005,5.718259334564209,5.0,5.0,5.0,5.0,5.0,5.0
1006,5.170194625854492,5.0,5.0,5.0,5.159379381312206,5.318758762624412,5.988168040901103
1007,5.481762409210205,5.0,5.0,5.0,5.0,5.0,6.07116140690399
1008,5.621304988861084,6.2441251443275085,5.0,5.0,5.0,5.0,5.552841968657781
1009,6.198300838470459,7.376750709602099,5.0,5.42021640338319,6.657577319177793,7.1249387366083,7.481486060122112
1010,5.0942792892456055,5.0,5.0,5.734260541478872,6.763144123905442,7.191911180327464,7.651523988147662
1011,6.396945476531982,7.318758762624412,5.0,6.1531365255381765,6.499796115887473,6.650291819404307,6.885710295924456
1012,5.220280170440674,5.0,5.0,5.0,5.0,5.0,5.0
1013,5.225503444671631,5.0,5.0,5.0,5.557809882459554,6.481225900025257,7.487317135998911
1014,5.274444103240967,5.0,5.0,5.0,6.368669355166785,6.609493351697969,7.040192160757503
1015,5.361257553100586,5.0,5.0,5.0,5.0,5.0,5.0
1016,5.166182041168213,5.0,5.0,5.734260541478872,6.763144123905442,7.191911180327464,7.651523988147662
1017,5.123167037963867,5.0,5.0,5.0,5.20345532246629,5.305182983699437,5.406910644932582
1018,4.914038181304932,5.0,5.0,5.0,5.0,5.0,5.0
1019,5.1317009925842285,5.0,5.0,5.372363747448347,6.566292336749683,6.899319376099946,7.31858214935268
1020,5.19827938079834,5.0,5.0,5.0,5.0,5.0,5.0
1021,5.982118129730225,5.920818753952375,5.0,5.42021640338319,6.657577319177793,7.1249387366083,7.481486060122112
1022,4.817141056060791,5.0,5.0,5.0,5.0,5.0,5.0
1023,5.890103816986084,5.0,5.0,5.42021640338319,6.657577319177793,7.1249387366083,7.481486060122112
1024,5.513140678405762,5.0,5.0,5.0,5.0,5.0,5.0
1025,5.0193705558776855,5.0,5.0,5.0,5.0,5.177211329538633,5.531633988615898
1026,5.1313862800598145,5.0,5.0,5.0,5.0,5.0,5.234010660811673
1027,4.6861395835876465,5.0,5.0,5.0,5.0,5.084043280676638,5.252129842029914
1028,4.8387980461120605,5.0,5.0,5.0,5.0,5.0,5.0
1029,6.009369373321533,5.0,5.0,5.0,5.0,6.366531544420414,8.494850021680094
1030,5.40601110458374,5.0,5.0,5.0,5.823908740944319,5.958607314841775,6.619788758288394
1031,4.786540508270264,5.0,5.0,5.0,5.0,5.0,5.314266750356872
1032,5.254454135894775,5.0,5.0,5.0,5.0,5.0,5.0
1033,5.085532188415527,5.0,5.0,5.0,5.0,5.0,5.0
1034,5.470805644989014,5.0,5.0,5.42021640338319,6.657577319177793,7.1249387366083,7.481486060122112
1035,5.06978178024292,5.0,5.0,5.0,5.0,5.0,5.0
1036,5.235503673553467,5.0,5.0,5.0,5.0,5.768718582206093,6.934458917154219
1037,5.5480170249938965,5.958607314841775,5.0,5.42021640338319,6.657577319177793,7.1249387366083,7.481486060122112
1038,5.365253448486328,5.0,5.0,5.0,5.303517951486582,5.772541840295507,6.237332733324225
1039,4.984337329864502,5.0,5.0,5.0,5.468521082957745,6.167491087293763,6.920818753952375
1040,6.240576267242432,6.229147988357855,5.0,5.0,5.201449578395039,6.139488794400743,6.543303570590206
1041,5.831301689147949,5.0,5.0,5.0,5.0,5.0,5.721246399047171
1042,5.423464298248291,5.0,5.0,5.0,5.0638272163982405,5.255308865592963,5.4467905147876845
1043,5.385954856872559,5.00436480540245,5.0,5.260284331401132,5.936842114697192,6.212300767287724,7.029730760384687
1044,5.086318492889404,8.09151498112135,5.0,5.06246936830415,5.20446769648675,5.2839966563652006,5.389423339022647
1045,5.2279839515686035,5.0,5.0,5.0,5.26289556697899,5.774816866366195,5.804897680378984
1046,5.057602882385254,5.0,5.0,5.0,5.0,5.576997119237737,5.915076914552607
1047,5.595638751983643,5.0,5.0,5.734260541478872,6.763144123905442,7.191911180327464,7.651523988147662
1048,4.85746955871582,5.0,5.0,5.0,5.0,5.576997119237737,5.915076914552607
1049,6.02274751663208,5.0,5.0,5.0,5.0,5.0,5.009691001300806
1050,4.930130481719971,5.0,5.0,5.0,5.0,5.0,5.0
1051,5.468148708343506,5.301029995663981,5.0,5.0,5.0,5.0,5.01190543916038
1052,5.438809394836426,5.0,5.0,5.309894379144197,6.0491978875360894,6.32765564127649,6.517658239483867
1053,4.49696683883667,5.0,5.0,5.0,5.0,5.0,5.0
1054,5.518038272857666,5.7447274948966935,5.0,5.0,5.481647993062369,5.786415255761733,6.111946779547825
1055,5.299590587615967,5.0,5.0,5.0,5.0,5.0,5.0
1056,5.06542444229126,5.0,5.0,5.0,5.738738546094465,6.547883699278268,7.436625011876349
1057,5.636227130889893,5.0,5.0,5.42021640338319,6.657577319177793,7.1249387366083,7.481486060122112
1058,5.297032356262207,5.022276394711152,5.0,5.0,5.0,5.0,5.0
1059,5.173682689666748,5.0,5.0,5.0,5.0,5.331515463835559,6.737412782824986
1060,5.828972339630127,5.0,5.0,5.287967737291256,7.461462975529174,8.170234422669175,8.401017899130922
1061,5.386364459991455,5.180456064458132,5.0,5.0,5.0,5.351015991217509,5.585026652029182
1062,5.118422031402588,5.0,5.0,5.0,5.0,5.0,5.045403709931007
1063,5.189298152923584,5.0,5.0,5.0,5.0,5.0,5.055517327849831
1064,5.093440532684326,5.0,5.0,5.0,5.6020599913279625,5.7447274948966935,5.886056647693163
1065,5.6286301612854,5.0,5.0,5.42021640338319,6.657577319177793,7.1249387366083,7.481486060122112
1066,5.823575496673584,6.3872161432802645,5.0,5.0,5.0,5.0,5.0
1067,4.9998250007629395,5.0,5.0,5.0,5.0,5.0,5.055517327849831
1068,5.601094722747803,5.0,5.0,5.0,5.0,5.0,5.3013094416207345
1069,5.05156946182251,5.0,5.0,5.0,5.0,5.0,5.288498559618869
1070,5.464162826538086,5.0,5.6333103967098985,6.454694646085796,6.916633373901797,7.104917602641903,7.2932018313820075
1071,5.481575965881348,5.638272163982407,5.0,5.0,5.0,5.0,5.297890997958678
1072,4.888209819793701,5.0,5.0,5.0,5.0,5.0,5.0
1073,5.462991237640381,5.0,5.0,5.465907069126919,6.809959463326123,7.481647993062371,7.70932775827525
1074,4.949255466461182,5.0,5.0,5.0,5.494752000253373,5.647915503315358,6.239625999943646
1075,5.814749717712402,5.0,5.0,5.0,5.522878745280337,6.2441251443275085,8.05551732784983
1076,4.982102870941162,5.0,5.0,5.0,5.6869396686154365,6.036964173972116,6.7003820015986735
1077,5.851379871368408,5.0,5.0,5.0,5.0,5.0,5.668744396507356
1078,4.940200328826904,5.0,5.048825028865502,5.122062572163754,5.170887601029256,5.195300115462007,5.219712629894758
1079,6.200534343719482,5.0,5.0,5.6777807052660805,6.845389193153565,7.339521244880396,8.032755032589993
1080,5.137988567352295,5.0,5.0,5.0,5.0,5.0,5.0
1081,4.66952657699585,5.0,5.0,5.0,5.0,5.0,5.1
1082,5.038959980010986,5.0,5.0,5.0,5.0,5.0,5.045403709931007
1083,4.941958427429199,5.0,5.0,5.0,5.0,5.0594966605123695,5.533901498419491
1084,5.668590068817139,5.096910013008056,5.0,5.0,5.0,5.0,5.149669314685716
1085,6.499221324920654,5.958607314841775,5.0,5.0,5.0,5.477528010406445,6.104288634424147
1086,5.034876346588135,5.0,5.0,5.0,5.097170173104912,5.229849699277086,5.693936665414687
1087,6.038214206695557,8.031517051446064,6.076163040999861,6.170565203899018,6.233499979165125,6.264967366798177,6.29643475443123
1088,6.654882907867432,6.119186407719209,5.0,5.0,5.0,5.63741732867143,6.912251986014287
1089,6.412807941436768,5.301029995663981,5.0,6.1531365255381765,6.499796115887473,6.650291819404307,6.885710295924456
1090,5.082761764526367,5.0,5.0,5.0,5.0,5.0,5.0
1091,6.053218841552734,5.0,5.0,5.0,5.519066146175629,5.670701335829286,5.787170498505568
1092,5.384999752044678,5.795880017344075,5.9901019303030605,6.591647408166742,7.128788772280643,7.208036362993901,7.287283953707157
1093,4.831679821014404,8.148741651280925,5.0,5.0,5.2543191530828635,5.508638306165727,5.56421353222706
1094,5.038446426391602,5.0,5.0,5.0,5.0,5.0,5.634010660811674
1095,6.017627239227295,5.0,5.0,5.0,5.596490607097571,6.025706859412084,6.4526793486171155
1096,5.194239616394043,5.0,5.0,5.0,5.0,5.0,5.920818753952375
1097,5.298223972320557,5.0,5.0,5.0,5.0,5.7510871837962805,6.699686629564667
1098,5.746809482574463,5.920818753952375,5.0,5.0,5.708512583073295,6.456685660619315,8.053554394051933
1099,5.7377142906188965,5.0,5.0,5.0,5.0,5.0,5.0
1100,5.588317394256592,5.823908740944319,5.0,5.0,5.8287368785571365,5.96832750158095,6.4859366274865184
1101,5.631118297576904,5.0,5.0,5.769551078621726,7.002632177292251,7.840628610219042,8.59864862673098
1102,5.471911907196045,5.853871964321762,5.0,5.0,5.0,5.0,5.01190543916038
1103,4.561282157897949,5.0,5.0,5.0,5.336173122706551,5.502471299162677,5.940909367734202
1104,5.344679832458496,5.886056647693163,5.0,5.0,5.117005330405836,5.468021321623346,6.748955999889548
1105,5.033127307891846,5.0,5.0,5.0,5.0,5.0,5.0
1106,4.903144836425781,5.0,5.0,5.0,5.5129341232531095,5.958432293377779,6.459547352245197
1107,5.226243495941162,5.0,5.0,5.0,5.494752000253373,5.647915503315358,6.239625999943646
1108,5.248385906219482,5.0,5.0,5.0,5.0,5.63741732867143,6.912251986014287
1109,5.889736175537109,5.698970004336019,5.0,5.059593203859604,5.621921275511394,6.232348276903211,6.79018639043693
1110,4.613379955291748,5.0,5.0,5.0,5.0,5.0,5.317005330405837
1111,5.035409450531006,5.0,5.0,5.122062572163754,5.770689473640969,5.900566781122885,5.985661382193382
1112,5.187263011932373,5.0,5.0,5.0,5.0,5.0,5.12757241303992
1113,5.05787992477417,5.0,5.0,5.0,5.55007498130775,6.226778245030048,6.406763468004177
1114,4.982187747955322,5.0,5.0,5.0,5.0,5.0,5.0
1115,6.0203166007995605,5.0,5.0,5.0,5.0,5.1925944240488455,5.658495156981774
1116,5.254606246948242,5.0,5.0,5.0,5.0,5.0,6.142667503568731
1117,5.16202974319458,5.309803919971486,5.0,5.0,5.0,5.247314401287413,5.741943203862238
1118,5.348132133483887,5.0,5.0,5.0,5.0,5.356547323513812,6.795880017344075
1119,4.956187725067139,5.0,5.0,5.0,5.0,5.0,5.864737526099142
1120,5.276393413543701,5.031517051446065,5.0,5.0,5.0,5.6020599913279625,6.619788758288394
1121,6.365808010101318,5.0,5.0,5.928180382362728,6.772577569995745,7.568636235841013,8.324875990832918
1122,5.088894367218018,5.0,5.0,5.0,5.0,5.0,5.60806164392009
1123,5.195754051208496,5.0,5.0,5.0,5.0,5.356547323513812,6.795880017344075
1124,5.776660442352295,5.920818753952375,5.0,5.734260541478872,6.763144123905442,7.191911180327464,7.651523988147662
1125,5.040580749511719,5.0,5.0,5.0,5.0,5.351015991217509,5.585026652029182
1126,5.103460788726807,7.552841968657781,5.0,5.0,5.0,5.0,5.142021640338318
1127,5.339500904083252,5.0,5.0,5.0,5.230865323586517,5.820867764665735,6.715554367524456
1128,5.614144802093506,5.0,5.0,5.032750774378217,5.696834746491283,6.468685246554372,6.673751488085751
1129,6.191392421722412,5.236572006437063,5.0,5.0,5.708512583073295,6.456685660619315,8.053554394051933
1130,5.134838104248047,5.0,5.0,5.0,5.0,5.279588001734408,6.594799162246874
1131,5.860860824584961,5.920818753952375,5.0,5.0,5.0,5.0,5.920818753952375
1132,5.573146820068359,5.0,5.0,5.0,5.7447274948966935,6.026872146400302,6.5376020021010435
1133,7.022663116455078,7.113509274827518,5.0,5.0,5.0,5.0,5.0
1134,5.02889347076416,5.0,5.0,5.0,5.0,5.247314401287413,5.741943203862238
1135,4.8010687828063965,5.0,5.0,5.0,5.20345532246629,5.305182983699437,5.406910644932582
1136,5.008717060089111,5.0,5.0,5.0,5.0,5.0,5.0
1137,5.577818870544434,5.161150909262744,5.0,5.803651523370167,6.43379958559393,6.683044951125544,6.860947047480813
1138,5.189011096954346,5.0,5.0,5.0,5.5129341232531095,5.958432293377779,6.459547352245197
1139,5.742064952850342,6.346787486224656,5.0,5.0,5.0,5.259078965559803,6.099531988906442
1140,5.321838855743408,5.0,5.0,5.0,6.010237290870956,6.118490746653228,6.2535212480354065
1141,5.146304130554199,5.6777807052660805,5.0,5.0,5.0,5.0,5.0
1142,5.769119739532471,6.267606240177032,5.0,5.0,5.0,5.0,5.0
1143,6.493913650512695,6.2839966563652006,5.0,5.769551078621726,7.002632177292251,7.840628610219042,8.59864862673098
1144,6.418565273284912,5.0,5.0,5.0,5.708512583073295,6.456685660619315,8.053554394051933
1145,5.844392776489258,7.086186147616283,5.0,5.0,5.0,5.0916591953431425,5.269678045872886
1146,5.3254218101501465,5.0,5.0,5.0,5.0,5.0,6.052177559189752
1147,5.145908832550049,5.0,5.0,5.0,5.0,5.0916591953431425,5.269678045872886
1148,4.957438945770264,5.4089353929735005,5.0,5.0,5.252129842029914,5.652129842029915,6.159176003468815
1149,5.084326267242432,5.853871964321762,5.0,5.0,5.0,5.0,5.0
1150,5.130987644195557,5.102372908709558,5.0,5.0,5.5376020021010435,5.721246399047171,6.026872146400302
1151,5.4765191078186035,5.0,5.0,5.0,5.230865323586517,5.820867764665735,6.715554367524456
1152,5.299532413482666,5.0,5.0,5.0,5.0,5.093971785205677,5.226292647534192
1153,5.470805644989014,5.0,5.0,5.42021640338319,6.657577319177793,7.1249387366083,7.481486060122112
1154,5.008732318878174,5.0,5.0,5.0,5.0,5.356547323513812,6.795880017344075
1155,5.735753059387207,5.657577319177793,5.0,5.42021640338319,6.657577319177793,7.1249387366083,7.481486060122112
1156,5.286563396453857,5.0,5.0,5.0,5.184163750790474,5.736655003161901,6.145085676420271
1157,5.055452823638916,5.0,5.0,5.0,5.0,5.0,5.129818655252878
1158,5.091249465942383,5.0,5.0,5.0,5.0,5.0916591953431425,5.269678045872886
1159,5.307791233062744,5.886056647693163,5.0,5.0,5.486379853908173,6.0343342855371045,6.377990700976252
1160,4.79917573928833,5.0,5.0,5.0,5.1604035918505,5.622826716909309,6.0898160921468385
1161,4.907327651977539,5.0,5.0,5.0,5.0,5.0802637802185675,5.370649559108152
1162,6.164494514465332,5.0,5.0,5.0,5.086359655186601,5.345438620746404,6.887311395274088
1163,5.6650919914245605,5.0,5.0,5.0,6.315831350852757,7.387503458885711,8.024315496631102
1164,5.4973249435424805,5.275724130399211,5.0,5.0,5.068105564896511,5.409654350625216,6.169457226644011
1165,4.991245746612549,5.0,5.0,5.0,5.068105564896511,5.409654350625216,6.169457226644011
1166,4.987071990966797,5.721246399047171,5.0,5.0,5.738738546094465,6.547883699278268,7.436625011876349
1167,5.148870944976807,5.0,5.0,5.0,5.0,5.0,5.0
1168,6.908196449279785,6.455931955649724,5.0,5.928180382362728,6.772577569995745,7.568636235841013,8.324875990832918
1169,6.491130352020264,6.161150909262744,5.0,5.0,5.776413232992072,6.865621827428363,7.442043438104964
1170,5.226092338562012,5.0,5.0,5.0,5.0,5.0,5.0
1171,5.356823444366455,5.0,5.0,5.292429823902063,5.801396958063174,6.210789396402983,6.471963329792007
1172,5.282673358917236,5.0,5.0,5.0,5.486379853908173,6.0343342855371045,6.377990700976252
1173,6.114587306976318,7.318758762624412,5.0,5.0,5.0,5.984570506477258,6.408945452815283
1174,5.2109503746032715,5.0,5.0,5.0,5.4467905147876845,5.723436428713836,7.10110352518409
1175,5.410730838775635,5.0,5.0,5.032750774378217,5.696834746491283,6.468685246554372,6.673751488085751
1176,5.485668659210205,6.136677139879544,5.0,5.0,5.481647993062369,5.786415255761733,6.111946779547825
1177,5.441198825836182,5.0,5.0,5.0,5.0,5.0,5.204575749056067
1178,5.078881740570068,5.0,5.0,5.0,5.0201454878767855,5.7447274948966935,6.035290537142854
1179,5.22152853012085,5.0,5.0,5.0,5.0,5.034785039459835,5.5334877854314275
1180,5.289794445037842,5.568636235841013,5.0,5.0,5.623884751944768,6.010375075152911,6.169468565440889
1181,6.115474224090576,5.920818753952375,5.0,5.0,5.0,5.51359866254608,6.637319323763178
1182,4.968627452850342,5.0,5.0,5.0,5.468521082957745,6.167491087293763,6.920818753952375
1183,5.417680263519287,5.0,5.0,5.0,5.0,5.0,5.0
1184,4.831606388092041,5.0,5.0,5.0,5.2543191530828635,5.508638306165727,5.56421353222706
1185,6.202754497528076,7.568636235841013,5.0,5.698970004336019,7.251811972993799,7.301029995663981,7.301029995663981
1186,4.962871074676514,5.0,5.0,5.0,5.0,5.331515463835559,6.737412782824986
1187,5.1907782554626465,5.0,5.0,5.0,5.765188503875645,6.337734009539242,7.555434863764585
1188,4.80881929397583,5.0,5.0,5.0,5.0,5.0,5.0
1189,4.909653663635254,5.0,5.0,5.0,5.0,5.0,6.052177559189752
1190,4.9856953620910645,5.0,5.0,5.0,5.596490607097571,6.025706859412084,6.4526793486171155
1191,5.382713794708252,5.0,5.0,5.0,5.55007498130775,6.226778245030048,6.406763468004177
1192,4.898474216461182,7.376750709602099,5.0,5.0,5.150741978564387,5.449959733306949,6.1009273341251244
1193,5.472945690155029,5.0,5.0,5.0,5.0,5.0,5.0
1194,4.976282596588135,5.0,5.0,5.0,5.0,5.0,5.0
1195,6.4007697105407715,5.0,5.0,5.769551078621726,7.002632177292251,7.840628610219042,8.59864862673098
1196,6.280069828033447,6.327902142064283,5.0,5.0,5.596490607097571,6.025706859412084,6.4526793486171155
1197,5.670515537261963,5.0,5.0,5.309894379144197,6.0491978875360894,6.32765564127649,6.517658239483867
1198,5.005592346191406,5.0,5.0,5.0,5.142618929405524,5.5753667688338275,6.54003127572679
1199,6.484799861907959,8.236572006437063,5.0,5.0,5.0,5.0,5.0
1200,5.407217025756836,5.0,5.0,5.0,5.6020599913279625,5.7447274948966935,5.886056647693163
1201,6.2966718673706055,7.585026652029182,5.0,5.928180382362728,6.772577569995745,7.568636235841013,8.324875990832918
1202,5.491815090179443,5.0,5.0,5.0,5.7366550031619,6.053660333567737,6.31934349279846
1203,4.680793762207031,5.0,5.0,5.0,5.0,5.0,5.0
1204,5.854116439819336,5.0,5.0,5.0,5.0,5.0,5.0
1205,5.151738166809082,5.0,5.0,5.0,5.6445731277666615,5.951049602663894,6.020045663244449
1206,5.327762126922607,5.0,5.0,5.0,5.184163750790474,5.736655003161901,6.145085676420271
1207,6.038233280181885,5.0,5.0,5.0,5.0,5.0,5.139794000867203
1208,5.623668193817139,5.0,5.0,5.0,5.0,5.0,5.0
1209,5.0900750160217285,5.7447274948966935,5.0,5.0,5.216373919714151,5.954208448776369,6.926693965314053
1210,6.400084495544434,6.6020599913279625,5.0,6.200659450546418,6.638272163982407,8.221848749616356,8.958607314841775
1211,5.65085506439209,6.040958607678906,5.0,5.42021640338319,6.657577319177793,7.1249387366083,7.481486060122112
1212,5.585941791534424,5.0,5.5376020021010435,6.136677139879544,6.42021640338319,6.6020599913279625,7.161150909262744
1213,5.050269603729248,5.0,5.0,5.0,5.0,5.507042496070813,6.274290991274421
1214,5.659742832183838,5.0,5.0,5.30033623392066,6.271896009882983,6.480994761799621,8.877103382651214
1215,5.060407638549805,5.0,5.0,5.0,5.519066146175629,5.670701335829286,5.787170498505568
1216,5.9424357414245605,8.387216143280265,5.0,5.0,5.446836496938015,5.7447274948966935,5.82193565197116
1217,5.373389720916748,5.0,6.076163040999861,6.170565203899018,6.233499979165125,6.264967366798177,6.29643475443123
1218,5.787125587463379,5.0,5.0,5.0,5.0,6.42021640338319,6.481486060122113
1219,5.791065692901611,9.0,5.0,5.0,5.210108201691595,5.42021640338319,5.5707314012151805
1220,5.624749660491943,5.0,5.0,5.0,5.0,5.0,5.0
1221,5.956542491912842,5.920818753952375,5.0,5.42021640338319,6.657577319177793,7.1249387366083,7.481486060122112
1222,4.5751471519470215,5.0,5.0,5.0,5.0,5.296297212024423,5.888891636073268
1223,4.951617240905762,5.0,5.0,5.0,5.0,5.0,5.314266750356872
1224,5.236732006072998,5.0,5.0,5.0,5.0,5.0,5.0
1225,4.714629650115967,5.0,5.0,5.0,5.0,5.0,5.0
1226,4.8355183601379395,5.0,5.0,5.0,5.0,5.0,5.0
1227,4.947871208190918,5.0,5.0,5.18837535480105,6.7396216559868245,6.886056647693163,7.169199170261093
1228,5.037777900695801,5.0,5.0,5.0,5.201449578395039,6.139488794400743,6.543303570590206
1229,5.522343158721924,5.0,5.0,5.0,5.708512583073295,6.456685660619315,8.053554394051933
1230,6.620310306549072,8.568636235841012,5.0,5.769551078621726,7.002632177292251,7.840628610219042,8.59864862673098
1231,5.527463436126709,5.0,5.0,5.0,5.0,5.0,5.0
1232,4.761744022369385,5.0,5.0,5.0,5.0,5.0,5.0
1233,5.209510803222656,5.0,5.0,5.0,5.0,5.1925944240488455,5.658495156981774
1234,5.082793712615967,5.0,5.0,5.0,5.0,5.494850021680094,5.698970004336019
1235,5.889084339141846,5.0,5.0,5.0,5.0,5.0,5.3014005676816796
1236,6.151081085205078,6.229147988357855,5.0,5.0,5.0,5.223837281543842,6.140057981153716
1237,5.081806182861328,5.0,5.0,5.0,5.336173122706551,5.502471299162677,5.940909367734202
1238,5.56437349319458,5.0,5.0,5.0,5.0,5.0,5.0
1239,5.3272223472595215,5.0,5.0,5.0,5.708512583073295,6.456685660619315,8.053554394051933
1240,5.856027126312256,5.0,5.5376020021010435,6.136677139879544,6.42021640338319,6.6020599913279625,7.161150909262744
1241,5.233518123626709,5.0,5.0,5.0,5.0,5.0,6.052177559189752
1242,4.9233808517456055,5.0,5.0,5.0,5.0,5.0,5.0795880017344075
1243,5.96422815322876,5.0,5.0,5.287967737291256,7.461462975529174,8.170234422669175,8.401017899130922
1244,5.500421047210693,5.0,5.0,5.0,5.0,5.0,5.864737526099142
1245,5.517451763153076,5.795880017344075,5.0,5.0,5.0,5.0,5.0
1246,5.70160436630249,5.142667503568732,5.0,5.0,5.0,5.263030927671117,5.733304289873123
1247,6.352816104888916,6.7447274948966935,5.0,5.0,5.717273000560288,6.048978181754958,6.7870173977606605
1248,4.9706711769104,5.0,5.0,5.0,5.0,5.0,5.377211329538633
1249,5.112945556640625,5.0,5.0,5.129818655252878,5.329481682537159,6.008456040717206,6.535526288668958
1250,4.8514084815979,5.0,5.0,5.0,5.0,5.0,5.0
1251,5.285760402679443,5.0,5.0,5.0,5.0,5.0,5.0
1252,4.914466381072998,5.0,5.0,5.0,5.26935749724493,6.077429988979726,6.5496212774634985
1253,5.554603099822998,5.481486060122113,5.0,5.0,6.068377979021429,6.7791897757223625,7.668920260392717
1254,5.705803394317627,7.221848749616356,5.378913216807529,5.958607314841775,6.717273000560288,6.850382250330102,7.853112668883502
1255,4.90976095199585,5.0,5.0,5.0,5.0,5.0,5.0
1256,5.262134552001953,5.0,5.0,5.0,5.0,5.886324317847616,6.185228563145452
1257,6.025590419769287,5.431798275933005,5.0,5.0,6.068377979021429,6.7791897757223625,7.668920260392717
1258,5.102348327636719,5.0,5.0,5.0,5.0,5.0,5.129818655252878
1259,5.177932262420654,5.251811972993799,5.0,5.0,5.0,5.0,5.0
1260,5.533066272735596,5.638272163982407,5.00261888324147,5.429118384862106,5.882751518246458,5.969390180020549,6.056028841794641
1261,4.882485389709473,6.568636235841013,5.0,5.0,5.0,5.0,5.30945511543382
1262,5.0811896324157715,5.0,5.0,5.0,5.0,5.0802637802185675,5.370649559108152
1263,5.047623157501221,5.0,5.142618929405526,5.356547323513812,6.088763051451145,6.454870915419811,6.8209787793884775
1264,4.981721878051758,5.0,5.0,5.0,5.0,5.301727661233146,6.61798047468195
1265,4.91509485244751,5.0,5.0,5.0,5.0,5.0,5.634010660811674
1266,5.409433841705322,5.0,5.0,5.0,5.201449578395039,6.139488794400743,6.543303570590206
1267,6.070337295532227,5.0,5.0,5.0,5.0,5.0,5.0
1268,5.316371440887451,5.0,5.0,5.0,5.0,5.0,5.668744396507356
1269,5.707051753997803,5.0,5.0,5.0,5.7162920156096675,6.038747677265481,6.6638798638515
1270,5.615215301513672,6.920818753952375,5.0,5.0,5.708512583073295,6.456685660619315,8.053554394051933
1271,6.159669399261475,5.0,5.0,5.614942352606449,7.844835868359313,8.098999141397796,9.13106355737751
1272,6.032558917999268,7.886056647693163,5.0,5.0,5.844698206593385,6.011255601796691,6.26164275048356
1273,5.057507038116455,5.0,5.0,5.0,5.095627628787324,5.403952509078869,5.807929816367233
1274,5.247402667999268,5.4089353929735005,5.0,5.0,5.0,5.0,5.0
1275,5.537774562835693,5.275724130399211,5.0,5.0,5.0,5.0,5.0
1276,4.902617454528809,5.0,5.0,5.0,5.336173122706551,5.502471299162677,5.940909367734202
1277,5.421271800994873,5.0,5.0,5.0,5.0,5.0,5.0
1278,5.568008899688721,6.346787486224656,5.0,5.33889035263304,5.770689473640969,5.908845318154531,6.0508638306165725
1279,4.762422561645508,5.0,5.0,5.0,5.0,5.0,5.0
1280,5.337981700897217,5.0,5.0,5.0,5.708512583073295,6.456685660619315,8.053554394051933
1281,4.98779821395874,5.0,5.0,5.0,5.0,5.0,5.0
1282,5.42744255065918,5.508638306165727,5.378913216807529,5.958607314841775,6.717273000560288,6.850382250330102,7.853112668883502
1283,5.049382209777832,5.0,5.0,5.0,5.26935749724493,6.077429988979726,6.5496212774634985
1284,4.90683126449585,5.0,5.0,5.0,5.0,5.0,5.920818753952375
1285,5.506564140319824,5.619788758288394,5.0,5.30033623392066,6.271896009882983,6.480994761799621,8.877103382651214
1286,5.5694661140441895,5.0,5.0,5.0,5.576736118661023,5.901436751350764,6.360123729071389
1287,5.965395450592041,7.5376020021010435,5.0,5.0,5.708512583073295,6.456685660619315,8.053554394051933
1288,5.012216091156006,5.0,5.0,5.0,5.0,5.0,5.0795880017344075
1289,5.240794658660889,5.0,5.0,5.0,5.008092190762393,5.555595640645169,6.751306992442353
1290,5.240278720855713,5.0,5.0,5.0,5.068105564896511,5.409654350625216,6.169457226644011
1291,5.413510799407959,5.638272163982407,5.015144142787624,5.6777807052660805,6.359508994354129,6.896667784042121,7.4288753542995805
1292,4.773930072784424,5.0,5.0,5.0,5.0,5.0,5.0
1293,4.5783162117004395,5.619788758288394,5.0,5.0,5.0,5.0,5.0
1294,4.965137481689453,5.0,5.0,5.0,5.0,5.0,5.0
1295,4.584989547729492,5.0,5.0,5.0,5.0,5.0,5.0
1296,5.1566162109375,5.0,5.0,5.0,5.853660333567736,6.21269753761629,6.952842911422624
1297,5.679454326629639,8.853871964321762,5.0,5.0,5.0,5.0,5.6777807052660805
1298,4.566497325897217,5.0,5.0,5.0,5.958607314841775,6.070581074285707,6.113509274827518
1299,4.87844705581665,5.0,5.0,5.0,5.0,5.0,5.895349126175367
1300,5.550515174865723,5.0,5.0,5.122062572163754,5.770689473640969,5.900566781122885,5.985661382193382
1301,5.675266742706299,5.346787486224656,5.0,5.0,5.717273000560288,6.048978181754958,6.7870173977606605
1302,4.97169303894043,5.0,5.0,5.0,5.0,5.0,5.305182983699436
1303,6.021456241607666,5.337242168318426,5.0,5.769551078621726,7.002632177292251,7.840628610219042,8.59864862673098
1304,5.8736653327941895,7.698970004336019,5.0,5.42021640338319,6.657577319177793,7.1249387366083,7.481486060122112
1305,5.705713748931885,5.356547323513812,5.0,5.0,5.0,5.0,5.314266750356872
1306,5.128015518188477,5.0,5.0,5.0,5.0,5.0,6.07116140690399
1307,5.417378902435303,5.0,5.0,5.0,5.345438620746404,5.564820623348016,5.830865318178036
1308,4.838311672210693,5.0,5.0,5.0,5.0,5.084043280676638,5.252129842029914
1309,5.405580520629883,5.0,5.0,5.0,5.097170173104912,5.229849699277086,5.693936665414687
1310,5.465036869049072,5.0,5.0,5.0,5.0,5.0,5.0
1311,5.337981700897217,5.0,5.0,5.0,5.708512583073295,6.456685660619315,8.053554394051933
1312,4.952643394470215,5.0,5.0,5.0,5.20345532246629,5.305182983699437,5.406910644932582
1313,6.148128032684326,5.721246399047171,5.0,5.928180382362728,6.772577569995745,7.568636235841013,8.324875990832918
1314,4.7577619552612305,5.0,5.0,5.0,5.0,5.0,5.0
1315,6.692020893096924,5.0,5.0,5.0,5.008092190762393,5.555595640645169,6.751306992442353
1316,5.079168796539307,5.0,5.0,5.0,5.5129341232531095,5.958432293377779,6.459547352245197
1317,4.918467044830322,5.0,5.0,5.0,5.160563744106219,5.440151745840627,5.855473215493237
1318,5.007597923278809,5.0,5.0,5.227965977824862,5.529434997455911,5.5376020021010435,5.642138395778679
1319,5.114434719085693,5.0,5.0,5.0,5.494752000253373,5.647915503315358,6.239625999943646
1320,5.334514141082764,5.0,5.0,5.0,5.0,5.766026570025314,6.106860737855564
1321,4.95109748840332,5.0,5.0,5.0,5.0,5.0,5.0
1322,4.911886692047119,5.0,5.0,5.0,5.0,5.0,5.0
1323,6.326961994171143,5.0,5.0,5.309894379144197,6.0491978875360894,6.32765564127649,6.517658239483867
1324,5.190257549285889,5.0,5.0,5.0,6.315831350852757,7.387503458885711,8.024315496631102
1325,5.4253363609313965,5.823908740944319,5.0,5.0,5.0869625986495866,5.173925197299173,5.265236260406493
1326,5.365157127380371,6.161150909262744,5.0,5.0,5.1916350977420995,5.494997974617254,5.904956590427026
1327,5.677217960357666,5.167491087293763,5.0,5.0,5.0,5.1925944240488455,5.658495156981774
1328,4.561802387237549,5.0,5.0,5.0,5.0,5.0,5.305182983699436
1329,5.143309593200684,5.0,5.0,5.0,5.596490607097571,6.025706859412084,6.4526793486171155
1330,5.217183589935303,5.0,5.0,5.0,5.0,5.0,5.552841968657781
1331,5.353029251098633,5.0,5.0,5.0,5.008092190762393,5.555595640645169,6.751306992442353
1332,5.463831901550293,5.0,5.0,5.0,5.0,5.0,5.0
1333,5.509960651397705,5.0,5.0,5.0,5.4467905147876845,5.723436428713836,7.10110352518409
1334,5.211327075958252,5.0,5.0,5.0,5.8327668861431246,6.519126541329726,7.4754624086313655
1335,5.320307731628418,5.0,5.0,5.129818655252878,5.329481682537159,6.008456040717206,6.535526288668958
1336,4.999431133270264,5.0,5.0,5.0,5.0,5.0,5.234010660811673
1337,5.107470989227295,5.0,5.0,5.0,5.0,5.0,5.0
1338,5.043590068817139,5.0,5.0,5.0,5.0,5.177211329538633,5.531633988615898
1339,5.658790111541748,5.0,5.0,5.0,7.035625007497918,7.38004376813455,7.604730444456747
1340,4.9633917808532715,5.0,5.0,5.0,5.0,5.0,5.3191360819912035
1341,5.166463375091553,5.0,5.0,5.0,5.0,5.356547323513812,6.795880017344075
1342,5.299532413482666,5.0,5.0,5.0,5.0,5.093971785205677,5.226292647534192
1343,5.63794469833374,5.0,5.0,5.803651523370167,6.43379958559393,6.683044951125544,6.860947047480813
1344,5.116880893707275,5.0,5.0,5.0,7.035625007497918,7.38004376813455,7.604730444456747
1345,5.792598247528076,5.0,5.0,5.0,5.0,5.0,5.348494528952238
1346,5.6188225746154785,9.619788758288394,5.0,5.0,5.708512583073295,6.456685660619315,8.053554394051933
1347,5.7025370597839355,6.022276394711152,5.0,5.0,5.0,5.0,5.144364851566506
1348,4.899252414703369,5.0,5.0,5.0,5.0,5.0,5.0
1349,5.458339214324951,5.0,5.0,5.0,5.0,5.0,5.0
1350,5.01889181137085,5.0,5.0,5.0,5.335556141053215,6.342224564212866,7.434122917496055
1351,5.09470796585083,5.0,5.0,5.0,5.0,5.0,5.0
1352,7.317957401275635,7.795880017344075,5.0,5.0,5.0,6.42021640338319,6.481486060122113
1353,4.992207050323486,5.0,5.0,5.0,5.0,5.0916591953431425,5.269678045872886
1354,5.324798107147217,7.958607314841775,5.0,5.0,5.0,5.0,7.440487994684071
1355,5.1566972732543945,5.0,5.0,5.0,5.340823996531185,5.727202434050302,5.828575698611751
1356,5.0944132804870605,5.0,5.0,5.0,5.0,5.0,5.0795880017344075
1357,5.693976879119873,5.0,5.0,5.0,5.0,5.0,5.0
1358,5.16232967376709,5.0,5.0,5.0,5.150741978564387,5.449959733306949,6.1009273341251244
1359,6.531472682952881,6.481486060122113,5.0,5.0,5.0,5.3707743928643525,6.112323178593057
1360,4.75878381729126,5.0,5.0,5.0,5.0,5.576997119237737,5.915076914552607
1361,4.862722873687744,5.119186407719209,5.0,5.0,5.0,5.0,5.0
1362,4.965585231781006,5.0,5.0,5.0,5.112251986014286,5.333388773477399,5.569928007722705
1363,5.317915439605713,5.0,5.0,5.30033623392066,6.271896009882983,6.480994761799621,8.877103382651214
1364,4.9564385414123535,5.0,5.0,5.0,5.0,5.241230752217968,5.6218487496163565
1365,5.20977783203125,5.0,5.0,5.0,5.0,5.0,5.0
1366,6.167447090148926,5.886056647693163,5.0,5.030240373690691,5.979796630032903,6.440875561547003,6.637736343307488
1367,6.529455184936523,7.251811972993799,5.0,5.0,5.160563744106219,5.440151745840627,5.855473215493237
1368,6.58280611038208,8.468521082957745,5.5376020021010435,6.136677139879544,6.42021640338319,6.6020599913279625,7.161150909262744
1369,5.172013282775879,5.0,5.0,5.0,5.1604035918505,5.622826716909309,6.0898160921468385
1370,4.846116065979004,5.0,5.0,5.129818655252878,5.329481682537159,6.008456040717206,6.535526288668958
1371,5.793697834014893,5.0,5.0,5.0,5.0,5.0,5.0
1372,4.885155200958252,7.721246399047171,5.0,5.0,5.0,5.0,5.0
1373,5.926633358001709,5.0,5.0,5.0,5.0869625986495866,5.173925197299173,5.265236260406493
1374,5.03883695602417,5.0,5.0,5.0,5.0,5.0,5.864737526099142
1375,5.089414119720459,5.0,5.0,5.0,5.0,5.0,5.0
1376,5.201782703399658,5.0,5.0,5.0,5.832079254105832,6.155946574837715,6.577685037796933
1377,5.473560810089111,5.823908740944319,5.0,5.0,5.0,5.351015991217509,5.585026652029182
1378,4.715445518493652,5.0,5.0,5.0,5.0,5.0,5.045403709931007
1379,4.797028541564941,5.0,5.0,5.0,5.0,5.0,5.583745543646882
1380,5.199368000030518,5.0,5.0,5.0,5.252129842029914,5.652129842029915,6.159176003468815
1381,5.470982074737549,6.055517327849832,5.0,5.074370825640463,5.6777807052660805,5.93394602718122,7.162746583357596
1382,5.0009589195251465,5.0,5.0,5.0,5.0,5.0,5.634010660811674
1383,4.985457420349121,5.0,5.0,5.0,5.0,5.886324317847616,6.185228563145452
1384,6.6875739097595215,7.698970004336019,5.0,5.0,5.0638272163982405,5.255308865592963,5.4467905147876845
1385,4.870292663574219,5.0,5.0,5.0,5.0,5.0,5.0
1386,6.179884433746338,5.0,5.0,5.928180382362728,6.772577569995745,7.568636235841013,8.324875990832918
1387,5.591436386108398,8.18045606445813,5.0,5.0,5.309772914624212,5.785123056544632,6.580936883073365
1388,5.4250807762146,5.0,5.378913216807529,5.958607314841775,6.717273000560288,6.850382250330102,7.853112668883502
1389,5.434289455413818,5.0,5.0,5.0,5.0,5.552491252371425,6.617810671064914
1390,5.131172180175781,5.0,5.0,5.0,5.0,5.0,5.721246399047171
1391,6.24414587020874,8.619788758288394,5.0,5.0,5.184163750790474,5.736655003161901,6.145085676420271
1392,6.676764488220215,6.008773924307505,5.6936512982466265,6.821318484692428,7.295062717774298,7.354829414764048,7.459720859977528
1393,5.259372711181641,5.0,5.0,5.0,5.0,5.0,5.3191360819912035
1394,6.147680759429932,6.337242168318426,5.0,5.0,5.0,5.223837281543842,6.140057981153716
1395,5.760409832000732,5.0,5.0,5.328788659588897,5.885292569477766,6.015710880738921,6.572000504422791
1396,6.18098783493042,5.187086643357144,5.0,5.0,5.0,5.0,5.0
1397,5.730459213256836,5.0,5.0,5.42021640338319,6.657577319177793,7.1249387366083,7.481486060122112
1398,5.308102130889893,5.920818753952375,5.0,5.0,5.0,5.0,5.267606240177032
1399,4.712377071380615,5.0,5.0,5.0,5.0,5.0,5.0
1400,5.527797222137451,8.698970004336019,5.0,5.0,5.708512583073295,6.456685660619315,8.053554394051933
1401,5.3582634925842285,5.0,5.0,5.0,5.657577319177793,5.920818753952375,6.154901959985743
1402,5.472753524780273,5.0,5.0,5.0,5.768744396507357,6.052401239005146,7.4183227671325565
1403,5.241064548492432,5.0,5.0,5.0,5.0,5.0,5.583745543646882
1404,5.307377338409424,5.0,5.0,5.0,5.0,5.0,5.0
1405,5.101830005645752,5.0,5.0,5.0,5.0,5.508638306165727,6.451544993495972
1406,5.306143283843994,5.0,5.0,5.0,5.486379853908173,6.0343342855371045,6.377990700976252
1407,5.815659523010254,5.0,5.0,5.42021640338319,6.657577319177793,7.1249387366083,7.481486060122112
1408,5.430099010467529,5.0,5.0,5.0,5.230865323586517,5.820867764665735,6.715554367524456
1409,5.180939197540283,5.0,5.0,5.0,5.0,5.0,5.0
1410,5.1667561531066895,5.0,5.0,5.0,5.336173122706551,5.502471299162677,5.940909367734202
1411,5.352531909942627,5.886056647693163,5.0,5.0,5.0,5.0,5.4089353929735005
1412,4.789455890655518,5.0,5.0,5.547102059816066,5.779545458967391,5.920818753952375,6.67630851494269
1413,5.238065242767334,5.0,5.0,5.0,5.0,5.0,5.180617997398389
1414,6.160869121551514,7.853871964321762,5.0,5.0,5.0,5.984570506477258,6.408945452815283
1415,6.294020652770996,8.698970004336019,5.0,5.614942352606449,7.844835868359313,8.098999141397796,9.13106355737751
1416,4.986382007598877,5.0,5.0,5.0,5.0,5.0,5.60806164392009
1417,5.827600479125977,6.585026652029182,5.0,5.0,5.0,5.0,5.0
1418,6.438931465148926,5.0,5.6936512982466265,6.821318484692428,7.295062717774298,7.354829414764048,7.459720859977528
1419,5.863012790679932,5.0,5.0,5.769551078621726,7.002632177292251,7.840628610219042,8.59864862673098
1420,4.989222049713135,5.0,5.0,5.0,5.486379853908173,6.0343342855371045,6.377990700976252
1421,5.175268650054932,5.585026652029182,5.0,5.0,5.6445731277666615,5.951049602663894,6.020045663244449
1422,5.011882781982422,5.0,5.0,5.261439372640169,5.9076542845912,6.292429823902063,7.125518569371919
1423,4.806926727294922,5.0,5.0,5.0,5.0,5.0,5.0
1424,5.131282806396484,5.0,5.0,5.0,5.494752000253373,5.647915503315358,6.239625999943646
1425,5.876180171966553,6.585026652029182,5.0,5.0,5.0638272163982405,5.255308865592963,5.4467905147876845
1426,4.913680553436279,5.0,5.0,5.0,5.0,5.552491252371425,6.7251911251650505
1427,4.656653881072998,5.0,5.0,5.0,5.0,5.0,5.0
1428,5.503265857696533,5.0,5.0,5.0,5.708512583073295,6.456685660619315,8.053554394051933
1429,4.874629497528076,5.0,5.0,5.0,5.0,5.0,5.0
1430,5.500705242156982,5.0,5.0,5.0,5.557809882459554,6.481225900025257,7.487317135998911
1431,5.8051676750183105,5.0,5.0,5.0,5.0201454878767855,5.7447274948966935,6.035290537142854
1432,4.652899742126465,5.0,5.0,5.0,5.0,5.0,5.0
1433,5.727720260620117,5.0,5.0,5.0,5.0,5.210121998671017,5.630365996013053
1434,5.984213352203369,7.6777807052660805,5.0,5.0,5.0,5.0,5.07535014192042
1435,6.230549335479736,5.7447274948966935,5.045829597671571,5.568636235841013,7.83670401387526,7.959176003468815,8.440949163483824
1436,5.527797222137451,9.267606240177031,5.0,5.0,5.708512583073295,6.456685660619315,8.053554394051933
1437,5.284682273864746,5.0,5.0,5.0,5.0,5.0,6.07116140690399
1438,5.523836135864258,5.0,5.0,5.0,5.0,5.012096149476276,5.089111421265709
1439,5.963932514190674,6.318758762624412,5.0,5.42021640338319,6.657577319177793,7.1249387366083,7.481486060122112
1440,4.942139148712158,5.0,5.0,5.0,5.0,5.0,5.0
1441,5.205544471740723,5.0,5.0,5.0,5.494752000253373,5.647915503315358,6.239625999943646
1442,5.259079456329346,5.0,5.0,5.0,5.6,6.671112282106433,7.686473844022299
1443,5.315707683563232,5.0,5.0,5.346787486224656,6.443697499232712,7.1938200260161125,7.920818753952375
1444,4.519031524658203,5.0,5.0,5.0,5.0201454878767855,5.7447274948966935,6.035290537142854
1445,5.517053127288818,5.795880017344075,5.0,5.0,5.0,5.0,5.668744396507356
1446,5.353178024291992,5.0,5.0,5.30033623392066,6.271896009882983,6.480994761799621,8.877103382651214
1447,5.1430134773254395,5.0,5.0,5.0,5.090836138293877,5.342313722939064,5.714610867233399
1448,4.901026725769043,5.0,5.0,5.0,5.0,5.0,5.0
1449,4.730882167816162,5.0,5.0,5.0,5.26289556697899,5.774816866366195,5.804897680378984
1450,6.149837017059326,5.0,5.0,5.0,5.4467905147876845,5.723436428713836,7.10110352518409
1451,6.01298189163208,7.1249387366083,5.0,5.0,5.210108201691595,5.42021640338319,5.5707314012151805
1452,5.033563137054443,5.0,5.0,5.0,5.0,5.177211329538633,5.531633988615898
1453,5.6075873374938965,5.0,5.0,5.0,5.708512583073295,6.456685660619315,8.053554394051933
1454,5.283431529998779,5.0,5.0,5.0,5.20345532246629,5.305182983699437,5.406910644932582
1455,6.565190315246582,7.481486060122112,5.0,5.803651523370167,6.43379958559393,6.683044951125544,6.860947047480813
1456,5.831341743469238,5.585026652029182,5.0,5.30033623392066,6.271896009882983,6.480994761799621,8.877103382651214
1457,5.2789106369018555,5.292429823902063,5.0,5.0,5.708512583073295,6.456685660619315,8.053554394051933
1458,6.721594333648682,5.318758762624412,5.0,5.287967737291256,7.461462975529174,8.170234422669175,8.401017899130922
1459,5.143725872039795,5.0,5.0,5.0,5.336173122706551,5.502471299162677,5.940909367734202
1460,5.076828479766846,5.0,5.0,5.0,5.0,5.0,5.287582194452533
1461,4.543873310089111,5.0,5.0,5.0,5.0,5.084043280676638,5.252129842029914
1462,5.284005641937256,5.0,5.0,5.0,5.139794000867203,5.559176003468815,5.819382002601611
1463,4.94568395614624,5.0,5.0,5.0,5.6020599913279625,5.7447274948966935,5.886056647693163
1464,5.049781322479248,5.0,5.0,5.0,5.0,5.0,5.12757241303992
1465,5.627131938934326,5.508638306165727,5.0,5.0,5.4467905147876845,5.723436428713836,7.10110352518409
1466,6.0489397048950195,5.0,5.0,6.200659450546418,6.638272163982407,8.221848749616356,8.958607314841775
1467,5.198943614959717,5.0,5.0,5.42021640338319,6.657577319177793,7.1249387366083,7.481486060122112
1468,5.158896446228027,5.0,5.0,5.0,5.0,5.0,5.0
1469,5.081854343414307,5.0,5.0,5.0,5.0,5.0,5.0
1470,5.782682418823242,5.568636235841013,5.0,5.0,5.0,5.0,5.008864383480216
1471,5.432068347930908,5.886056647693163,5.0,5.0,5.20345532246629,5.305182983699437,5.406910644932582
1472,5.052768230438232,5.0,5.0,5.0,5.0,5.0,5.045403709931007
1473,6.18002986907959,9.387216143280265,5.045829597671571,5.568636235841013,7.83670401387526,7.959176003468815,8.440949163483824
1474,5.2351298332214355,5.070581074285707,5.0,5.0,5.0,5.0,5.335556141053217
1475,6.413156986236572,6.337242168318426,5.0,5.0,5.4467905147876845,5.723436428713836,7.10110352518409
1476,6.144671440124512,6.376750709602099,5.0,5.0,5.0,5.0,5.0
1477,5.313211441040039,8.301029995663981,5.0,5.0,5.329878389978372,5.420171791158,5.575313958251336
1478,5.788004398345947,5.6777807052660805,5.0,5.0,5.0,5.0,5.0
1479,5.109272003173828,5.0,5.0,5.0,6.081359291354222,6.4035294254543444,6.620538427799027
1480,4.953536033630371,5.0,5.0,5.0,5.0,5.0,5.468521082957745
1481,5.29619836807251,5.0,5.0,5.0,5.0,5.0,7.440487994684071
1482,5.870185375213623,6.619788758288394,5.0,5.0,5.0201454878767855,5.7447274948966935,6.035290537142854
1483,6.493913650512695,7.136677139879544,5.0,5.769551078621726,7.002632177292251,7.840628610219042,8.59864862673098
1484,6.1419219970703125,7.431798275933005,5.0,5.032750774378217,5.696834746491283,6.468685246554372,6.673751488085751
1485,5.534818649291992,5.0,5.0,5.42021640338319,6.657577319177793,7.1249387366083,7.481486060122112
1486,4.8656816482543945,5.0,5.0,5.0,5.0,5.177211329538633,5.531633988615898
1487,5.470805644989014,5.0,5.0,5.42021640338319,6.657577319177793,7.1249387366083,7.481486060122112
1488,5.470805644989014,5.0,5.0,5.42021640338319,6.657577319177793,7.1249387366083,7.481486060122112
1489,6.5405707359313965,7.920818753952375,5.0,5.0,5.776413232992072,6.865621827428363,7.442043438104964
1490,5.231735706329346,5.0,5.0,5.0,5.0,5.209151498112135,6.233185025054833
1491,5.03367805480957,5.0,5.0,5.0,5.7162920156096675,6.038747677265481,6.6638798638515
1492,7.062509059906006,9.00436480540245,5.0,5.287967737291256,7.461462975529174,8.170234422669175,8.401017899130922
1493,5.577783584594727,5.3979400086720375,5.0,5.42021640338319,6.657577319177793,7.1249387366083,7.481486060122112
1494,5.682805061340332,5.0,5.0,5.0,5.0,5.0,5.0
1495,5.030815601348877,5.0,5.0,5.0,5.218302996224269,5.873211984897081,6.295732985203996
1496,5.068953037261963,5.0,5.0,5.0,5.261960783994296,6.04784313597719,6.88377334994157
1497,5.785724639892578,5.2839966563652006,5.0,5.42021640338319,6.793384992580273,7.137875212617382,7.140271358093056
1498,6.205993175506592,8.42021640338319,5.0,5.0,6.315831350852757,7.387503458885711,8.024315496631102
1499,5.847226619720459,5.0,5.0,5.42021640338319,6.657577319177793,7.1249387366083,7.481486060122112
1500,4.615398406982422,5.0,5.0,5.0,5.0,5.0,5.0
1501,6.2991743087768555,8.443697499232712,5.0,5.769551078621726,7.002632177292251,7.840628610219042,8.59864862673098
1502,4.423675537109375,5.0,5.0,5.0,5.0,5.0,5.0
1503,5.780093669891357,5.0,5.0,5.0,5.0,5.0,5.0
1504,4.778270244598389,5.0,5.0,5.0,5.0,5.0,5.0
1505,5.8004584312438965,5.0,5.0,5.0,5.0,5.356547323513812,6.795880017344075
1506,4.863036155700684,5.0,5.0,5.0,5.0,5.103854924202302,5.3616200641289495
1507,5.30424690246582,5.0,5.0,5.0,5.0,5.0,5.70446769648675
1508,5.1636834144592285,5.0,5.0,5.0,5.0,5.0,5.0
1509,6.1412129402160645,5.0,5.0,5.0,5.0,6.42021640338319,6.481486060122113
1510,5.3889007568359375,5.0,5.0,5.0,5.0,5.0,7.440487994684071
1511,5.509040355682373,5.769551078621726,5.0,5.5376020021010435,6.068170466997458,6.51022560613271,6.798055961229678
1512,6.103190898895264,5.0,5.0,5.769551078621726,7.002632177292251,7.840628610219042,8.59864862673098
1513,5.39064359664917,5.0,5.0,5.0,5.55007498130775,6.226778245030048,6.406763468004177
1514,6.704672813415527,7.229147988357855,5.0,5.6777807052660805,6.845389193153565,7.339521244880396,8.032755032589993
1515,5.584564208984375,5.0,5.0,5.0,5.192973858767064,5.328501281388417,6.025031859678254
1516,6.085858345031738,7.251811972993799,5.0,5.42021640338319,6.657577319177793,7.1249387366083,7.481486060122112
1517,5.267613887786865,5.0,5.0,5.0,5.101727661233145,5.717368524130526,6.277112444960014
1518,5.291840076446533,5.0,5.0,5.0,7.035625007497918,7.38004376813455,7.604730444456747
1519,5.428809642791748,5.0,5.0,5.0,5.623884751944768,6.010375075152911,6.169468565440889
1520,4.7653584480285645,5.0,5.0,5.0,5.0,5.0,5.0
1521,5.238888263702393,5.823908740944319,5.0,5.0,5.0,5.103854924202302,5.3616200641289495
1522,5.581398963928223,5.0,5.0,5.0,5.0,5.0,5.0
1523,5.835890769958496,5.0,5.0,5.0,6.036212172654444,6.142667503568731,6.823908740944319
1524,5.033127307891846,5.0,5.0,5.0,5.0,5.0,5.0
1525,4.412293434143066,5.0,5.0,5.0,5.0,5.0,5.0
1526,5.643678188323975,6.6777807052660805,5.0,5.0,5.0,5.508638306165727,6.451544993495972
1527,5.296037197113037,5.309803919971486,5.0,5.0,5.1604035918505,5.622826716909309,6.0898160921468385
1528,4.988956928253174,5.0,5.0,5.0,5.0,5.0,5.0
1529,5.844289302825928,5.0,5.0,5.0,5.776413232992072,6.865621827428363,7.442043438104964
1530,5.837609767913818,7.251811972993799,5.0,5.0,5.0,5.0,5.129818655252878
1531,5.485433101654053,5.6020599913279625,5.0,5.0,5.519066146175629,5.670701335829286,5.787170498505568
1532,5.9845662117004395,6.698970004336019,5.0,5.0,5.20345532246629,5.305182983699437,5.406910644932582
1533,5.6188225746154785,9.585026652029182,5.0,5.0,5.708512583073295,6.456685660619315,8.053554394051933
1534,7.015269756317139,7.721246399047171,5.0,5.0,5.0,5.3707743928643525,6.112323178593057
1535,5.428081035614014,5.259637310505756,5.0,5.0,5.738738546094465,6.547883699278268,7.436625011876349
1536,5.0577778816223145,5.886056647693163,5.0,5.0,5.0,5.03236876304957,5.148780806775779
1537,5.11177921295166,5.0,5.0,5.0,5.0,5.05679933127304,5.4839966563652
1538,5.34136438369751,5.0,5.0,5.0,5.0,5.0,5.288498559618869
1539,5.338072299957275,5.0,5.0,5.0,6.368669355166785,6.609493351697969,7.040192160757503
1540,4.939377307891846,5.0,5.0,5.0,5.0,5.0,5.0
1541,5.868310451507568,5.0,5.0,5.0,5.0,5.0,5.377211329538633
1542,5.04863977432251,5.0,5.0,5.0,5.0,5.0,5.0
1543,6.554984092712402,7.267606240177032,5.045829597671571,5.568636235841013,7.83670401387526,7.959176003468815,8.440949163483824
1544,5.411411285400391,5.0,5.0,5.42021640338319,6.657577319177793,7.1249387366083,7.481486060122112
1545,6.9390645027160645,7.721246399047171,5.0,5.0,5.0,5.0,5.342800251070619
1546,5.098829746246338,5.0,5.0,5.547102059816066,5.779545458967391,5.920818753952375,6.67630851494269
1547,4.962098598480225,6.552841968657781,5.0,5.0,5.0201454878767855,5.7447274948966935,6.035290537142854
1548,5.250473499298096,5.0,5.0,5.0,5.442273574926224,5.9699280077227055,6.804100085852557
1549,6.587602615356445,6.113509274827518,5.0,5.0,5.0,5.0,5.346395015176066
1550,5.818786144256592,5.0,5.0,5.0,5.0,5.093971785205677,5.226292647534192
1551,5.982760906219482,5.0,5.0,5.287967737291256,7.461462975529174,8.170234422669175,8.401017899130922
1552,4.956750392913818,5.0,5.0,5.0,5.0,5.0,5.622062572163754
1553,5.114432334899902,5.0,5.0,5.0,5.761091082236913,6.416153306250301,7.328727082090541
1554,4.927852153778076,5.0,5.0,5.0,5.340823996531185,5.727202434050302,5.828575698611751
1555,5.488356113433838,5.107905397309519,5.0,5.0,5.0,5.0,5.0
1556,5.018627166748047,5.0,5.0,5.0,5.0,5.0,5.297890997958678
1557,5.534740447998047,5.0,5.0,5.42021640338319,6.657577319177793,7.1249387366083,7.481486060122112
1558,5.661545276641846,7.187086643357144,5.0,5.0,5.159379381312206,5.318758762624412,5.988168040901103
1559,5.193215847015381,5.0,5.0,5.0,5.0,5.0,5.0
1560,5.421248912811279,5.0,5.0,5.0,5.0,5.576997119237737,5.915076914552607
1561,4.964651584625244,5.0,5.0,5.0,5.0,5.0,5.0
1562,5.296776294708252,5.585026652029182,5.0,5.0,5.0,5.0,5.0
1563,5.941813945770264,6.920818753952375,5.0,5.0,5.0,5.0,6.052177559189752
1564,5.821313381195068,5.958607314841775,5.0,5.0,5.0,5.0,5.045403709931007
1565,5.476413249969482,5.0,5.0,5.30033623392066,6.271896009882983,6.480994761799621,8.877103382651214
1566,5.526552200317383,5.0,5.0,5.0,5.698970004336019,6.119186407719209,6.568636235841013
1567,5.35474157333374,5.0,5.0,5.328788659588897,5.885292569477766,6.015710880738921,6.572000504422791
1568,6.320396900177002,5.0,5.0,5.292429823902063,5.801396958063174,6.210789396402983,6.471963329792007
1569,6.145065784454346,5.920818753952375,5.0,5.0,5.509691001300805,6.858146007804834,7.63075221594426
1570,4.8923468589782715,5.0,5.0,5.0,5.0,5.0,5.144364851566506
1571,5.116939067840576,5.0,5.0,5.0,5.0,5.0,5.139794000867203
1572,5.605842113494873,7.0,5.0,5.0,5.0,5.0,5.0
1573,4.858500957489014,5.0,5.0,5.0,5.0,5.0,5.864737526099142
1574,5.097131729125977,5.0,5.0,5.0,5.04997549464332,5.146666040200967,5.396975746372329
1575,5.734797954559326,5.0,5.0,5.0,5.0,5.0,5.142021640338318
1576,5.350271701812744,5.0,5.0,5.547102059816066,5.779545458967391,5.920818753952375,6.67630851494269
1577,4.963695049285889,5.0,5.0,5.0,5.0,5.0,5.0
1578,5.511501312255859,5.0,5.0,5.0,5.0,5.494850021680094,5.698970004336019
1579,5.186565399169922,5.0,5.0,5.0,5.0,5.0,5.4089353929735005
1580,4.823292255401611,5.0,5.0,5.0,5.20345532246629,5.305182983699437,5.406910644932582
1581,5.1310296058654785,5.0,5.0,5.0,5.0,5.552491252371425,6.617810671064914
1582,5.813519477844238,5.0,5.0,5.0,5.095627628787324,5.403952509078869,5.807929816367233
1583,6.722062587738037,6.886056647693163,5.0,5.769551078621726,7.002632177292251,7.840628610219042,8.59864862673098
1584,5.077279567718506,5.0,5.0,5.0,5.0,5.327902142064283,6.2076083105017466
1585,5.541029453277588,5.0,5.0,5.0,5.0,5.51359866254608,6.637319323763178
1586,5.814847469329834,5.2441251443275085,5.0,5.30033623392066,6.271896009882983,6.480994761799621,8.877103382651214
1587,5.723079204559326,5.0,5.0,5.0,5.0,5.0,5.0
1588,5.71447229385376,6.6777807052660805,5.0,5.769551078621726,7.002632177292251,7.840628610219042,8.59864862673098
1589,5.389794826507568,5.0,5.0,5.0,5.0,5.223837281543842,6.140057981153716
1590,5.364899158477783,5.0,5.0,5.0,5.0,5.093971785205677,5.226292647534192
1591,4.655065059661865,5.0,5.0,5.0,5.0,5.139140157839338,5.395587282774788
1592,5.180291652679443,5.0,5.0,5.0,5.160563744106219,5.440151745840627,5.855473215493237
1593,5.499633312225342,5.0,5.0,5.292429823902063,5.801396958063174,6.210789396402983,6.471963329792007
1594,5.213952541351318,5.769551078621726,5.0,5.0,5.5713337517843655,6.142667503568731,6.787232889750868
1595,4.851889610290527,5.0,5.0,5.0,5.951015991217508,6.669367998155139,6.845855511987395
1596,5.927371501922607,7.346787486224656,5.455931955649724,6.839926856944473,7.240743030061056,7.522878745280337,8.002182402701225
1597,5.170194149017334,5.0,5.0,5.0,5.0,5.0,5.335556141053217
1598,5.214592456817627,6.920818753952375,5.0,5.0,5.303517951486582,5.772541840295507,6.237332733324225
1599,5.230935573577881,5.0,5.0,5.0,5.0,5.0,5.008864383480216
1600,6.058309078216553,6.468521082957745,5.0,5.0,5.0,5.0916591953431425,5.269678045872886
1601,5.527685642242432,5.0,5.0,5.0,5.159379381312206,5.318758762624412,5.988168040901103
1602,5.107480525970459,7.013228265733755,5.0,5.0,5.0,5.0,5.0
1603,5.033035755157471,5.0,5.0,5.0,5.0,5.0,5.377211329538633
1604,5.821834087371826,5.0,5.0,5.0,5.0,5.0,5.07535014192042
1605,5.827136993408203,5.0,5.0,5.0,5.006682918413346,5.149336579604481,5.6839014626552515
1606,5.385008811950684,5.200659450546418,5.0,5.0,5.4467905147876845,5.723436428713836,7.10110352518409
1607,5.04987907409668,5.0,5.0,5.0,5.0,5.0,5.346395015176066
1608,5.8359150886535645,5.920818753952375,5.455931955649724,6.839926856944473,7.240743030061056,7.522878745280337,8.002182402701225
1609,5.327557563781738,5.0,5.0,5.0,5.0,5.0,5.920818753952375
1610,6.091583251953125,5.0,5.0,5.0,5.101727661233145,5.717368524130526,6.277112444960014
1611,5.169256687164307,5.0,5.0,5.0,5.0,5.223837281543842,6.140057981153716
1612,6.7354960441589355,6.958607314841775,5.0,5.0,5.101727661233145,5.520030657457415,5.848767903643857
1613,5.331554412841797,5.0,5.0,5.0,5.0,5.0,6.07116140690399
1614,4.699740886688232,5.0,5.0,5.0,5.0,5.0,5.0
1615,4.941941738128662,5.0,5.0,5.0,5.201449578395039,6.139488794400743,6.543303570590206
1616,4.9048590660095215,5.0,5.0,5.0,5.0,5.247314401287413,5.741943203862238
1617,4.74666166305542,5.0,5.0,5.0,5.0,5.0,5.0
1618,4.912087440490723,5.0,5.0,5.0,5.0,5.279588001734408,6.594799162246874
1619,5.302846431732178,5.0,5.0,5.0,5.216373919714151,5.954208448776369,6.926693965314053
1620,6.435408115386963,6.327902142064283,5.0,5.0,5.0,5.0,5.0
1621,5.166098117828369,5.0,5.0,5.0,5.0,5.0594966605123695,5.533901498419491
1622,4.855651378631592,5.0,5.0,5.0,5.0,5.0,5.1
1623,4.797000408172607,5.0,5.0,5.0,5.0,5.0,5.144364851566506
1624,5.7944817543029785,8.0,5.0,5.42021640338319,6.657577319177793,7.1249387366083,7.481486060122112
1625,6.641118049621582,6.823908740944319,5.0,5.42021640338319,6.657577319177793,7.1249387366083,7.481486060122112
1626,6.979249477386475,8.387216143280265,5.0,5.928180382362728,6.772577569995745,7.568636235841013,8.324875990832918
1627,5.831113338470459,5.0,5.0,5.0,5.0,5.0,5.0
1628,4.912785053253174,6.136677139879544,5.0,5.0,5.7447274948966935,6.026872146400302,6.5376020021010435
1629,6.0590739250183105,5.0,5.0,5.261439372640169,5.9076542845912,6.292429823902063,7.125518569371919
1630,4.992496967315674,5.0,5.0,5.0,5.163951071032141,5.327902142064283,6.048726610343005
1631,5.926022052764893,5.0,5.0,5.0,5.342883161099869,5.813915343413893,5.936172597251873
1632,5.286143779754639,6.214670164989233,5.0,5.0,5.576736118661023,5.901436751350764,6.360123729071389
1633,4.9424824714660645,5.0,5.0,5.0,5.0,5.0,5.149669314685716
1634,4.532503128051758,5.0,5.0,5.0,5.0,5.0,5.0
1635,5.446641445159912,5.0,5.0,5.0,5.0,5.0,5.0
1636,5.21868371963501,5.0,5.0,5.0,5.0,5.768718582206093,6.934458917154219
1637,6.148179531097412,6.267606240177032,5.0,5.0,5.0,5.0,7.440487994684071
1638,5.279432773590088,5.0,5.0,5.0,5.509691001300805,6.858146007804834,7.63075221594426
1639,6.165150165557861,6.853871964321762,5.0,5.42021640338319,6.793384992580273,7.137875212617382,7.140271358093056
1640,5.389030933380127,5.886056647693163,5.0,5.18837535480105,6.7396216559868245,6.886056647693163,7.169199170261093
1641,5.611452102661133,5.0,5.0,5.0,5.0,5.0,5.0
1642,6.025437831878662,7.0915149811213505,5.0,5.0,5.0,5.0,5.346395015176066
1643,6.153871059417725,5.455931955649724,5.0,5.287967737291256,7.461462975529174,8.170234422669175,8.401017899130922
1644,5.3536505699157715,5.619788758288394,5.0,5.0,5.0,5.065580428412857,5.5327869988180645
1645,5.898551940917969,5.0,5.0,5.0,5.0,5.0,5.0
1646,5.88154935836792,5.0,5.0,5.769551078621726,7.002632177292251,7.840628610219042,8.59864862673098
1647,5.232738971710205,5.0,5.0,5.0,5.0,5.0,5.0795880017344075
1648,5.771070957183838,5.0,5.0,5.372363747448347,6.566292336749683,6.899319376099946,7.31858214935268
1649,5.19924783706665,5.0,5.0,5.0,5.0,5.0,5.0
1650,4.63767671585083,5.0,5.0,5.0,5.0,5.0,5.0
1651,5.030492305755615,5.0,5.0,5.0,5.0,5.576997119237737,5.915076914552607
1652,5.4241414070129395,5.0,5.0,5.0,5.086359655186601,5.345438620746404,6.887311395274088
1653,5.004860877990723,5.0,5.0,5.0,5.230865323586517,5.820867764665735,6.715554367524456
1654,5.933607578277588,5.0,5.0,5.0,5.0,5.203455322466291,5.620010954683868
1655,6.08118200302124,5.107905397309519,5.0,5.0,5.0,5.223837281543842,6.140057981153716
1656,4.992275238037109,5.0,5.0,5.0,5.708512583073295,6.456685660619315,8.053554394051933
1657,5.134667873382568,5.0,5.0,5.0,5.0,5.494850021680094,5.698970004336019
1658,5.1472249031066895,5.0,5.0,5.0,5.0,5.0,5.045403709931007
1659,5.7849040031433105,5.6777807052660805,5.0,5.0,5.0,6.42021640338319,6.481486060122113
1660,5.181086540222168,5.0,5.0,5.0,5.0,5.0,5.6777807052660805
1661,5.992567539215088,8.09151498112135,5.0,5.769551078621726,7.002632177292251,7.840628610219042,8.59864862673098
1662,6.001711845397949,8.10790539730952,5.0,5.0,5.117005330405836,5.468021321623346,6.748955999889548
1663,5.696016788482666,5.0,5.0,5.0,5.0,6.42021640338319,6.481486060122113
1664,6.136368274688721,5.0,5.0,5.287967737291256,7.461462975529174,8.170234422669175,8.401017899130922
1665,5.722542762756348,5.0,5.0,5.0,6.010237290870956,6.118490746653228,6.2535212480354065
1666,7.66068696975708,6.455931955649724,5.045829597671571,5.568636235841013,7.83670401387526,7.959176003468815,8.440949163483824
1667,5.070367336273193,5.0,5.0,5.0,5.7447274948966935,6.026872146400302,6.5376020021010435
1668,5.48815393447876,5.0,5.0,5.30033623392066,6.271896009882983,6.480994761799621,8.877103382651214
1669,4.994582653045654,5.0,5.0,5.0,5.0,5.494850021680094,5.698970004336019
1670,5.103118419647217,5.0,5.0,5.0,5.0,5.0,5.0
1671,5.060503005981445,5.0,5.0,5.0,5.0,5.0,5.0
1672,5.948007106781006,6.721246399047171,5.0,5.0,5.6445731277666615,5.951049602663894,6.020045663244449
1673,4.874557018280029,5.0,5.0,5.0,5.468521082957745,6.167491087293763,6.920818753952375
1674,5.768528938293457,5.251811972993799,5.0,5.30033623392066,6.271896009882983,6.480994761799621,8.877103382651214
1675,5.819581985473633,5.0,5.0,5.0,5.0,5.0,5.0
1676,5.362289905548096,5.0,5.0,5.0,5.0638272163982405,5.255308865592963,5.4467905147876845
1677,5.001486301422119,5.0,5.0,5.0,5.0,5.0,5.144364851566506
1678,5.325793266296387,5.0,5.0,5.547102059816066,5.779545458967391,5.920818753952375,6.67630851494269
1679,5.318796634674072,6.853871964321762,5.0,5.0,5.0,5.7510871837962805,6.699686629564667
1680,5.072267055511475,5.0,5.0,5.0,5.0,5.0,5.0
1681,6.078673839569092,5.0,5.0,5.0,5.968889800705817,6.338153788612729,6.662443951152241
1682,4.984595775604248,5.0,5.0,5.0,5.0,5.0,5.0
1683,4.908586025238037,5.0,5.0,5.292429823902063,5.801396958063174,6.210789396402983,6.471963329792007
1684,4.704690456390381,5.0,5.0,5.0,5.0,5.0,5.1
1685,5.177873134613037,5.0,5.0,5.0,5.0,5.148945498979339,5.832233621235863
1686,5.3487091064453125,5.920818753952375,5.0,5.0,5.346395015176065,5.658146007804834,6.182811806226959
1687,5.1483306884765625,5.0,5.0,5.0,5.0,5.0,5.0
1688,5.911013126373291,5.508638306165727,5.0,5.0,5.4467905147876845,5.723436428713836,7.10110352518409
1689,5.2648091316223145,5.0,5.0,5.0,5.0,6.42021640338319,6.481486060122113
1690,5.8736653327941895,7.795880017344075,5.0,5.42021640338319,6.657577319177793,7.1249387366083,7.481486060122112
1691,5.491280555725098,5.619788758288394,5.0,5.0,5.0,5.371873254973036,6.369608053117638
1692,6.123124599456787,5.958607314841775,5.0,5.0,5.0,5.05679933127304,5.4839966563652
1693,4.8953070640563965,5.0,5.0,5.0,5.0,5.331515463835559,6.737412782824986
1694,6.156515121459961,8.1249387366083,5.0,5.928180382362728,6.772577569995745,7.568636235841013,8.324875990832918
1695,7.1382670402526855,9.187086643357144,5.0,5.122062572163754,5.770689473640969,5.900566781122885,5.985661382193382
1696,4.979159832000732,5.0,5.0,5.0,5.0,5.507042496070813,6.274290991274421
1697,5.368346691131592,5.0,5.0,5.0,5.0,5.0,5.70446769648675
1698,5.131344318389893,5.0,5.0,5.0,5.0,5.0,5.0
1699,5.932593822479248,5.0,5.0,5.0,5.844698206593385,6.011255601796691,6.26164275048356
1700,4.6966633796691895,5.0,5.0,5.0,5.0,5.0,5.0
1701,5.626809597015381,5.0,5.0,5.0,5.0,6.366531544420414,8.494850021680094
1702,4.43711519241333,5.0,5.0,5.0,5.0,5.0,5.0
1703,4.856206893920898,5.0,5.0,5.0,5.0,5.0,5.0
1704,5.371647357940674,5.494850021680094,5.0,5.5376020021010435,6.068170466997458,6.51022560613271,6.798055961229678
1705,8.251410484313965,8.67778070526608,5.0,5.287967737291256,7.461462975529174,8.170234422669175,8.401017899130922
1706,5.179529190063477,5.0,5.0,5.0,5.0,5.0,5.348494528952238
1707,5.453763484954834,6.221848749616356,5.0,5.0,5.0,5.7510871837962805,6.699686629564667
1708,5.145852565765381,5.0,5.0,5.0,5.698970004336019,6.119186407719209,6.568636235841013
1709,4.9724321365356445,5.0,5.0,5.0,5.0,5.0,5.0
1710,5.856739521026611,6.022276394711152,5.0,5.0,5.0,5.0802637802185675,5.370649559108152
1711,5.0289788246154785,5.0,5.0,5.0,5.0,5.210121998671017,5.630365996013053
1712,5.6182475090026855,5.0,5.0,5.0,5.823908740944319,5.958607314841775,6.619788758288394
1713,5.722100734710693,5.2441251443275085,5.0,5.0,5.003621217265445,5.088723738510172,5.694820453954792
1714,5.960999011993408,5.443697499232712,5.0,5.0,5.486379853908173,6.0343342855371045,6.377990700976252
1715,5.138330459594727,6.309803919971486,5.0,5.0,5.0,5.0,5.4604093769761874
1716,4.60600471496582,5.0,5.0,5.0,5.0,5.0,5.0
1717,5.485191822052002,5.0,5.0,5.0,5.491206246861287,6.546096010217774,8.248901276889617
1718,4.44728422164917,5.0,5.0,5.0,5.0,5.0,5.0
1719,6.207022190093994,8.455931955649724,5.0,5.0,5.8327668861431246,6.519126541329726,7.4754624086313655
1720,5.536439418792725,6.721246399047171,5.0,5.0,5.8327668861431246,6.519126541329726,7.4754624086313655
1721,5.58280611038208,5.0,5.0,5.0,6.721246399047171,7.102372908709558,7.221848749616356
1722,5.205324649810791,5.0,5.0,5.0,5.0,5.507042496070813,6.274290991274421
1723,5.437510013580322,5.0,5.0,5.0,5.968889800705817,6.338153788612729,6.662443951152241
1724,5.40897798538208,5.0,5.0,5.0,5.0,5.203455322466291,5.620010954683868
1725,5.254539489746094,5.0,5.0,5.0,5.003621217265445,5.125582227794969,5.320642433508986
1726,4.904347896575928,5.0,5.0,5.0,5.0,5.0,5.0
1727,5.082367420196533,5.455931955649724,5.0,5.0,5.717948779044448,6.154656928386707,6.8675683249985315
1728,6.472343921661377,8.0,5.0,6.054231271163718,7.256077439944282,8.1249387366083,8.627853508438662
1729,5.3853373527526855,8.318758762624412,5.0,5.0,5.0,5.508638306165727,6.451544993495972
1730,5.154238700866699,5.0,5.0,5.0,5.0,5.0802637802185675,5.370649559108152
1731,5.210598945617676,5.0,5.0,5.0,5.0,5.093971785205677,5.226292647534192
1732,5.4719319343566895,5.0,5.0,5.0,5.8287368785571365,5.96832750158095,6.4859366274865184
1733,6.616313457489014,7.6777807052660805,5.0,5.0,6.036212172654444,6.142667503568731,6.823908740944319
1734,5.927801609039307,5.0,5.0,5.074370825640463,5.6777807052660805,5.93394602718122,7.162746583357596
1735,5.1841349601745605,5.0,5.0,5.0,5.336173122706551,5.502471299162677,5.940909367734202
1736,5.324654579162598,5.0,5.0,5.0,5.0,6.42021640338319,6.481486060122113
1737,5.08333683013916,5.0,5.0,5.0,5.0,5.103854924202302,5.3616200641289495
1738,6.053461074829102,5.0,5.0,5.0,5.216373919714151,5.954208448776369,6.926693965314053
1739,5.772677898406982,5.481486060122113,5.0,5.0,5.481515245560481,5.850820228732402,6.0963131810635645
1740,5.2159504890441895,5.0,5.0,5.0,5.6445731277666615,5.951049602663894,6.020045663244449
1741,6.176525592803955,9.958607314841775,5.0,5.42021640338319,6.657577319177793,7.1249387366083,7.481486060122112
1742,4.91705322265625,5.0,5.0,5.0,5.0,5.0,5.0
1743,4.8525710105896,5.0,5.0,5.0,5.0,5.139140157839338,5.395587282774788
1744,4.928036212921143,8.148741651280925,5.0,5.0,5.0,5.0,5.0
1745,5.284379482269287,5.0,5.0,5.0,5.0,5.0,5.267606240177032
1746,4.990937232971191,5.0,5.0,5.0,5.04997549464332,5.146666040200967,5.396975746372329
1747,5.1307902336120605,5.431798275933005,5.0,5.0,5.0,5.0,5.0
1748,5.264321327209473,5.0,5.0,5.0,5.340823996531185,5.727202434050302,5.828575698611751
1749,4.8834452629089355,5.0,5.0,5.0,5.0,5.0,5.0
1750,4.904618740081787,5.0,5.0,5.0,5.958607314841775,6.070581074285707,6.113509274827518
1751,5.4798970222473145,6.229147988357855,5.0,5.0,5.0,5.0,5.583745543646882
1752,4.825367450714111,5.0,5.0,5.0,5.0,5.026200619502573,5.429169121047358
1753,5.22646951675415,5.0,5.0,5.0,5.876329286972975,7.012697251504221,7.26494905424264
1754,5.395541191101074,5.0,5.0,5.0,5.216373919714151,5.954208448776369,6.926693965314053
1755,5.610957622528076,5.0,5.0,5.309894379144197,6.0491978875360894,6.32765564127649,6.517658239483867
1756,6.768775939941406,8.958607314841775,5.045829597671571,5.568636235841013,7.83670401387526,7.959176003468815,8.440949163483824
1757,4.76638650894165,5.0,5.0,5.0,5.0,5.0,5.0
1758,5.20404577255249,5.376750709602099,5.0,5.0,5.708512583073295,6.456685660619315,8.053554394051933
1759,5.834237575531006,6.356547323513812,5.0,5.0,5.0,5.0,5.0
1760,5.142569065093994,5.0,5.0,5.0,5.0,5.103854924202302,5.3616200641289495
1761,5.298582553863525,5.0,5.0,5.0,5.698970004336019,6.119186407719209,6.568636235841013
1762,4.852393627166748,5.0,5.0,5.0,5.0,5.0,5.468521082957745
1763,4.957864284515381,5.0,5.0,5.0,5.086359655186601,5.345438620746404,6.887311395274088
1764,5.850113391876221,5.769551078621726,5.0,5.261439372640169,5.9076542845912,6.292429823902063,7.125518569371919
1765,5.341240406036377,5.0,5.0,5.0,5.0,5.0,5.0
1766,6.085858345031738,7.1249387366083,5.0,5.42021640338319,6.657577319177793,7.1249387366083,7.481486060122112
1767,7.917210578918457,7.823908740944319,5.455931955649724,6.839926856944473,7.240743030061056,7.522878745280337,8.002182402701225
1768,4.827373504638672,5.0,5.0,5.0,5.0,5.0,5.0
1769,5.16782808303833,6.522878745280337,5.0,5.0,5.36804185367615,5.695208145805298,6.305438650294773
1770,6.342042446136475,8.602059991327963,5.378913216807529,5.958607314841775,6.717273000560288,6.850382250330102,7.853112668883502
1771,5.90408182144165,5.958607314841775,5.0,5.42021640338319,6.657577319177793,7.1249387366083,7.481486060122112
1772,5.48463773727417,5.853871964321762,5.0,5.0,5.0,5.0,5.0
1773,5.058743953704834,5.0,5.0,5.0,5.0,5.0,5.234010660811673
1774,5.385519504547119,5.0,5.0,5.0,5.327902142064283,5.638272163982407,5.721246399047171
1775,5.140261173248291,5.0,5.0,5.0,5.0,5.0,5.0
1776,5.992542266845703,6.721246399047171,5.206303410289213,6.721246399047171,6.920941467630807,7.025595927443738,7.175003442918692
1777,5.000850200653076,5.0,5.0,5.0,5.0,5.0,5.603455322466291
1778,5.4315619468688965,5.0,5.0,5.0,5.0,5.0,5.0
1779,5.514425754547119,5.958607314841775,5.0,5.0,5.481647993062369,5.786415255761733,6.111946779547825
1780,5.649198055267334,5.823908740944319,5.0,5.0,5.7162920156096675,6.038747677265481,6.6638798638515
1781,5.178669452667236,5.0,5.0,5.0,5.0,5.0,5.0
1782,4.877658367156982,5.0,5.0,5.0,5.095627628787324,5.403952509078869,5.807929816367233
1783,5.577465534210205,5.0,5.0,5.0,5.0,5.0,5.42166897466197
1784,4.9919753074646,5.0,5.0,5.0,5.26935749724493,6.077429988979726,6.5496212774634985
1785,5.311450958251953,5.853871964321762,5.0,5.0,5.895766104529767,6.125386129798948,6.502223389960223
1786,5.497166156768799,5.0,5.0,5.0,5.342883161099869,5.813915343413893,5.936172597251873
1787,5.1008992195129395,5.0,5.0,5.0,5.0,5.0,5.035654732351381
1788,4.987942218780518,5.0,5.0,5.0,5.0,5.0,5.0
1789,6.010709762573242,7.6777807052660805,5.0,5.0,5.0,5.508638306165727,6.451544993495972
1790,5.005837917327881,5.0,5.0,5.0,5.0,5.0,5.0
1791,4.986617088317871,5.0,5.0,5.0,5.0,5.279588001734408,6.594799162246874
1792,6.095587253570557,6.769551078621726,5.0,5.0,5.0,5.0,5.638272163982407
1793,4.865326404571533,7.6020599913279625,5.0,5.0,5.0,5.331515463835559,6.737412782824986
1794,5.300369739532471,5.0,5.0,5.074370825640463,5.6777807052660805,5.93394602718122,7.162746583357596
1795,5.258429050445557,5.0,5.00261888324147,5.429118384862106,5.882751518246458,5.969390180020549,6.056028841794641
1796,6.200361728668213,5.721246399047171,5.6936512982466265,6.821318484692428,7.295062717774298,7.354829414764048,7.459720859977528
1797,6.190668106079102,6.5376020021010435,5.0,5.769551078621726,7.002632177292251,7.840628610219042,8.59864862673098
1798,4.994582653045654,5.0,5.0,5.0,5.0,5.494850021680094,5.698970004336019
1799,5.739039897918701,5.920818753952375,5.0,5.0,5.0,5.0,5.0
1800,5.752706050872803,5.0,5.0,5.0,5.0,5.1925944240488455,5.658495156981774
1801,5.390202522277832,5.958607314841775,5.0,5.0,5.0,5.0,5.583745543646882
1802,5.431082725524902,5.769551078621726,5.0,5.0,6.368669355166785,6.609493351697969,7.040192160757503
1803,5.773357391357422,5.0,5.0,5.803651523370167,6.43379958559393,6.683044951125544,6.860947047480813
1804,6.159974098205566,5.0,5.0,5.928180382362728,6.772577569995745,7.568636235841013,8.324875990832918
1805,5.865487575531006,5.0,5.0,5.928180382362728,6.772577569995745,7.568636235841013,8.324875990832918
1806,5.506407260894775,6.6777807052660805,5.0,5.0,5.623884751944768,6.010375075152911,6.169468565440889
1807,4.658881664276123,5.0,5.0,5.0,5.0,5.065580428412857,5.5327869988180645
1808,5.138441562652588,5.0,5.0,5.0,5.0,5.0,5.267606240177032
1809,6.398285388946533,5.7447274948966935,5.0,5.0,5.0,6.318758762624412,6.5376020021010435
1810,5.32790994644165,5.0,5.0,5.0,5.0,5.0,5.129818655252878
1811,4.872791767120361,5.0,5.0,5.0,5.095627628787324,5.403952509078869,5.807929816367233
1812,5.303020000457764,5.0,5.0,5.0,5.0,5.0,5.0
1813,5.4466142654418945,5.0,5.0,5.0,5.8327668861431246,6.519126541329726,7.4754624086313655
1814,4.804792881011963,5.0,5.0,5.0,5.0,5.0,5.0
1815,5.148406982421875,5.0,5.0,5.42021640338319,6.793384992580273,7.137875212617382,7.140271358093056
1816,5.644519329071045,6.214670164989233,5.0,5.0,5.0,5.0,5.0
1817,4.76638650894165,5.0,5.0,5.0,5.0,5.0,5.0
1818,5.850170612335205,7.040958607678906,5.0,5.769551078621726,7.002632177292251,7.840628610219042,8.59864862673098
1819,5.730459213256836,5.0,5.0,5.42021640338319,6.657577319177793,7.1249387366083,7.481486060122112
1820,5.61145544052124,6.1938200260161125,5.0,5.0,5.0,5.0,5.055517327849831
1821,6.022271156311035,5.0,5.0,5.0,5.0,5.0,5.085387196432176
1822,4.729032516479492,5.0,5.0,5.0,5.0,5.0,5.0
1823,5.459228515625,5.0,5.0,5.42021640338319,6.793384992580273,7.137875212617382,7.140271358093056
1824,5.021701335906982,6.886056647693163,5.0,5.0,5.163951071032141,5.327902142064283,6.048726610343005
1825,5.163064956665039,6.309803919971486,5.142618929405526,5.356547323513812,6.088763051451145,6.454870915419811,6.8209787793884775
1826,4.794907093048096,5.0,5.0,5.0,5.0,5.223837281543842,5.671511844631525
1827,5.0624494552612305,5.0,5.0,5.0,5.0,5.0,5.0
1828,4.931975364685059,5.0,5.0,5.0,5.0,5.0,5.668744396507356
1829,5.43010950088501,5.0,5.0,5.0,5.0,5.0,5.0
1830,5.032350063323975,5.0,5.0,5.0,5.0,5.0,5.0
1831,5.289769649505615,5.0,5.0,5.0,5.0,6.42021640338319,6.481486060122113
1832,5.250763416290283,5.0,5.0,5.0,5.0,5.0,5.60806164392009
1833,5.454092502593994,5.6777807052660805,5.0,5.0,5.0,5.0,5.346395015176066
1834,4.634358882904053,5.0,5.0,5.0,5.0,5.0,5.0
1835,6.4557271003723145,5.920818753952375,5.0,6.1531365255381765,6.499796115887473,6.650291819404307,6.885710295924456
1836,5.252773761749268,5.7447274948966935,5.0,5.0,5.446836496938015,5.7447274948966935,5.82193565197116
1837,4.885447978973389,5.0,5.0,5.0,5.0,5.084043280676638,5.252129842029914
1838,5.003428936004639,5.0,5.0,5.0,5.0,5.093971785205677,5.226292647534192
1839,5.244570255279541,5.0,5.0,5.0,5.0,5.0,5.603455322466291
1840,5.537881374359131,5.0,5.0,5.0,5.075720713938118,6.214670164989233,6.327902142064283
1841,5.82898473739624,5.0,5.0,5.0,5.0,5.0,5.305182983699436
1842,4.887034893035889,5.0,5.0,5.0,5.0,5.247314401287413,5.741943203862238
1843,5.370181083679199,5.0,5.0,5.0,5.708512583073295,6.456685660619315,8.053554394051933
1844,5.015537261962891,5.0,5.0,5.0,5.832079254105832,6.155946574837715,6.577685037796933
1845,5.223028659820557,5.0,5.0,5.0,5.0,5.247314401287413,5.741943203862238
1846,5.1910600662231445,5.0,5.0,5.0,5.0,5.0,5.0
1847,4.634709358215332,5.0,5.0,5.0,5.0,5.0,5.0
1848,5.780915260314941,5.769551078621726,5.0,5.0,5.0201454878767855,5.7447274948966935,6.035290537142854
1849,6.151912212371826,7.920818753952375,5.0,5.0,5.481647993062369,5.786415255761733,6.111946779547825
1850,5.110533237457275,5.0,5.0,5.0,5.8327668861431246,6.519126541329726,7.4754624086313655
1851,5.182830333709717,5.0,5.0,5.0,5.0,5.0,5.30945511543382
1852,5.725981712341309,5.0,5.0,5.0,5.657577319177793,5.920818753952375,6.154901959985743
1853,5.180967807769775,5.0,5.0,5.0,5.6445731277666615,5.951049602663894,6.020045663244449
1854,5.104379653930664,5.0,5.0,5.0,5.0,5.0,5.317005330405837
1855,5.052104949951172,5.494850021680094,5.0,5.0,5.0,5.0,5.0
1856,5.14043664932251,5.0,5.0,5.0,6.081359291354222,6.4035294254543444,6.620538427799027
1857,5.112420558929443,5.0,5.0,5.0,5.0,5.0,5.0
1858,5.342663288116455,5.356547323513812,5.0,5.0,5.142618929405524,5.5753667688338275,6.54003127572679
1859,5.620717525482178,5.4089353929735005,5.0,5.0,5.0,5.0,5.468521082957745
1860,5.038920879364014,5.0,5.0,5.0,5.0,5.0,5.0
1861,4.73262357711792,5.0,5.0,5.0,5.1654344782395265,5.406258474770712,5.695764207919511
1862,5.364478588104248,5.0,5.0,5.0,5.0,5.0,5.0
1863,5.003639221191406,5.0,5.0,5.0,5.951015991217508,6.669367998155139,6.845855511987395
1864,4.98934268951416,5.0,5.0,5.0,5.0,5.0,5.288498559618869
1865,6.831140995025635,7.356547323513812,5.0,5.287967737291256,7.461462975529174,8.170234422669175,8.401017899130922
1866,5.582534313201904,5.0,5.0,5.0,5.0,5.552491252371425,6.617810671064914
1867,5.313127040863037,5.0,5.0,5.0,5.0,5.0,5.3014005676816796
1868,5.979603290557861,6.508638306165727,5.0,5.0,5.0,5.0,5.6777807052660805
1869,5.206506729125977,5.0,5.0,5.0,5.0,5.0,5.6777807052660805
1870,5.008747577667236,6.070581074285707,5.0,5.0,5.0,5.0,5.0
1871,5.820237636566162,5.0,5.0,5.0,5.0,5.0,5.0
1872,5.0056891441345215,5.0,5.0,5.0,5.0,5.026200619502573,5.429169121047358
1873,5.615512847900391,5.0,5.0,5.0,5.481515245560481,5.850820228732402,6.0963131810635645
1874,6.088864803314209,5.0,5.0,5.769551078621726,7.002632177292251,7.840628610219042,8.59864862673098
1875,5.334366321563721,5.0,5.0,5.0,5.0,5.6020599913279625,6.619788758288394
1876,6.682975769042969,5.920818753952375,5.142618929405526,5.356547323513812,6.088763051451145,6.454870915419811,6.8209787793884775
1877,4.71396017074585,5.0,5.0,5.0,5.0,5.0,5.0
1878,5.662951946258545,5.251811972993799,5.0,5.309894379144197,6.0491978875360894,6.32765564127649,6.517658239483867
1879,4.835499286651611,5.0,5.0,5.0,5.0,5.223837281543842,6.140057981153716
1880,5.36550235748291,5.0,5.0,5.0,5.0,5.0,5.3013094416207345
1881,5.02687406539917,5.0,5.0,5.0,5.0,5.083043324200698,5.371461077681457
1882,4.98623514175415,6.130768280269024,5.0,5.0,5.0,5.0,5.4604093769761874
1883,5.247311115264893,5.0,5.0,5.0,5.442273574926224,5.9699280077227055,6.804100085852557
1884,5.671321392059326,5.0,5.0,5.0,5.0,5.0,5.0
1885,5.961594104766846,5.113509274827518,5.0,5.0,5.0,5.0,5.317005330405837
1886,5.002126693725586,5.0,5.0,5.0,5.0,5.0,5.0
1887,5.858170032501221,6.292429823902063,5.0,5.0,5.951015991217508,6.669367998155139,6.845855511987395
1888,5.599175453186035,5.0,5.0,6.200659450546418,6.638272163982407,8.221848749616356,8.958607314841775
1889,6.010335445404053,5.0,5.015144142787624,5.6777807052660805,6.359508994354129,6.896667784042121,7.4288753542995805
1890,5.638779163360596,5.0,5.0,5.0,5.0,5.0,5.342800251070619
1891,5.69233512878418,5.0,5.0,5.769551078621726,7.002632177292251,7.840628610219042,8.59864862673098
1892,5.426014423370361,5.0,5.378913216807529,5.958607314841775,6.717273000560288,6.850382250330102,7.853112668883502
1893,6.969565391540527,7.769551078621726,5.0,5.0,5.0,5.0,5.149669314685716
1894,5.945285797119141,5.958607314841775,5.0,5.769551078621726,7.002632177292251,7.840628610219042,8.59864862673098
1895,5.922150135040283,6.200659450546418,5.0,5.0,6.068377979021429,6.7791897757223625,7.668920260392717
1896,5.180335998535156,5.0,5.0,5.0,5.0869625986495866,5.173925197299173,5.265236260406493
1897,5.173884868621826,5.0,5.0,5.0,5.117005330405836,5.468021321623346,6.748955999889548
1898,6.068580150604248,5.0,5.0,5.0,5.0,5.0,5.085387196432176
1899,5.365936279296875,5.0,5.0,5.0,5.0,5.0,5.42166897466197
1900,5.391491413116455,5.0,5.0,5.0,5.0,5.0,5.297890997958678
1901,7.205591678619385,7.795880017344075,5.0,5.0,5.142618929405524,5.5753667688338275,6.54003127572679
1902,5.024430274963379,5.0,5.0,5.0,5.0,5.0,5.0
1903,5.196508884429932,5.0,5.0,5.0,5.0,5.0,5.60806164392009
1904,5.181650638580322,5.0,5.0,5.0,5.0,5.327902142064283,6.2076083105017466
1905,5.370814800262451,5.0,5.0,5.0,5.26289556697899,5.774816866366195,5.804897680378984
1906,5.788567066192627,5.075720713938118,5.0,5.30033623392066,6.271896009882983,6.480994761799621,8.877103382651214
1907,5.378902912139893,5.0,5.0,5.0,5.802345300991055,6.353045584831895,6.507703977970893
1908,5.917788982391357,8.318758762624412,5.0,5.06246936830415,5.20446769648675,5.2839966563652006,5.389423339022647
1909,5.515542030334473,5.267606240177032,5.0,5.0,5.5129341232531095,5.958432293377779,6.459547352245197
1910,5.389587879180908,5.0,5.0,5.0,5.0,5.0,5.0
1911,5.896012306213379,5.0,5.0,5.0,5.0,6.318758762624412,6.5376020021010435
1912,5.152381420135498,5.0,5.0,5.0,5.345438620746404,5.564820623348016,5.830865318178036
1913,5.846392631530762,5.0,5.0,5.0,5.0,5.886324317847616,6.185228563145452
1914,4.953952312469482,5.0,5.0,5.0,5.0,5.0,5.0
1915,5.431639194488525,5.0,5.0,5.129818655252878,5.329481682537159,6.008456040717206,6.535526288668958
1916,5.4424872398376465,5.0,5.0,5.0,6.315831350852757,7.387503458885711,8.024315496631102
1917,5.8497185707092285,5.0,5.0,5.0,5.0,5.0,5.4089353929735005
1918,6.299808979034424,5.0,5.0,5.0,5.698970004336019,6.119186407719209,6.568636235841013
1919,5.429433345794678,5.0,5.0,5.0,5.0,5.0,5.0
1920,6.2060980796813965,6.0,5.0,5.0,5.708512583073295,6.456685660619315,8.053554394051933
1921,5.368966579437256,5.0,5.0,5.0,5.0,5.6020599913279625,6.619788758288394
1922,5.926854610443115,5.0,5.0,5.0,5.0,5.203455322466291,5.620010954683868
1923,5.075100421905518,5.0,5.0,5.0,5.0,5.494850021680094,5.698970004336019
1924,5.112183570861816,5.0,5.0,5.0,7.035625007497918,7.38004376813455,7.604730444456747
1925,4.785841464996338,5.0,5.0,5.0,5.0,5.0,5.0
1926,5.93546724319458,5.0,5.0,5.0,5.0,5.0,5.0
1927,5.252183437347412,5.0,5.0,5.0,5.218302996224269,5.873211984897081,6.295732985203996
1928,5.071641445159912,5.0,5.0,5.0,5.0,5.0,5.920818753952375
1929,5.4932332038879395,5.0,5.0,5.0,5.0,5.0,5.335556141053217
1930,5.570409774780273,5.0,5.0,5.0,5.159379381312206,5.318758762624412,5.988168040901103
1931,5.276885986328125,7.251811972993799,5.0,5.0,5.26935749724493,6.077429988979726,6.5496212774634985
1932,4.946952819824219,5.0,5.0,5.0,5.442273574926224,5.9699280077227055,6.804100085852557
1933,5.195714473724365,5.0,5.0,5.0,5.769551078621726,7.5376020021010435,7.585026652029182
1934,6.453637599945068,6.698970004336019,5.6936512982466265,6.821318484692428,7.295062717774298,7.354829414764048,7.459720859977528
1935,5.393609523773193,5.0,5.0,5.0,5.0,5.0,5.0
1936,5.282128810882568,5.0,5.0,5.0,5.101727661233145,5.717368524130526,6.277112444960014
1937,4.787577152252197,5.0,5.0,5.0,5.0,5.0,5.317005330405837
1938,5.502779483795166,5.0,5.0,5.0,5.0,5.886324317847616,6.185228563145452
1939,6.1045026779174805,8.481486060122112,5.0,5.0,5.142618929405524,5.5753667688338275,6.54003127572679
1940,5.270307540893555,5.0,5.0,5.0,5.139794000867203,5.559176003468815,5.819382002601611
1941,5.149113178253174,5.0,5.0,5.0,5.7162920156096675,6.038747677265481,6.6638798638515
1942,5.869439601898193,5.0,5.0,5.0,5.0,5.0,5.0
1943,4.980013370513916,5.0,5.0,5.0,5.576736118661023,5.901436751350764,6.360123729071389
1944,4.6967644691467285,5.0,5.0,5.0,5.0,5.0,5.0
1945,5.099740505218506,5.481486060122113,5.0,5.0,5.0,5.259078965559803,6.099531988906442
1946,5.047665119171143,5.0,5.0,5.0,5.0,5.0,5.3191360819912035
1947,5.5640668869018555,5.920818753952375,5.0,5.0,5.7162920156096675,6.038747677265481,6.6638798638515
1948,5.31798791885376,5.0,5.0,5.0,5.519066146175629,5.670701335829286,5.787170498505568
1949,6.1295976638793945,5.0,5.0,5.0,5.0,5.0,5.0
1950,4.716416835784912,5.0,5.142618929405526,5.356547323513812,6.088763051451145,6.454870915419811,6.8209787793884775
1951,5.805411338806152,7.022276394711152,5.0,5.0,6.036212172654444,6.142667503568731,6.823908740944319
1952,4.858855724334717,5.0,5.0,5.0,5.0,5.0,5.0
1953,5.150984287261963,5.0,5.0,5.0,5.230865323586517,5.820867764665735,6.715554367524456
1954,6.202244281768799,5.619788758288394,5.0,5.0,5.0,5.0,5.70446769648675
1955,4.607651233673096,5.0,5.0,5.0,5.0869625986495866,5.173925197299173,5.265236260406493
1956,4.732737064361572,5.0,5.0,5.0,5.0,5.012096149476276,5.089111421265709
1957,5.350185394287109,5.0,5.0,5.0,5.717273000560288,6.048978181754958,6.7870173977606605
1958,4.976017475128174,6.455931955649724,5.0,5.0,5.0,5.0,5.008864383480216
1959,5.827215671539307,7.376750709602099,5.0,5.42021640338319,6.657577319177793,7.1249387366083,7.481486060122112
1960,5.0271077156066895,5.267606240177032,5.0,5.0,5.0,5.0,5.342800251070619
1961,5.243867874145508,5.0,5.0,5.0,5.0,5.0,5.288498559618869
1962,5.992972373962402,5.0,5.0,5.0,5.006682918413346,5.149336579604481,5.6839014626552515
1963,5.185391902923584,5.0,5.0,5.0,5.340823996531185,5.727202434050302,5.828575698611751
1964,4.8623270988464355,5.0,5.0,5.0,5.0,5.0,5.0
1965,5.3586273193359375,5.0,5.0,5.0,5.0,5.0,5.0
1966,5.211940288543701,5.0,5.0,5.0,5.0,5.0,5.12757241303992
1967,5.735472679138184,5.0,5.0,5.0,5.0,5.0,5.0
1968,4.957706451416016,5.0,5.0,5.0,5.0,5.084043280676638,5.252129842029914
1969,5.092315673828125,5.0,5.0,5.0,5.0,5.259078965559803,6.099531988906442
1970,4.98207426071167,5.0,5.0,5.0,5.184163750790474,5.736655003161901,6.145085676420271
1971,5.410671710968018,5.619788758288394,5.0,5.0,5.0,5.0,5.468521082957745
1972,5.13267183303833,5.0,5.00261888324147,5.429118384862106,5.882751518246458,5.969390180020549,6.056028841794641
1973,4.803777694702148,5.0,5.0,5.0,5.0,5.0,5.129818655252878
1974,5.236070156097412,5.468521082957745,5.0,5.0,5.0,5.331515463835559,6.737412782824986
1975,5.423264026641846,5.721246399047171,5.0,5.0,5.0,5.0916591953431425,5.269678045872886
1976,5.230453968048096,5.0,5.0,5.0,5.0,5.0,5.3014005676816796
1977,5.041967868804932,5.0,5.0,5.0,5.0,5.247314401287413,5.741943203862238
1978,5.793823719024658,6.431798275933005,5.0,5.0,5.230865323586517,5.820867764665735,6.715554367524456
1979,5.3649396896362305,5.0,5.0,5.0,5.0,5.0,5.0
1980,5.191221714019775,5.0,5.0,5.0,5.0,5.0,5.144364851566506
1981,5.530144691467285,5.4089353929735005,5.0,5.42021640338319,6.657577319177793,7.1249387366083,7.481486060122112
1982,4.995328426361084,5.0,5.0,5.0,5.0,5.0,5.035654732351381
1983,5.2535247802734375,5.0,5.0,5.0,5.26935749724493,6.077429988979726,6.5496212774634985
1984,4.703078746795654,5.0,5.0,5.0,5.0,5.0,5.0
1985,5.691026210784912,5.0,5.0,5.0,5.0,5.0,5.0
1986,5.772507190704346,5.0,5.0,5.0,5.340823996531185,5.727202434050302,5.828575698611751
1987,5.474160194396973,5.0,5.0,5.0,5.0,5.0,5.0
1988,5.116849899291992,5.0,5.0,5.0,5.55007498130775,6.226778245030048,6.406763468004177
1989,5.672590732574463,6.113509274827518,5.0,5.0,5.26935749724493,6.077429988979726,6.5496212774634985
1990,5.582409381866455,5.2839966563652006,5.0,5.0,5.698970004336019,6.119186407719209,6.568636235841013
1991,5.0168890953063965,7.638272163982407,5.0,5.0,5.0,5.139140157839338,5.395587282774788
1992,4.753839015960693,5.0,5.0,5.0,5.0,5.0,5.0
1993,5.4464030265808105,5.508638306165727,5.0,5.0,5.856464859428565,6.2960837014903515,6.823603534477858
1994,6.17787504196167,7.508638306165727,5.0,5.287967737291256,7.461462975529174,8.170234422669175,8.401017899130922
1995,4.997848033905029,5.0,5.0,5.0,5.0,5.0,5.288498559618869
1996,5.986675262451172,5.0,5.0,5.0,5.708512583073295,6.456685660619315,8.053554394051933
1997,5.148344993591309,5.0,5.0,5.0,5.0,5.552491252371425,6.617810671064914
1998,6.046501636505127,7.5376020021010435,5.0,5.287967737291256,7.461462975529174,8.170234422669175,8.401017899130922
1999,4.909876823425293,6.4089353929735005,5.0,5.0,5.7366550031619,6.053660333567737,6.31934349279846
2000,4.774624347686768,5.0,5.0,5.0,5.0,5.0,5.0
2001,5.965729236602783,5.0,5.0,5.287967737291256,7.461462975529174,8.170234422669175,8.401017899130922
2002,5.823757648468018,5.187086643357144,5.0,5.0,5.342883161099869,5.813915343413893,5.936172597251873
2003,5.1194610595703125,5.0,5.0,5.0,5.0,5.351015991217509,5.585026652029182
2004,4.850270748138428,6.267606240177032,5.0,5.0,5.261960783994296,6.04784313597719,6.88377334994157
2005,5.364663600921631,5.0,5.0,5.0,5.101727661233145,5.520030657457415,5.848767903643857
2006,6.101744651794434,5.698970004336019,5.0,5.0,5.0,5.0,5.129818655252878
2007,6.422209739685059,5.0,5.0,6.054231271163718,7.256077439944282,8.1249387366083,8.627853508438662
2008,5.894363880157471,5.236572006437063,5.0,5.769551078621726,7.002632177292251,7.840628610219042,8.59864862673098
2009,5.3430705070495605,5.886056647693163,5.0,5.0,5.36804185367615,5.695208145805298,6.305438650294773
2010,4.906922817230225,5.0,5.0,5.0,5.0,5.0,5.904700876731446
2011,5.006775379180908,5.0,5.0,5.0,5.0,5.0,5.0
2012,5.456140041351318,5.0,5.0,5.0,5.823908740944319,5.958607314841775,6.619788758288394
2013,5.210216999053955,5.0,5.0,5.0,5.0,5.7510871837962805,6.699686629564667
2014,5.2326483726501465,6.431798275933005,5.0,5.0,5.0,5.0,5.119382002601611
2015,5.141671657562256,5.0,5.0,5.0,5.0,5.0,5.0
2016,4.701499938964844,5.0,5.0,5.0,5.0,5.279588001734408,6.594799162246874
2017,5.296407222747803,5.0,5.0,5.0,5.0,5.0,5.008864383480216
2018,5.170628547668457,5.0,5.0,5.0,5.11302521288063,5.478611897220312,6.0218634973565965
2019,5.99674654006958,5.5376020021010435,5.0,5.0,5.657577319177793,5.920818753952375,6.154901959985743
2020,6.2734904289245605,5.055517327849831,5.0,5.769551078621726,7.002632177292251,7.840628610219042,8.59864862673098
2021,4.863230228424072,5.0,5.0,5.0,5.951015991217508,6.669367998155139,6.845855511987395
2022,7.345478534698486,7.769551078621726,5.0,5.0,5.844698206593385,6.011255601796691,6.26164275048356
2023,5.667581081390381,8.10790539730952,5.0,5.0,5.252129842029914,5.652129842029915,6.159176003468815
2024,5.927685737609863,6.060480747381382,5.0,5.0,5.0,5.0,5.287582194452533
2025,5.302942752838135,5.0,5.0,5.0,5.0,5.0,5.0
2026,5.49949312210083,7.0915149811213505,5.0,5.5376020021010435,6.068170466997458,6.51022560613271,6.798055961229678
2027,5.028504848480225,5.0,5.0,5.0,5.0,5.012096149476276,5.089111421265709
2028,5.338912487030029,5.0,5.0,5.0,5.708512583073295,6.456685660619315,8.053554394051933
2029,5.009546756744385,5.0,5.0,5.0,5.0,5.0,5.0
2030,7.248035907745361,7.920818753952375,5.0,5.0,5.920818753952375,6.356547323513812,6.455931955649724
2031,6.181363582611084,7.481486060122112,5.0,5.769551078621726,7.002632177292251,7.840628610219042,8.59864862673098
2032,5.203287124633789,5.0,5.0,5.0,5.747866492601998,6.276799720315459,6.5119362786376165
2033,4.894853591918945,5.0,5.0,5.0,5.0,5.0,5.30945511543382
2034,5.891570091247559,5.0,5.0,5.0,5.0,5.0594966605123695,5.533901498419491
2035,5.082476615905762,5.0,5.0,5.0,5.576736118661023,5.901436751350764,6.360123729071389
2036,5.420841693878174,6.167491087293763,5.0,5.0,5.0,5.6020599913279625,6.619788758288394
2037,4.836023807525635,5.0,5.0,5.0,5.003621217265445,5.088723738510172,5.694820453954792
2038,5.303995609283447,8.187086643357144,5.0,5.0,5.0,5.356547323513812,6.795880017344075
2039,6.191235065460205,5.356547323513812,5.0,5.0,6.315831350852757,7.387503458885711,8.024315496631102
2040,5.407644748687744,5.0,5.0,5.5376020021010435,6.068170466997458,6.51022560613271,6.798055961229678
2041,5.3272223472595215,5.0,5.0,5.0,5.708512583073295,6.456685660619315,8.053554394051933
2042,6.690688610076904,7.154901959985743,5.0,5.0,5.0,5.0,5.0
2043,5.044668197631836,5.0,5.0,5.06246936830415,5.20446769648675,5.2839966563652006,5.389423339022647
2044,5.614926815032959,6.221848749616356,5.378913216807529,5.958607314841775,6.717273000560288,6.850382250330102,7.853112668883502
2045,5.347758769989014,5.0,5.0,5.455931955649724,5.7623113358060305,6.008024464539142,6.170518507620311
2046,4.837325572967529,5.0,5.0,5.0,5.0,5.026200619502573,5.429169121047358
2047,5.054561614990234,5.0,5.0,5.0,5.0,5.0,5.0795880017344075
2048,6.977229595184326,6.2076083105017466,5.0,5.0,5.0,5.0,5.01190543916038
2049,5.267763614654541,5.0,5.0,5.0,5.844698206593385,6.011255601796691,6.26164275048356
2050,5.269575595855713,5.0,5.0,5.0,5.920818753952375,6.356547323513812,6.455931955649724
2051,4.890982151031494,5.0,5.0,5.0,5.0,5.0,5.335556141053217
2052,6.076585292816162,8.455931955649724,5.0,5.769551078621726,7.002632177292251,7.840628610219042,8.59864862673098
2053,5.231800556182861,5.0,5.0,5.0,5.0,5.0,5.0
2054,5.468141555786133,5.0,5.0,5.0,5.708512583073295,6.456685660619315,8.053554394051933
2055,6.115623950958252,5.0,5.0,5.0,5.0,5.0,6.07116140690399
2056,6.139959335327148,5.0,5.0,5.0,6.068377979021429,6.7791897757223625,7.668920260392717
2057,5.140206813812256,5.0,5.0,5.0,5.0,5.0,5.920818753952375
2058,5.454567909240723,5.0,5.0,5.0,5.139794000867203,5.559176003468815,5.819382002601611
2059,6.596011638641357,8.309803919971486,5.0,5.0,5.0,5.0,5.904700876731446
2060,5.697192192077637,7.0,5.0,5.0,5.968889800705817,6.338153788612729,6.662443951152241
2061,5.695120334625244,6.481486060122113,5.0,5.0,5.0,5.0,5.267606240177032
2062,5.054137706756592,5.0,5.0,5.0,5.0,5.223837281543842,6.140057981153716
2063,5.155807018280029,5.7447274948966935,5.0,5.0,5.163951071032141,5.327902142064283,6.048726610343005
2064,4.901965618133545,5.0,5.0,5.0,5.0,5.0,5.0
2065,5.383003234863281,5.0,5.0,5.0,5.0,5.494850021680094,5.698970004336019
2066,5.146102428436279,5.0,5.0,5.227965977824862,5.529434997455911,5.5376020021010435,5.642138395778679
2067,5.14908504486084,5.0,5.0,5.0,5.216373919714151,5.954208448776369,6.926693965314053
2068,4.798839569091797,5.0,5.0,5.0,5.0,5.0,5.0
2069,5.449309349060059,5.0,5.0,5.0,6.721246399047171,7.102372908709558,7.221848749616356
2070,5.105841159820557,5.0,5.0,5.0,5.8327668861431246,6.519126541329726,7.4754624086313655
2071,5.607045650482178,5.0,5.0,5.0,6.315831350852757,7.387503458885711,8.024315496631102
2072,5.014842510223389,5.0,5.0,5.0,5.0,5.0,5.0
2073,5.314880847930908,5.0,5.0,5.0,5.0,6.42021640338319,6.481486060122113
2074,4.92179012298584,5.823908740944319,5.0,5.0,5.576736118661023,5.901436751350764,6.360123729071389
2075,5.845345497131348,5.0,5.0,5.30033623392066,6.271896009882983,6.480994761799621,8.877103382651214
2076,5.08593225479126,5.0,5.0,5.0,5.0,5.0,5.12757241303992
2077,4.929896831512451,5.0,5.0,5.0,5.6020599913279625,5.7447274948966935,5.886056647693163
2078,4.8999176025390625,5.0,5.0,5.0,5.0,5.0,5.0
2079,5.327916622161865,5.468521082957745,5.0,5.0,5.765188503875645,6.337734009539242,7.555434863764585
2080,5.723117351531982,5.337242168318426,5.0,5.0,5.0,5.065580428412857,5.5327869988180645
2081,4.95867919921875,5.0,5.0,5.0,5.0,5.0,5.0
2082,4.844746112823486,5.0,5.0,5.0,5.0,5.0,5.920818753952375
2083,4.608436107635498,5.0,5.0,5.0,5.0,5.0,5.4604093769761874
2084,5.166361331939697,5.0,5.0,5.0,5.0,5.0,5.186847479451571
2085,5.269800662994385,5.0,5.0,5.0,5.522878745280337,6.2441251443275085,8.05551732784983
2086,5.338432312011719,5.0,5.0,5.0,5.0,5.0,5.305182983699436
2087,4.947132110595703,5.0,5.0,5.0,5.0,5.0,5.3191360819912035
2088,5.773408889770508,5.0,5.0,5.0,5.0,5.0,5.0
2089,5.622674465179443,5.443697499232712,5.0,5.0,5.623884751944768,6.010375075152911,6.169468565440889
2090,5.6885457038879395,6.443697499232712,5.0,5.0,5.0,5.0,5.0
2091,4.71322774887085,5.0,5.0,5.0,5.0,5.0,5.180617997398389
2092,5.771999835968018,5.0,5.0,5.42021640338319,6.657577319177793,7.1249387366083,7.481486060122112
2093,5.735532760620117,5.0,5.0,5.0,5.0,5.0,6.07116140690399
2094,6.439982891082764,5.0,5.045829597671571,5.568636235841013,7.83670401387526,7.959176003468815,8.440949163483824
2095,5.581745624542236,5.0,6.076163040999861,6.170565203899018,6.233499979165125,6.264967366798177,6.29643475443123
2096,5.843513488769531,7.0,5.0,5.0,5.0,5.63741732867143,6.912251986014287
2097,7.0064697265625,6.853871964321762,5.0,5.769551078621726,7.002632177292251,7.840628610219042,8.59864862673098
2098,6.054995059967041,6.356547323513812,5.0,5.0,5.0,5.0,5.288498559618869
2099,5.022677421569824,5.42021640338319,5.0,5.122062572163754,5.770689473640969,5.900566781122885,5.985661382193382
2100,5.898672103881836,5.0,6.076163040999861,6.170565203899018,6.233499979165125,6.264967366798177,6.29643475443123
2101,5.0638108253479,5.0,5.0,5.0,5.832079254105832,6.155946574837715,6.577685037796933
2102,5.469451427459717,5.0,5.0,5.0,5.55007498130775,6.226778245030048,6.406763468004177
2103,5.000608921051025,5.0,5.0,5.0,5.5713337517843655,6.142667503568731,6.787232889750868
2104,6.206936836242676,5.698970004336019,5.0,5.0,5.717948779044448,6.154656928386707,6.8675683249985315
2105,5.815659523010254,5.0,5.0,5.42021640338319,6.657577319177793,7.1249387366083,7.481486060122112
2106,5.134926795959473,5.0,5.0,5.0,5.0,5.327902142064283,6.2076083105017466
2107,4.911900043487549,5.0,5.0,5.0,5.0,5.0,5.721246399047171
2108,5.80941915512085,5.267606240177032,5.0,5.0,5.844698206593385,6.011255601796691,6.26164275048356
2109,6.58572244644165,6.698970004336019,5.0,5.0,5.20345532246629,5.305182983699437,5.406910644932582
2110,5.114218235015869,5.0,5.0,5.0,5.0,5.0,5.895349126175367
2111,5.0724196434021,5.0,5.0,5.0,5.0,5.016383443071563,5.298347314555982
2112,6.0773749351501465,5.958607314841775,5.0,5.0,5.0,5.0,5.0
2113,5.449771881103516,5.0,5.0,5.0,5.0,5.0,6.015040800840419
2114,4.977933406829834,5.0,5.0,5.0,5.0,5.0,5.0
2115,5.1208367347717285,5.0,5.0,5.0,5.0,5.886324317847616,6.185228563145452
2116,5.195275783538818,5.0,5.0,5.0,5.0,5.0,5.01190543916038
2117,6.892369270324707,7.795880017344075,5.0,5.769551078621726,7.002632177292251,7.840628610219042,8.59864862673098
2118,4.824056625366211,5.0,5.0,5.0,5.0,5.0,5.0
2119,5.504438877105713,5.0,5.0,5.0,5.895766104529767,6.125386129798948,6.502223389960223
2120,6.189651012420654,5.0,5.0,5.0,5.6869396686154365,6.036964173972116,6.7003820015986735
2121,4.892782688140869,5.0,5.0,5.0,5.0,5.0,5.0
2122,5.6286301612854,5.0,5.0,5.42021640338319,6.657577319177793,7.1249387366083,7.481486060122112
2123,5.427112102508545,5.0,5.0,5.0,5.769551078621726,7.5376020021010435,7.585026652029182
2124,6.176525592803955,10.327902142064282,5.0,5.42021640338319,6.657577319177793,7.1249387366083,7.481486060122112
2125,4.767527103424072,5.0,5.0,5.0,5.0,5.0,5.0
2126,5.936337947845459,6.5376020021010435,5.0,5.0,5.0,5.03236876304957,5.148780806775779
2127,5.771613597869873,5.0,5.0,5.0,5.0,5.0,5.377211329538633
2128,5.016061305999756,5.0,5.0,5.0,5.0,5.0,5.0
2129,5.508050441741943,5.0,5.0,5.0,5.0,5.6020599913279625,6.619788758288394
2130,5.909794807434082,5.0,5.0,5.0,5.0,5.0,5.0
2131,5.952439785003662,5.0,5.0,5.287967737291256,7.461462975529174,8.170234422669175,8.401017899130922
2132,6.230742931365967,5.795880017344075,5.0,5.0,5.192973858767064,5.328501281388417,6.025031859678254
2133,6.10271692276001,5.657577319177793,5.0,5.0,5.184163750790474,5.736655003161901,6.145085676420271
2134,6.737220287322998,6.327902142064283,5.0,5.769551078621726,7.002632177292251,7.840628610219042,8.59864862673098
2135,5.752023696899414,5.0,5.0,5.0,5.0,5.0594966605123695,5.533901498419491
2136,5.3370537757873535,6.795880017344075,5.0,5.0,5.0638272163982405,5.255308865592963,5.4467905147876845
2137,5.566610336303711,5.0,5.0,5.0,5.0,5.0,5.0
2138,4.539257049560547,5.0,5.0,5.0,5.0,5.301727661233146,6.61798047468195
2139,5.9725494384765625,8.397940008672037,5.0,5.0,5.346395015176065,5.658146007804834,6.182811806226959
2140,4.798320770263672,5.0,5.0,5.0,5.0,5.0,5.0
2141,6.036996841430664,6.853871964321762,5.0,5.928180382362728,6.772577569995745,7.568636235841013,8.324875990832918
2142,5.393701553344727,5.0,5.0,5.0,5.5713337517843655,6.142667503568731,6.787232889750868
2143,5.847756385803223,6.468521082957745,5.0,5.0,5.698970004336019,6.119186407719209,6.568636235841013
2144,4.77499532699585,5.0,5.0,5.0,5.0,5.0,5.119382002601611
2145,5.298728942871094,5.853871964321762,5.0,5.0,5.55007498130775,6.226778245030048,6.406763468004177
2146,5.802748203277588,5.0,5.0,5.769551078621726,7.002632177292251,7.840628610219042,8.59864862673098
2147,5.77943754196167,7.327902142064283,5.0,5.0,5.0,5.033310396709899,6.016753322646608
2148,5.261687755584717,5.0,5.0,5.0,5.11302521288063,5.478611897220312,6.0218634973565965
2149,4.9451584815979,5.0,5.0,5.0,5.0,5.241230752217968,5.6218487496163565
2150,5.894261837005615,5.0,5.0,5.122062572163754,5.770689473640969,5.900566781122885,5.985661382193382
2151,5.154003143310547,5.0,5.0,5.0,5.0,5.210121998671017,5.630365996013053
2152,5.888375759124756,5.0,5.0,5.287967737291256,7.461462975529174,8.170234422669175,8.401017899130922
2153,5.053224086761475,5.0,5.0,5.0,5.0,5.223837281543842,6.140057981153716
2154,5.845345497131348,5.0,5.0,5.30033623392066,6.271896009882983,6.480994761799621,8.877103382651214
2155,5.7680344581604,6.327902142064283,5.0,5.328788659588897,5.885292569477766,6.015710880738921,6.572000504422791
2156,5.467283725738525,5.823908740944319,5.0,5.0,5.0,5.139140157839338,5.395587282774788
2157,5.010656833648682,5.0,5.0,5.0,5.7366550031619,6.053660333567737,6.31934349279846
2158,6.908511638641357,7.638272163982407,5.0,5.769551078621726,7.002632177292251,7.840628610219042,8.59864862673098
2159,4.9613237380981445,5.0,5.0,5.0,5.117005330405836,5.468021321623346,6.748955999889548
2160,4.910489559173584,5.0,5.0,5.0,5.0,5.0,5.0
2161,5.032506465911865,5.0,5.0,5.0,5.0,5.0,5.0
2162,5.665170192718506,7.356547323513812,5.0,5.0,5.0,5.0,5.0
2163,5.148573398590088,5.0,5.0,5.0,5.0,5.0,5.0
2164,6.016826152801514,5.0,5.0,5.0,5.0,5.0,5.377211329538633
2165,5.69247579574585,6.346787486224656,5.0,5.42021640338319,6.793384992580273,7.137875212617382,7.140271358093056
2166,4.646623134613037,5.0,5.0,5.0,5.0,5.0,5.0
2167,4.83257532119751,5.0,5.0,5.0,5.0,5.0,5.0
2168,5.823984622955322,5.0,5.0,5.0,5.0,5.0,5.0
2169,4.972891330718994,5.0,5.0,5.0,5.0,5.0,5.129818655252878
2170,4.97578763961792,5.0,5.0,5.0,5.0,5.0,5.0
2171,6.203362941741943,5.0,5.0,5.0,5.0,5.0,7.440487994684071
2172,5.198943614959717,5.0,5.0,5.42021640338319,6.657577319177793,7.1249387366083,7.481486060122112
2173,5.7303385734558105,6.958607314841775,5.0,5.0,5.340823996531185,5.727202434050302,5.828575698611751
2174,5.315021991729736,5.0,5.0,5.0,5.230865323586517,5.820867764665735,6.715554367524456
2175,5.388357639312744,5.275724130399211,5.0,5.0,5.494752000253373,5.647915503315358,6.239625999943646
2176,6.093790531158447,5.0,5.0,5.287967737291256,7.461462975529174,8.170234422669175,8.401017899130922
2177,5.772558689117432,5.0,5.0,5.0,5.309772914624212,5.785123056544632,6.580936883073365
2178,5.6032233238220215,6.337242168318426,5.0,5.0,5.0,5.0,5.0
2179,5.1909027099609375,5.0,5.0,5.0,5.708512583073295,6.456685660619315,8.053554394051933
2180,5.19848108291626,5.0,5.0,5.0,5.55007498130775,6.226778245030048,6.406763468004177
2181,4.777096271514893,5.0,5.0,5.011138197355576,5.888215363036752,6.241208065863358,6.365039369692465
2182,6.509884834289551,5.42021640338319,5.0,5.928180382362728,6.772577569995745,7.568636235841013,8.324875990832918
2183,5.489065647125244,5.0,5.0,5.0,5.747866492601998,6.276799720315459,6.5119362786376165
2184,5.905460834503174,6.229147988357855,5.0,5.0,5.0,5.0,5.4604093769761874
2185,5.989279747009277,6.259637310505756,5.0,5.0,5.442273574926224,5.9699280077227055,6.804100085852557
2186,6.502072334289551,5.337242168318426,5.0,5.287967737291256,7.461462975529174,8.170234422669175,8.401017899130922
2187,5.388042449951172,5.0,5.0,5.0,5.0,5.371873254973037,5.760661765532939
2188,5.158358573913574,5.0,5.0,5.0,5.0,5.0,5.0
2189,4.98248815536499,5.0,5.0,5.0,5.003621217265445,5.088723738510172,5.694820453954792
2190,4.582596778869629,5.0,5.0,5.0,5.0,5.0,5.0
2191,5.024350643157959,5.0,5.0,5.0,5.0,5.0,5.0
2192,4.958104610443115,5.0,5.0,5.0,5.0,5.0,5.0
2193,5.566020488739014,5.0,5.0,5.0,5.0,5.012096149476276,5.089111421265709
2194,4.912967681884766,5.0,5.0,5.0,5.557809882459554,6.481225900025257,7.487317135998911
2195,5.045786380767822,6.853871964321762,5.206303410289213,6.721246399047171,6.920941467630807,7.025595927443738,7.175003442918692
2196,4.946109294891357,5.0,5.0,5.0,5.0,5.0,5.142021640338318
2197,5.641366481781006,6.42021640338319,5.0,5.261439372640169,5.9076542845912,6.292429823902063,7.125518569371919
2198,5.697565078735352,5.0,5.0,5.0,5.336173122706551,5.502471299162677,5.940909367734202
2199,5.665587902069092,5.0,5.0,5.0,5.1654344782395265,5.406258474770712,5.695764207919511
2200,5.238129615783691,6.443697499232712,5.0,5.0,5.958607314841775,6.0,6.022276394711152
2201,4.896432876586914,5.0,5.0,5.0,6.278328604148765,7.086992643672552,7.7605410118764535
2202,5.119470119476318,5.0,5.0,5.292429823902063,5.801396958063174,6.210789396402983,6.471963329792007
2203,5.168896198272705,5.0,5.0,5.0,5.0,5.0,5.0
2204,5.497177600860596,5.3872161432802645,5.0,5.0,6.036212172654444,6.142667503568731,6.823908740944319
2205,5.137607574462891,5.0,5.0,5.0,5.0,5.0,5.0
2206,5.866896629333496,5.657577319177793,5.0,5.18837535480105,6.30571692463636,6.7661930404308706,7.007023843501842
2207,5.954392910003662,5.0,5.0,5.0,5.0,5.0,5.142021640338318
2208,5.276319980621338,5.0,5.0,5.0,5.0,5.331515463835559,6.737412782824986
2209,6.588762283325195,6.431798275933005,5.0,5.0,5.0,5.0,5.583745543646882
2210,5.027150630950928,5.0,5.0,5.011138197355576,5.888215363036752,6.241208065863358,6.365039369692465
2211,6.293050289154053,7.236572006437063,5.378913216807529,5.958607314841775,6.717273000560288,6.850382250330102,7.853112668883502
2212,5.2905755043029785,5.0,5.0,5.0,5.823908740944319,5.958607314841775,6.619788758288394
2213,5.636227130889893,5.0,5.0,5.42021640338319,6.657577319177793,7.1249387366083,7.481486060122112
2214,6.147706031799316,5.0,5.0,5.0,5.0,5.351015991217509,5.585026652029182
2215,5.277100086212158,6.154901959985743,5.0,5.0,5.0,5.0,5.4089353929735005
2216,5.802748203277588,5.0,5.0,5.769551078621726,7.002632177292251,7.840628610219042,8.59864862673098
2217,6.190668106079102,6.853871964321762,5.0,5.769551078621726,7.002632177292251,7.840628610219042,8.59864862673098
2218,4.948400497436523,5.0,5.0,5.0,5.0,5.0,5.0
2219,6.962546348571777,8.638272163982407,5.0,5.287967737291256,7.461462975529174,8.170234422669175,8.401017899130922
2220,5.139763355255127,5.0,5.0,5.0,5.0,5.0,5.0
2221,5.180410861968994,5.0,5.0,5.0,5.0,5.0,5.0
2222,4.880438327789307,5.0,5.0,5.0,5.0,5.0,5.0
2223,6.919147491455078,7.259637310505756,5.0,5.0,5.557809882459554,6.481225900025257,7.487317135998911
2224,5.982118129730225,6.4089353929735005,5.0,5.42021640338319,6.657577319177793,7.1249387366083,7.481486060122112
2225,5.61639928817749,5.0,5.0,5.287967737291256,7.461462975529174,8.170234422669175,8.401017899130922
2226,5.319207668304443,5.619788758288394,5.0,5.0,5.0,5.0,5.055517327849831
2227,5.099584579467773,5.0,5.0,5.0,5.142618929405524,5.5753667688338275,6.54003127572679
2228,5.9673542976379395,5.0,5.0,5.0,5.708512583073295,6.456685660619315,8.053554394051933
2229,5.248398303985596,5.0,5.0,5.0,5.8327668861431246,6.519126541329726,7.4754624086313655
2230,5.114970684051514,5.0,5.0,5.0,5.0,5.0,5.0
2231,5.369863033294678,5.0,5.0,5.0,5.0,5.0,5.0
2232,4.930577754974365,5.0,5.0,5.0,6.068377979021429,6.7791897757223625,7.668920260392717
2233,5.370018005371094,5.0,5.0,5.122062572163754,5.770689473640969,5.900566781122885,5.985661382193382
2234,4.857565402984619,5.0,5.0,5.0,5.0,5.0,5.0
2235,4.934963703155518,5.0,5.0,5.0,5.0,5.0,5.0
2236,5.273291110992432,5.0,5.0,5.0,5.0,5.0,5.0
2237,4.797296524047852,5.0,5.0,5.0,5.0,5.0,5.0
2238,6.722062587738037,6.920818753952375,5.0,5.769551078621726,7.002632177292251,7.840628610219042,8.59864862673098
2239,5.433522701263428,5.795880017344075,5.0,5.0,5.0,5.0,5.0
2240,6.198300838470459,7.267606240177032,5.0,5.42021640338319,6.657577319177793,7.1249387366083,7.481486060122112
2241,4.805970668792725,5.0,5.0,5.0,5.0,5.093971785205677,5.226292647534192
2242,4.746752738952637,5.0,5.0,5.0,5.0,5.0,5.348494528952238
2243,6.07399320602417,7.0915149811213505,5.0,5.0,5.0,5.0,5.895349126175367
2244,5.238378047943115,5.0,5.0,5.0,5.0,5.259497564773153,5.797940008672038
2245,5.617269992828369,5.0,5.0,5.0,5.0,5.576997119237737,5.915076914552607
2246,5.828065395355225,5.0,5.0,5.0,5.0,5.0,5.0
2247,5.195958137512207,5.0,5.0,5.0,5.853660333567736,6.21269753761629,6.952842911422624
2248,5.5274834632873535,5.698970004336019,5.0,5.0,5.340823996531185,5.727202434050302,5.828575698611751
2249,5.054487705230713,5.0,5.0,5.0,5.0,5.0,5.42166897466197
2250,4.839300155639648,6.0,5.0,5.0,5.0,5.0,5.468521082957745
2251,6.103573322296143,6.886056647693163,5.0,5.0,5.6869396686154365,6.036964173972116,6.7003820015986735
2252,5.17867374420166,5.0,5.0,5.0,5.095627628787324,5.403952509078869,5.807929816367233
2253,6.595216274261475,5.657577319177793,5.0,5.287967737291256,7.461462975529174,8.170234422669175,8.401017899130922
2254,6.882012844085693,6.920818753952375,5.0,5.698970004336019,7.251811972993799,7.301029995663981,7.301029995663981
2255,6.246275424957275,8.3767507096021,5.045829597671571,5.568636235841013,7.83670401387526,7.959176003468815,8.440949163483824
2256,5.161989688873291,5.0,5.0,5.0,5.0,5.210121998671017,5.630365996013053
2257,4.677783489227295,5.0,5.0,5.0,5.0,5.3707743928643525,6.112323178593057
2258,5.439952373504639,5.0,5.0,5.0,5.0,5.0802637802185675,5.370649559108152
2259,5.154907703399658,5.0,5.0,5.0,5.0,5.223837281543842,6.140057981153716
2260,4.671183109283447,5.0,5.0,5.0,5.0,5.0,5.0
2261,5.476413249969482,5.0,5.0,5.30033623392066,6.271896009882983,6.480994761799621,8.877103382651214
2262,6.641118049621582,6.431798275933005,5.0,5.42021640338319,6.657577319177793,7.1249387366083,7.481486060122112
2263,4.815859317779541,5.0,5.0,5.0,5.0,5.0,5.12757241303992
2264,5.420497894287109,5.0,5.0,5.0,5.8327668861431246,6.519126541329726,7.4754624086313655
2265,5.990869045257568,6.698970004336019,5.0,5.0,5.0,5.0,5.583745543646882
2266,5.259639263153076,5.0,5.0,5.0,5.0,5.0,5.0
2267,5.384324073791504,5.0,5.0,5.0,5.0,5.0,5.0
2268,4.938216686248779,5.0,5.048825028865502,5.122062572163754,5.170887601029256,5.195300115462007,5.219712629894758
2269,5.3760905265808105,5.0,5.0,5.42021640338319,6.657577319177793,7.1249387366083,7.481486060122112
2270,5.169975280761719,5.0,5.0,5.0,5.0,5.0,5.204575749056067
2271,6.17877197265625,5.045757490560675,5.0,5.42021640338319,6.657577319177793,7.1249387366083,7.481486060122112
2272,5.162891387939453,5.619788758288394,5.0,5.0,5.0,5.241230752217968,5.6218487496163565
2273,6.3747878074646,5.0,5.0,5.287967737291256,7.461462975529174,8.170234422669175,8.401017899130922
2274,6.790677070617676,5.161150909262744,5.0,5.0,5.6869396686154365,6.036964173972116,6.7003820015986735
2275,4.8776164054870605,5.0,5.0,5.0,5.0,5.0,5.30945511543382
2276,5.180272579193115,5.0,5.0,5.0,5.717948779044448,6.154656928386707,6.8675683249985315
2277,5.837473392486572,6.337242168318426,5.0,5.0,5.0,5.0,5.0
2278,7.0755085945129395,5.920818753952375,5.0,5.0,5.708512583073295,6.456685660619315,8.053554394051933
2279,5.754725933074951,5.259637310505756,5.0,5.0,5.481515245560481,5.850820228732402,6.0963131810635645
2280,4.982226848602295,5.0,5.0,5.0,5.0,5.0,5.0
2281,4.924305438995361,5.0,5.0,5.0,5.0,5.0,5.603455322466291
2282,5.298965930938721,5.0,5.0,5.0,5.0,5.63741732867143,6.912251986014287
2283,5.933891773223877,5.0,5.0,5.0,5.0,5.034785039459835,5.5334877854314275
2284,6.308314323425293,8.05551732784983,5.0,5.287967737291256,7.461462975529174,8.170234422669175,8.401017899130922
2285,5.84647798538208,5.0,5.0,5.769551078621726,7.002632177292251,7.840628610219042,8.59864862673098
2286,5.380379676818848,5.638272163982407,5.0,5.0,6.368669355166785,6.609493351697969,7.040192160757503
2287,6.145511150360107,5.0,5.0,5.0,5.329878389978372,5.420171791158,5.575313958251336
2288,5.234847068786621,5.0,5.0,5.0,5.853660333567736,6.21269753761629,6.952842911422624
2289,5.181318759918213,5.154901959985743,5.0,5.0,5.342883161099869,5.813915343413893,5.936172597251873
2290,5.146725177764893,5.0,5.0,5.0,5.583745543646882,6.167491087293763,6.433230545814891
2291,5.290385723114014,5.0,5.0,5.0,5.0,5.0,5.0
2292,6.530157566070557,5.769551078621726,5.0,5.0,5.0,5.210121998671017,5.630365996013053
2293,5.186236381530762,5.0,5.0,5.0,5.0,5.0594966605123695,5.533901498419491
2294,5.205938816070557,5.0,5.0,5.0,5.583745543646882,6.167491087293763,6.433230545814891
2295,5.544145107269287,5.0,5.0,5.030240373690691,5.979796630032903,6.440875561547003,6.637736343307488
2296,4.933374881744385,5.0,5.0,5.0,5.0,5.0,5.0
2297,5.023193836212158,5.0,5.0,5.0,5.0,5.0,5.0
2298,5.55687952041626,5.795880017344075,5.0,5.0,5.0,5.0,5.07535014192042
2299,5.73576021194458,6.481486060122113,5.0,5.698970004336019,7.251811972993799,7.301029995663981,7.301029995663981
2300,5.784639358520508,5.0,5.0,5.0,5.0,5.0,5.904700876731446
2301,5.122632026672363,5.0,5.0,5.0,5.0,5.477528010406445,6.104288634424147
2302,4.876966953277588,6.721246399047171,5.0,5.0,5.0,5.0,5.0
2303,5.28132963180542,5.0,5.0,5.0,5.0,5.356547323513812,6.795880017344075
2304,5.101588726043701,5.0,5.0,5.227965977824862,5.529434997455911,5.5376020021010435,5.642138395778679
2305,4.833435535430908,5.0,5.0,5.0,5.0,5.0,5.0
2306,4.720671653747559,5.0,5.0,5.0,5.0,5.0,5.0
2307,5.187873840332031,5.0,5.0,5.0,5.0869625986495866,5.173925197299173,5.265236260406493
2308,5.1515889167785645,5.0,5.0,5.0,5.4467905147876845,5.723436428713836,7.10110352518409
2309,5.570761203765869,5.0,5.0,5.0,5.0,5.0,5.0
2310,5.735074520111084,5.0,5.0,5.0,6.368669355166785,6.609493351697969,7.040192160757503
2311,4.902617454528809,5.0,5.0,5.0,5.336173122706551,5.502471299162677,5.940909367734202
2312,5.020326137542725,5.0,5.0,5.0,5.117005330405836,5.468021321623346,6.748955999889548
2313,5.854025363922119,5.0,5.045829597671571,5.568636235841013,7.83670401387526,7.959176003468815,8.440949163483824
2314,5.469717502593994,5.0,5.0,5.0,5.802345300991055,6.353045584831895,6.507703977970893
2315,4.992275238037109,5.0,5.0,5.0,5.708512583073295,6.456685660619315,8.053554394051933
2316,4.848430156707764,5.0,5.0,5.0,5.951015991217508,6.669367998155139,6.845855511987395
2317,4.994096279144287,5.0,5.0,5.0,5.0,5.0,5.0
2318,5.363368034362793,5.0,5.0,5.0,5.20345532246629,5.305182983699437,5.406910644932582
2319,4.59168815612793,5.0,5.0,5.0,5.0,5.0,5.335556141053217
2320,5.582983493804932,6.657577319177793,5.0,5.0,5.0,5.1355561410532165,5.4066684231596485
2321,5.496669292449951,5.0,5.0,5.0,5.36804185367615,5.695208145805298,6.305438650294773
2322,5.604475498199463,6.5376020021010435,5.0,5.0,5.8327668861431246,6.519126541329726,7.4754624086313655
2323,6.4007697105407715,5.0,5.0,5.769551078621726,7.002632177292251,7.840628610219042,8.59864862673098
2324,6.014816761016846,5.920818753952375,5.0,5.0,5.0,5.766026570025314,6.106860737855564
2325,7.188980579376221,8.508638306165727,5.0,5.0,5.0,5.0,5.0
2326,5.098399639129639,5.0,5.0,5.0,5.0,5.0,6.142667503568731
2327,5.167228698730469,5.0,5.0,5.0,5.006682918413346,5.149336579604481,5.6839014626552515
2328,5.09505033493042,5.0,5.0,5.0,5.252129842029914,5.652129842029915,6.159176003468815
2329,5.328007221221924,5.6777807052660805,5.0,5.0,5.0,5.05679933127304,5.4839966563652
2330,5.634327411651611,5.0,5.0,5.0,5.0,5.0,5.0
2331,5.1013712882995605,5.207608310501746,5.206303410289213,6.721246399047171,6.920941467630807,7.025595927443738,7.175003442918692
2332,5.0406622886657715,5.0,5.0,5.260284331401132,5.936842114697192,6.212300767287724,7.029730760384687
2333,6.342799186706543,5.356547323513812,5.0,5.30033623392066,6.271896009882983,6.480994761799621,8.877103382651214
2334,5.181604385375977,5.0,5.0,5.0,5.583745543646882,6.167491087293763,6.433230545814891
2335,5.435288906097412,5.0,5.0,5.328788659588897,5.885292569477766,6.015710880738921,6.572000504422791
2336,7.210355281829834,8.356547323513812,5.0,5.0,5.0,5.148945498979339,5.832233621235863
2337,5.087397575378418,5.0,5.0,5.0,5.0,5.0,5.0
2338,5.832462787628174,5.0,5.0,5.0,5.0,5.0,5.0
2339,4.75216817855835,5.0,5.0,5.0,5.576736118661023,5.901436751350764,6.360123729071389
2340,5.868188858032227,6.958607314841775,5.0,5.734260541478872,6.763144123905442,7.191911180327464,7.651523988147662
2341,5.993048667907715,5.468521082957745,5.0,5.0,5.576736118661023,5.901436751350764,6.360123729071389
2342,5.166490077972412,5.0,5.0,5.0,5.0,5.05679933127304,5.4839966563652
2343,5.295851707458496,5.0,5.0,5.0,5.252129842029914,5.652129842029915,6.159176003468815
2344,5.054298400878906,5.0,5.0,5.0,5.0,5.034785039459835,5.5334877854314275
2345,5.447330951690674,5.853871964321762,5.0,5.0,5.0,5.0,5.70446769648675
2346,5.71106481552124,6.356547323513812,5.0,5.42021640338319,6.657577319177793,7.1249387366083,7.481486060122112
2347,6.573133945465088,5.0,5.0,5.42021640338319,6.657577319177793,7.1249387366083,7.481486060122112
2348,6.282389163970947,5.721246399047171,5.0,5.0,5.0,5.0,6.468521082957745
2349,5.462762355804443,5.0,5.0,5.0,5.747866492601998,6.276799720315459,6.5119362786376165
2350,5.131386756896973,5.0,5.0,5.0,5.097170173104912,5.229849699277086,5.693936665414687
2351,5.638476371765137,5.0,5.0,5.0,5.708512583073295,6.456685660619315,8.053554394051933
2352,4.83843469619751,5.0,5.0,5.0,5.7447274948966935,6.026872146400302,6.5376020021010435
2353,5.071070671081543,5.0,5.0,5.0,5.0,5.0,5.603455322466291
2354,5.396334171295166,5.431798275933005,5.0,5.0,5.0,5.0,5.552841968657781
2355,4.480881214141846,5.0,5.0,5.0,5.0,5.0,5.0
2356,5.464084625244141,5.0,5.0,5.0,5.0,5.0,5.0
2357,5.14655065536499,5.0,5.0,5.0,5.117005330405836,5.468021321623346,6.748955999889548
2358,7.064779758453369,9.187086643357144,5.0,5.287967737291256,7.461462975529174,8.170234422669175,8.401017899130922
2359,5.466065883636475,5.1938200260161125,5.0,5.0,5.708512583073295,6.456685660619315,8.053554394051933
2360,4.941802501678467,5.0,5.0,5.0,5.0,5.0,5.0
2361,5.710391521453857,5.0,5.0,5.0,5.0,5.0,5.0
2362,5.142597198486328,5.0,5.0,5.0,5.0,5.0,5.0
2363,6.3747878074646,5.187086643357144,5.0,5.287967737291256,7.461462975529174,8.170234422669175,8.401017899130922
2364,5.54656982421875,5.0,5.0,5.42021640338319,6.657577319177793,7.1249387366083,7.481486060122112
2365,5.999293804168701,5.431798275933005,5.0,5.619788758288394,6.26468584634236,6.445303843740749,7.131147698050925
2366,5.357318878173828,5.721246399047171,5.0,5.0,5.708512583073295,6.456685660619315,8.053554394051933
2367,5.239792346954346,5.508638306165727,5.0,5.0,5.139794000867203,5.559176003468815,5.819382002601611
2368,5.227403163909912,5.0,5.0,5.0,5.0638272163982405,5.255308865592963,5.4467905147876845
2369,5.6267523765563965,5.0,5.0,5.734260541478872,6.763144123905442,7.191911180327464,7.651523988147662
2370,4.967626094818115,5.0,5.0,5.06246936830415,5.20446769648675,5.2839966563652006,5.389423339022647
2371,6.164199352264404,5.7447274948966935,5.0,5.0,5.747866492601998,6.276799720315459,6.5119362786376165
2372,5.2840094566345215,5.0,5.0,5.0,5.769551078621726,7.5376020021010435,7.585026652029182
2373,5.361474514007568,5.0,5.0,5.0,5.0,5.0,5.0
2374,5.2124857902526855,5.0,5.0,5.0,5.342883161099869,5.813915343413893,5.936172597251873
2375,4.9343743324279785,5.0,5.0,5.0,5.0,5.327902142064283,6.2076083105017466
2376,5.73842191696167,5.0,5.0,5.309894379144197,6.0491978875360894,6.32765564127649,6.517658239483867
2377,5.887385845184326,5.42021640338319,5.0,5.734260541478872,6.763144123905442,7.191911180327464,7.651523988147662
2378,5.272806644439697,5.0,5.0,5.0,6.081359291354222,6.4035294254543444,6.620538427799027
2379,7.149256229400635,5.0,5.0,5.0,5.0,5.0,5.0
2380,5.040577411651611,5.0,5.0,5.0,5.0,5.0,5.287582194452533
2381,6.538537979125977,7.886056647693163,5.0,5.0,5.0,5.0,5.668744396507356
2382,4.4619269371032715,5.0,5.0,5.0,5.0,5.0,5.0795880017344075
2383,5.17476749420166,5.0,5.0,5.0,5.802345300991055,6.353045584831895,6.507703977970893
2384,5.372791767120361,5.0,5.0,5.0,5.0,5.552491252371425,6.617810671064914
2385,5.000672817230225,5.0,5.0,5.0,5.0,5.0,5.1
2386,5.174809455871582,5.0,5.0,5.0,5.0,5.203455322466291,5.620010954683868
2387,5.185903072357178,5.886056647693163,5.0,5.0,5.303517951486582,5.772541840295507,6.237332733324225
2388,5.73937463760376,5.0,5.0,5.328788659588897,5.885292569477766,6.015710880738921,6.572000504422791
2389,5.303172588348389,5.0,5.0,5.0,5.0,5.0,5.0
2390,5.1926350593566895,5.0,5.0,5.0,5.442273574926224,5.9699280077227055,6.804100085852557
2391,5.132682800292969,5.0,5.0,5.0,5.0,5.0,5.346395015176066
2392,5.464738368988037,5.0,5.0,5.0,5.216373919714151,5.954208448776369,6.926693965314053
2393,5.476559162139893,5.0,5.0,6.1531365255381765,6.499796115887473,6.650291819404307,6.885710295924456
2394,4.945479869842529,5.0,5.0,5.0,5.494752000253373,5.647915503315358,6.239625999943646
2395,5.815659523010254,5.0,5.0,5.42021640338319,6.657577319177793,7.1249387366083,7.481486060122112
2396,4.786349296569824,5.5376020021010435,5.0,5.0,5.0201454878767855,5.7447274948966935,6.035290537142854
2397,5.520064830780029,5.00436480540245,5.0,5.0,5.761091082236913,6.416153306250301,7.328727082090541
2398,5.247862815856934,5.522878745280337,5.0,5.0,5.5376020021010435,5.721246399047171,6.026872146400302
2399,5.385061740875244,5.086186147616283,5.0,5.0,5.0,5.0,5.668744396507356
2400,5.342066287994385,5.0,5.0,5.0,5.0,5.0,5.0
2401,5.443880558013916,5.0,5.0,5.0,7.035625007497918,7.38004376813455,7.604730444456747
2402,5.258139133453369,5.0,5.0,5.0,5.327902142064283,5.638272163982407,5.721246399047171
2403,5.212958812713623,5.0,5.0,5.0,6.081359291354222,6.4035294254543444,6.620538427799027
2404,4.890859603881836,5.0,5.0,5.0,5.0,5.0,5.0
2405,5.341506481170654,5.0,5.0,5.0,5.303517951486582,5.772541840295507,6.237332733324225
2406,5.396315574645996,5.0,5.0,5.292429823902063,5.801396958063174,6.210789396402983,6.471963329792007
2407,5.620903491973877,5.0,5.0,5.0,5.0,5.0,5.0
2408,5.026477336883545,5.0,5.0,5.0,5.0,5.148945498979339,5.832233621235863
2409,5.092474460601807,5.0,5.0,5.0,5.230865323586517,5.820867764665735,6.715554367524456
2410,5.907601356506348,7.769551078621726,5.0,5.0,5.0,5.0,5.045403709931007
2411,5.034404277801514,5.0,5.0,5.0,5.0,5.0,5.0
2412,5.430758953094482,5.0,5.0,5.0,5.0,5.0,5.0
2413,6.403125286102295,6.5376020021010435,5.0,5.769551078621726,7.002632177292251,7.840628610219042,8.59864862673098
2414,5.701016426086426,5.0,5.0,5.42021640338319,6.657577319177793,7.1249387366083,7.481486060122112
2415,5.944639682769775,6.327902142064283,5.0,5.0,5.0,5.0,6.142667503568731
2416,4.947248935699463,5.0,5.0,5.0,5.0,5.0,5.0
2417,4.960695743560791,5.0,5.0,5.0,5.7447274948966935,6.026872146400302,6.5376020021010435
2418,4.987536907196045,5.0,5.0,5.0,5.0,5.0,5.0795880017344075
2419,5.60006856918335,5.0,5.0,5.0,5.327902142064283,5.638272163982407,5.721246399047171
2420,5.695847034454346,5.0,5.0,5.0,5.0,5.0,5.0
2421,5.264297008514404,5.0,5.0,5.0,5.853660333567736,6.21269753761629,6.952842911422624
2422,5.507713794708252,5.494850021680094,5.0,5.0,5.0,5.263030927671117,5.733304289873123
2423,4.776322841644287,5.0,5.0,5.0,5.8327668861431246,6.519126541329726,7.4754624086313655
2424,6.034998416900635,5.0,5.0,5.0,5.0,5.0,5.701172650495527
2425,5.903017520904541,5.366531544420414,5.0,5.0,5.491206246861287,6.546096010217774,8.248901276889617
2426,4.952783107757568,5.0,5.0,5.0,5.336173122706551,5.502471299162677,5.940909367734202
2427,5.59757137298584,5.0,5.0,5.309894379144197,6.0491978875360894,6.32765564127649,6.517658239483867
2428,6.146491527557373,5.0,5.0,5.0,5.0,5.508638306165727,6.451544993495972
2429,5.237499237060547,5.0,6.076163040999861,6.170565203899018,6.233499979165125,6.264967366798177,6.29643475443123
2430,5.0521039962768555,5.0,5.0,5.0,5.0,5.0,5.0
2431,4.909018039703369,5.0,5.0,5.0,5.0,5.0,5.0
2432,6.589272975921631,5.0,5.6936512982466265,6.821318484692428,7.295062717774298,7.354829414764048,7.459720859977528
2433,5.332728385925293,5.0,5.0,5.0,5.6869396686154365,6.036964173972116,6.7003820015986735
2434,4.984416484832764,5.0,5.0,5.0,5.6445731277666615,5.951049602663894,6.020045663244449
2435,5.649645805358887,5.0,5.0,5.287967737291256,7.461462975529174,8.170234422669175,8.401017899130922
2436,6.686405658721924,7.0,5.0,5.42021640338319,6.657577319177793,7.1249387366083,7.481486060122112
2437,5.053332805633545,5.468521082957745,5.0,5.0,5.0,5.0,5.0
2438,5.451898574829102,5.0,5.0,5.0,5.101727661233145,5.520030657457415,5.848767903643857
2439,5.09950065612793,5.0,5.0,5.0,5.7447274948966935,6.026872146400302,6.5376020021010435
2440,6.251185894012451,5.0,5.0,5.0,5.0,5.51359866254608,6.637319323763178
2441,5.57017183303833,5.0,5.0,5.30033623392066,6.271896009882983,6.480994761799621,8.877103382651214
2442,5.955123424530029,5.698970004336019,5.0,5.0,5.075720713938118,6.214670164989233,6.327902142064283
2443,5.124467372894287,5.0,5.0,5.0,5.0,5.177211329538633,5.531633988615898
2444,6.078558444976807,6.136677139879544,5.0,5.346787486224656,6.443697499232712,7.1938200260161125,7.920818753952375
2445,5.839895725250244,5.886056647693163,5.0,5.0,5.346395015176065,5.658146007804834,6.182811806226959
2446,6.105504512786865,6.823908740944319,5.0,5.0,5.218302996224269,5.873211984897081,6.295732985203996
2447,4.819227695465088,5.0,5.0,5.0,5.0,5.0,5.255144826079842
2448,5.574420928955078,7.795880017344075,5.0,5.0,5.876329286972975,7.012697251504221,7.26494905424264
2449,6.4194865226745605,7.4089353929735005,5.0,5.0,5.7162920156096675,6.038747677265481,6.6638798638515
2450,4.900003910064697,5.0,5.0,5.0,5.0,5.0,5.3872161432802645
2451,5.061376094818115,5.0,5.0,5.0,5.0,5.026200619502573,5.429169121047358
2452,5.735753059387207,5.0,5.0,5.42021640338319,6.657577319177793,7.1249387366083,7.481486060122112
2453,5.187376499176025,5.0,5.0,5.0,5.192973858767064,5.328501281388417,6.025031859678254
2454,5.175191402435303,5.0,5.0,5.457176355851572,5.760374041286161,5.882984820353755,6.11948012689327
2455,5.431892395019531,5.0,5.0,5.030240373690691,5.979796630032903,6.440875561547003,6.637736343307488
2456,5.1261444091796875,6.119186407719209,5.0,5.0,5.04997549464332,5.146666040200967,5.396975746372329
2457,4.880222797393799,5.0,5.0,5.0,5.0,5.0,5.0
2458,5.160195827484131,5.0,5.0,5.0,5.201449578395039,6.139488794400743,6.543303570590206
2459,5.372609615325928,5.0,5.0,5.0,5.0,5.7510871837962805,6.699686629564667
2460,4.934606075286865,5.508638306165727,5.0,5.0,5.0,5.0,5.920818753952375
2461,5.678903579711914,6.6777807052660805,5.0,5.0,5.0,5.012096149476276,5.089111421265709
2462,4.901026725769043,5.0,5.0,5.0,5.0,5.0,5.0
2463,6.1985602378845215,5.0,5.0,5.0,5.708512583073295,6.456685660619315,8.053554394051933
2464,5.073505878448486,5.0,5.0,5.0,5.0,5.093971785205677,5.226292647534192
2465,5.601804733276367,5.522878745280337,5.9901019303030605,6.591647408166742,7.128788772280643,7.208036362993901,7.287283953707157
2466,5.06358003616333,5.0,5.0,5.0,5.0,5.0,5.0
2467,5.081869602203369,6.161150909262744,5.0,5.0,5.0,5.0,5.0
2468,6.329075336456299,5.0,5.0,5.0,5.708512583073295,6.456685660619315,8.053554394051933
2469,5.544738292694092,5.0,5.0,5.0,5.7162920156096675,6.038747677265481,6.6638798638515
2470,5.64516019821167,5.721246399047171,5.0,6.1531365255381765,6.499796115887473,6.650291819404307,6.885710295924456
2471,5.906172752380371,6.42021640338319,5.0,6.200659450546418,6.638272163982407,8.221848749616356,8.958607314841775
2472,5.676031112670898,7.5376020021010435,5.0,5.0,5.0,5.0,5.0
2473,5.072112560272217,5.0,5.0,5.734260541478872,6.763144123905442,7.191911180327464,7.651523988147662
2474,6.50012731552124,5.619788758288394,5.0,5.0,5.336173122706551,5.502471299162677,5.940909367734202
2475,5.365895748138428,5.0,5.015144142787624,5.6777807052660805,6.359508994354129,6.896667784042121,7.4288753542995805
2476,5.388492584228516,5.0,5.0,5.0,5.0,5.0,5.0795880017344075
2477,5.508914947509766,5.0,5.0,5.0,5.0,5.1925944240488455,5.658495156981774
2478,4.79157018661499,5.0,5.0,5.0,5.0,5.0,5.314266750356872
2479,5.213194370269775,5.0,5.0,5.0,5.0,5.0,5.0
2480,6.498999118804932,6.2076083105017466,5.0,6.481486060122113,7.734530109732988,8.275008751784874,8.346813140313207
2481,5.538984298706055,5.0,5.0,5.0,5.968889800705817,6.338153788612729,6.662443951152241
2482,5.93487024307251,5.0,5.0,5.42021640338319,6.657577319177793,7.1249387366083,7.481486060122112
2483,5.296135425567627,5.0,5.0,5.0,5.0,5.241230752217968,5.6218487496163565
2484,5.1226372718811035,8.080921907623926,5.0,5.0,5.0,5.6020599913279625,6.619788758288394
2485,6.126945972442627,5.0,5.0,5.928180382362728,6.772577569995745,7.568636235841013,8.324875990832918
2486,5.348498821258545,5.0,5.0,5.0,5.068105564896511,5.409654350625216,6.169457226644011
2487,5.664585590362549,7.0,5.0,5.0,5.708512583073295,6.456685660619315,8.053554394051933
2488,5.369059085845947,5.0,5.0,5.0,5.0,5.279588001734408,6.594799162246874
2489,6.191275119781494,5.795880017344075,5.0,5.769551078621726,7.002632177292251,7.840628610219042,8.59864862673098
2490,6.068551540374756,7.070581074285707,5.0,5.0,5.0,5.0,6.468521082957745
2491,5.263446807861328,5.0,5.0,5.0,5.708512583073295,6.456685660619315,8.053554394051933
2492,4.918364524841309,5.0,5.0,5.0,5.0,5.0,5.09995098928664
2493,5.016063213348389,5.0,5.0,5.0,5.0,5.0,5.0
2494,5.823872089385986,6.552841968657781,5.0,5.42021640338319,6.657577319177793,7.1249387366083,7.481486060122112
2495,5.400085926055908,5.5376020021010435,5.0,5.0,5.329878389978372,5.420171791158,5.575313958251336
2496,5.730459213256836,5.0,5.0,5.42021640338319,6.657577319177793,7.1249387366083,7.481486060122112
2497,5.088683128356934,5.0,5.0,5.0,5.0,5.0,5.0
2498,5.359314918518066,5.0,5.0,5.0,5.0,5.0,5.0
2499,5.563330173492432,5.0,5.0,5.928180382362728,6.772577569995745,7.568636235841013,8.324875990832918
2500,6.224228382110596,5.0,5.0,5.0,5.0,6.366531544420414,8.494850021680094
2501,5.874301433563232,7.214670164989233,5.0,5.42021640338319,6.657577319177793,7.1249387366083,7.481486060122112
2502,5.372333526611328,7.075720713938118,5.0,5.0,5.7447274948966935,6.026872146400302,6.5376020021010435
2503,6.595216274261475,5.958607314841775,5.0,5.287967737291256,7.461462975529174,8.170234422669175,8.401017899130922
2504,5.855180263519287,5.0,5.0,5.0,5.0,5.103854924202302,5.3616200641289495
2505,5.771890640258789,5.0,5.0,5.0,5.0,6.366531544420414,8.494850021680094
2506,5.065012454986572,5.0,5.0,5.0,5.0,5.0,5.0
2507,5.088668346405029,5.0,5.0,5.011138197355576,5.888215363036752,6.241208065863358,6.365039369692465
2508,5.339737892150879,5.0,5.0,5.0,5.0,5.0,5.01190543916038
2509,4.937253475189209,5.0,5.0,5.0,5.0,5.0,5.0
2510,4.982497692108154,5.0,5.0,5.0,5.0,5.084043280676638,5.252129842029914
2511,6.67194128036499,6.301029995663981,5.455931955649724,6.839926856944473,7.240743030061056,7.522878745280337,8.002182402701225
2512,6.221121311187744,5.0,5.0,5.769551078621726,7.002632177292251,7.840628610219042,8.59864862673098
2513,6.2060980796813965,5.638272163982407,5.0,5.0,5.708512583073295,6.456685660619315,8.053554394051933
2514,5.609717845916748,5.0,5.0,5.0,5.0,5.0,6.07116140690399
2515,5.017942905426025,5.0,5.0,5.0,5.230865323586517,5.820867764665735,6.715554367524456
2516,5.97811222076416,7.657577319177793,5.0,5.928180382362728,6.772577569995745,7.568636235841013,8.324875990832918
2517,5.834451198577881,5.0,5.0,5.0,5.0,5.296297212024423,5.888891636073268
2518,5.087735652923584,5.0,5.0,5.0,5.0,5.0,5.468521082957745
2519,5.245489120483398,5.0,5.0,5.0,5.7162920156096675,6.038747677265481,6.6638798638515
2520,5.191054821014404,5.0,5.0,5.0,5.0,5.51359866254608,6.637319323763178
2521,5.856877326965332,5.0,5.0,5.0,5.0,5.0,5.142021640338318
2522,5.012292861938477,5.0,5.0,5.0,5.0,5.0,5.0
2523,5.973989963531494,6.154901959985743,5.0,5.011138197355576,5.888215363036752,6.241208065863358,6.365039369692465
2524,5.882570743560791,9.4089353929735,5.0,5.0,5.6869396686154365,6.036964173972116,6.7003820015986735
2525,5.305287837982178,5.853871964321762,5.0,5.0,5.442273574926224,5.9699280077227055,6.804100085852557
2526,6.582093715667725,7.795880017344075,5.0,5.0,5.0,5.0,5.07535014192042
2527,5.229666233062744,5.0,5.0,5.0,5.583745543646882,6.167491087293763,6.433230545814891
2528,4.979729175567627,5.0,5.0,5.0,5.0,5.0,5.468521082957745
2529,5.411411285400391,5.0,5.0,5.42021640338319,6.657577319177793,7.1249387366083,7.481486060122112
2530,4.9966278076171875,5.0,5.0,5.0,5.768744396507357,6.052401239005146,7.4183227671325565
2531,5.267397403717041,5.0,5.0,5.0,5.0,5.139140157839338,5.395587282774788
2532,5.459995746612549,5.0,5.0,5.0,5.0,5.0,5.0
2533,6.136368274688721,6.050609993355087,5.0,5.287967737291256,7.461462975529174,8.170234422669175,8.401017899130922
2534,5.693976879119873,5.0,5.0,5.0,5.0,5.0,5.0
2535,5.3843913078308105,5.0,5.0,5.0,5.0,5.886324317847616,6.185228563145452
2536,5.141266345977783,5.0,5.0,5.0,5.0,5.0,5.0
2537,5.171959400177002,5.6020599913279625,5.0,5.0,5.0,5.0,5.0
2538,4.7925639152526855,5.0,5.0,5.0,5.951015991217508,6.669367998155139,6.845855511987395
2539,4.567627429962158,5.0,5.0,5.0,5.0,5.0,5.0
2540,6.0918450355529785,5.0,5.0,5.287967737291256,7.461462975529174,8.170234422669175,8.401017899130922
2541,5.175782680511475,5.0,5.0,5.0,5.0,5.0,5.0
2542,5.313064098358154,5.0,5.0,5.0,5.0,5.0,5.288498559618869
2543,5.3642401695251465,5.0,5.0,5.0,5.086359655186601,5.345438620746404,6.887311395274088
2544,5.587939262390137,5.769551078621726,5.0,5.0,5.494752000253373,5.647915503315358,6.239625999943646
2545,5.847226619720459,5.0,5.0,5.42021640338319,6.657577319177793,7.1249387366083,7.481486060122112
2546,5.748636722564697,5.0,5.0,5.0,5.0,6.366531544420414,8.494850021680094
2547,5.7821784019470215,5.346787486224656,5.0,5.0,5.769551078621726,7.5376020021010435,7.585026652029182
2548,5.748256683349609,5.292429823902063,5.0,5.0,5.0,5.0,5.045403709931007
2549,5.242054462432861,5.0,5.0,5.0,5.0,5.351015991217509,5.585026652029182
2550,6.722062587738037,7.337242168318426,5.0,5.769551078621726,7.002632177292251,7.840628610219042,8.59864862673098
2551,6.086925029754639,5.6777807052660805,5.0,5.0,5.112251986014286,5.333388773477399,5.569928007722705
2552,4.879827976226807,5.107905397309519,5.0,5.0,5.0,5.0,5.0
2553,5.783702373504639,5.638272163982407,5.0,5.0,5.0,5.0,5.0
2554,4.943053245544434,5.0,5.0,5.0,5.522878745280337,6.2441251443275085,8.05551732784983
2555,5.285293102264404,5.0,5.0,5.0,5.0,5.03236876304957,5.148780806775779
2556,4.889126300811768,5.0,5.0,5.0,5.0,5.0,5.144364851566506
2557,7.272486209869385,9.154901959985743,5.00261888324147,5.429118384862106,5.882751518246458,5.969390180020549,6.056028841794641
2558,4.701497554779053,5.0,5.0,5.0,5.0,5.259078965559803,6.099531988906442
2559,4.560667514801025,5.0,5.0,5.0,5.0,5.0,5.0
2560,5.270732402801514,5.0,5.0,5.0,5.0,5.0,5.603455322466291
2561,5.125589847564697,5.0,5.0,5.0,5.0,5.0,5.0
2562,5.021077632904053,5.0,5.0,5.0,5.0,5.0,5.701172650495527
2563,5.084596157073975,5.0,5.0,5.0,5.0,5.0,5.552841968657781
2564,4.9732842445373535,5.0,5.9901019303030605,6.591647408166742,7.128788772280643,7.208036362993901,7.287283953707157
2565,5.306712627410889,5.0,5.015144142787624,5.6777807052660805,6.359508994354129,6.896667784042121,7.4288753542995805
2566,5.783273696899414,5.0,5.0,5.0,5.0,5.0,5.0
2567,5.9304046630859375,6.886056647693163,5.0,5.0,5.895766104529767,6.125386129798948,6.502223389960223
2568,5.0932536125183105,5.0,5.0,5.0,5.20345532246629,5.305182983699437,5.406910644932582
2569,5.964021682739258,6.958607314841775,5.0,5.06246936830415,5.20446769648675,5.2839966563652006,5.389423339022647
2570,5.452377796173096,5.0,5.0,5.032750774378217,5.696834746491283,6.468685246554372,6.673751488085751
2571,5.1269145011901855,5.920818753952375,5.0,5.0,5.0,5.0,5.6777807052660805
2572,5.115905284881592,5.0,5.0,5.0,5.26935749724493,6.077429988979726,6.5496212774634985
2573,7.065847873687744,7.356547323513812,5.0,5.0,5.0,5.0,5.07535014192042
2574,5.553678512573242,5.0,5.0,5.0,5.0,5.6020599913279625,6.619788758288394
2575,6.799272537231445,6.585026652029182,5.0,6.054231271163718,7.256077439944282,8.1249387366083,8.627853508438662
2576,5.106564044952393,5.0,5.0,5.0,5.0,5.0,5.085387196432176
2577,5.046438694000244,5.0,5.0,5.0,5.0,5.0,5.0
2578,5.314372539520264,6.920818753952375,5.0,5.0,5.0,5.0,5.0
2579,6.101837158203125,5.0,5.0,5.0,5.117005330405836,5.468021321623346,6.748955999889548
2580,5.279553413391113,5.0,5.0,5.0,5.0,5.6020599913279625,6.619788758288394
2581,5.333998680114746,5.0,5.0,5.0,5.0,5.371873254973037,5.760661765532939
2582,5.159544944763184,5.0,5.0,5.0,5.0,5.0,5.0
2583,6.062769412994385,5.0,5.0,5.928180382362728,6.772577569995745,7.568636235841013,8.324875990832918
2584,5.700628757476807,5.0,5.0,5.0,5.0,5.0,5.0
2585,5.034543514251709,5.0,5.0,5.0,5.442273574926224,5.9699280077227055,6.804100085852557
2586,5.896366596221924,5.0,5.0,5.0,5.0,5.0,5.1
2587,5.1446404457092285,5.0,5.0,5.0,5.0,5.0,5.009691001300806
2588,4.720124244689941,7.080921907623926,5.0,5.0,5.0,5.0,5.0
2589,6.114389896392822,5.443697499232712,5.0,5.0,5.0,5.0,5.701172650495527
2590,5.19876766204834,5.0,5.0,5.0,5.192973858767064,5.328501281388417,6.025031859678254
2591,5.564533710479736,5.0,5.0,5.0,5.0,5.0,6.468521082957745
2592,5.369386196136475,5.0,5.0,5.0,5.192973858767064,5.328501281388417,6.025031859678254
2593,5.802748203277588,5.0,5.0,5.769551078621726,7.002632177292251,7.840628610219042,8.59864862673098
2594,5.64776086807251,5.455931955649724,5.0,5.734260541478872,6.763144123905442,7.191911180327464,7.651523988147662
2595,6.381258487701416,5.958607314841775,5.0,5.0,5.0,5.0,5.0
2596,6.218898296356201,5.161150909262744,5.5376020021010435,6.136677139879544,6.42021640338319,6.6020599913279625,7.161150909262744
2597,5.759848594665527,5.0,5.0,5.0,5.075720713938118,6.214670164989233,6.327902142064283
2598,6.267784595489502,5.0,5.0,5.928180382362728,6.772577569995745,7.568636235841013,8.324875990832918
2599,5.347351551055908,5.0,6.076163040999861,6.170565203899018,6.233499979165125,6.264967366798177,6.29643475443123
2600,5.827215671539307,7.040958607678906,5.0,5.42021640338319,6.657577319177793,7.1249387366083,7.481486060122112
2601,5.6188225746154785,9.721246399047171,5.0,5.0,5.708512583073295,6.456685660619315,8.053554394051933
2602,5.447629928588867,5.0,5.0,5.0,5.0,5.0,5.0
2603,5.191970348358154,5.0,5.0,5.0,5.0,5.223837281543842,6.140057981153716
2604,5.143348693847656,5.619788758288394,5.0,5.0,5.0,5.16056374410622,5.992661405874745
2605,4.802104473114014,5.0,5.0,5.0,5.0,5.0,5.0
2606,4.91541051864624,5.0,5.0,5.0,5.0,5.552491252371425,6.7251911251650505
2607,4.990326404571533,5.0,5.0,5.129818655252878,5.329481682537159,6.008456040717206,6.535526288668958
2608,5.808387279510498,7.142667503568731,5.0,5.0,5.0,5.0,5.0
2609,5.671708106994629,5.0,5.9901019303030605,6.591647408166742,7.128788772280643,7.208036362993901,7.287283953707157
2610,7.111271381378174,5.886056647693163,5.382963298389445,6.42021640338319,7.7229554474115485,8.285461606394016,8.584121974471215
2611,5.296005725860596,5.0,5.0,5.0,5.769551078621726,7.5376020021010435,7.585026652029182
2612,4.8679423332214355,5.0,5.0,5.0,5.0,5.210121998671017,5.630365996013053
2613,5.116321086883545,5.0,5.0,5.0,5.4467905147876845,5.723436428713836,7.10110352518409
2614,4.747652530670166,5.0,5.0,5.0,5.0,5.0,5.01190543916038
2615,5.443966865539551,5.0,5.0,5.0,5.0,5.05679933127304,5.4839966563652
2616,6.093925476074219,5.0,5.0,5.0,5.008092190762393,5.555595640645169,6.751306992442353
2617,5.509291172027588,5.0,5.0,5.0,5.0,5.0,5.0
2618,5.263446807861328,5.0,5.0,5.0,5.708512583073295,6.456685660619315,8.053554394051933
2619,4.935811519622803,5.0,5.0,5.0,5.951015991217508,6.669367998155139,6.845855511987395
2620,5.536646366119385,5.0,5.0,5.0,5.0,5.0,5.0
2621,5.414863109588623,5.0,5.0,5.0,5.895766104529767,6.125386129798948,6.502223389960223
2622,5.366255760192871,5.0,5.0,5.0,5.0,5.0,5.234010660811673
2623,5.102768898010254,5.0,5.0,5.0,5.340823996531185,5.727202434050302,5.828575698611751
2624,4.886023044586182,5.0,5.0,5.0,5.0,5.0,5.0
2625,4.97746467590332,5.0,5.0,5.0,5.951015991217508,6.669367998155139,6.845855511987395
2626,5.431005954742432,6.769551078621726,5.0,5.0,5.446836496938015,5.7447274948966935,5.82193565197116
2627,6.176525592803955,9.744727494896694,5.0,5.42021640338319,6.657577319177793,7.1249387366083,7.481486060122112
2628,5.096887588500977,5.0,5.0,5.0,5.0,5.0,5.60806164392009
2629,5.092850208282471,5.958607314841775,5.0,5.0,5.0,5.0,5.0
2630,4.849647045135498,5.0,5.0,5.0,5.0,5.0,5.149669314685716
2631,5.171809673309326,5.886056647693163,5.0,5.0,5.0,5.0,5.0
2632,5.060599327087402,5.0,5.0,5.0,5.0,5.0,5.0
2633,5.350281238555908,5.0,5.0,5.0,5.0,6.318758762624412,6.5376020021010435
2634,5.083164691925049,5.0,5.0,5.0,5.0,5.296297212024423,5.888891636073268
2635,4.977035999298096,5.619788758288394,5.0,5.0,5.522878745280337,6.2441251443275085,8.05551732784983
2636,4.936525821685791,5.0,5.0,5.0,5.0,5.0,5.0
2637,5.091156005859375,5.0,5.0,5.0,5.0,5.0,5.583745543646882
2638,5.10971212387085,5.366531544420414,5.0,5.0,5.0,5.0,5.119382002601611
2639,5.02731466293335,5.0,5.0,5.0,5.0,5.0,5.0
2640,5.848239421844482,5.0,5.0,5.886056647693163,6.411483315576424,6.812020239627062,7.869565169179853
2641,5.759209156036377,5.0,5.0,5.0,5.218302996224269,5.873211984897081,6.295732985203996
2642,4.8499579429626465,5.0,5.0,5.0,5.0,5.0,5.0
2643,5.084404468536377,5.0,5.0,5.0,5.346395015176065,5.658146007804834,6.182811806226959
2644,5.4014105796813965,5.522878745280337,5.0,5.0,5.823908740944319,5.958607314841775,6.619788758288394
2645,5.231607913970947,6.251811972993799,5.0,5.0,5.117005330405836,5.468021321623346,6.748955999889548
2646,6.029932498931885,5.0,5.0,5.0,5.6020599913279625,5.7447274948966935,5.886056647693163
2647,4.961051940917969,5.0,5.0,5.0,5.0,5.507042496070813,6.274290991274421
2648,5.92445707321167,6.5376020021010435,5.0,5.0,5.0,5.0,5.287582194452533
2649,8.022848129272461,7.522878745280337,5.0,6.200659450546418,6.638272163982407,8.221848749616356,8.958607314841775
2650,5.511501312255859,5.0,5.0,5.0,5.0,5.494850021680094,5.698970004336019
2651,5.815109729766846,5.0,5.0,5.0,5.0,5.0,5.009691001300806
2652,5.771999835968018,5.0,5.0,5.42021640338319,6.657577319177793,7.1249387366083,7.481486060122112
2653,5.864400386810303,6.251811972993799,5.0,5.42021640338319,6.657577319177793,7.1249387366083,7.481486060122112
2654,5.196778774261475,5.0,5.0,5.06246936830415,5.20446769648675,5.2839966563652006,5.389423339022647
2655,4.814187526702881,5.0,5.0,5.0,5.218302996224269,5.873211984897081,6.295732985203996
2656,5.393697738647461,5.552841968657781,5.0,5.0,5.0,5.552491252371425,6.7251911251650505
2657,5.021125316619873,5.0,5.0,5.0,5.003621217265445,5.088723738510172,5.694820453954792
2658,4.796621322631836,5.0,5.0,5.0,5.0,5.0,5.234010660811673
2659,5.140003681182861,5.0,5.0,5.0,5.0,5.576997119237737,5.915076914552607
2660,5.428933620452881,6.853871964321762,5.0,5.33889035263304,5.770689473640969,5.908845318154531,6.0508638306165725
2661,6.353332042694092,5.0,5.0,5.287967737291256,7.461462975529174,8.170234422669175,8.401017899130922
2662,5.636523723602295,6.301029995663981,5.0,5.0,5.068105564896511,5.409654350625216,6.169457226644011
2663,5.360097408294678,5.0,5.0,5.0,5.8327668861431246,6.519126541329726,7.4754624086313655
2664,5.673915386199951,6.200659450546418,5.0,5.42021640338319,6.657577319177793,7.1249387366083,7.481486060122112
2665,5.040604114532471,5.0,5.0,5.0,5.853660333567736,6.21269753761629,6.952842911422624
2666,5.451898574829102,5.0,5.0,5.0,5.101727661233145,5.520030657457415,5.848767903643857
2667,5.16669225692749,5.0,5.0,5.0,5.112251986014286,5.333388773477399,5.569928007722705
2668,4.920140743255615,5.0,5.0,5.0,5.0,5.0,5.668744396507356
2669,7.233570098876953,7.3872161432802645,5.0,5.30033623392066,6.271896009882983,6.480994761799621,8.877103382651214
2670,5.689669132232666,7.721246399047171,5.0,5.372363747448347,6.566292336749683,6.899319376099946,7.31858214935268
2671,5.281625270843506,5.0,5.0,5.0,5.0,5.0,5.0
2672,6.1326117515563965,5.0,5.0,5.698970004336019,7.251811972993799,7.301029995663981,7.301029995663981
2673,5.892879962921143,6.008773924307505,5.0,5.0,5.0,5.0,5.0
2674,6.207021236419678,8.698970004336019,5.0,5.769551078621726,7.002632177292251,7.840628610219042,8.59864862673098
2675,5.364525318145752,5.0,5.0,5.0,5.0,5.552491252371425,6.617810671064914
2676,5.041520118713379,5.0,5.0,5.0,5.853660333567736,6.21269753761629,6.952842911422624
2677,5.851316452026367,5.552841968657781,5.0,5.0,5.0,5.0,5.0
2678,5.41001558303833,7.958607314841775,5.0,5.0,5.0,5.0,7.440487994684071
2679,5.88154935836792,5.0,5.0,5.769551078621726,7.002632177292251,7.840628610219042,8.59864862673098
2680,4.989793300628662,5.0,5.0,5.0,5.7447274948966935,6.026872146400302,6.5376020021010435
2681,5.084820747375488,6.154901959985743,5.0,5.0,5.0,5.0,5.468521082957745
2682,6.17383337020874,5.721246399047171,5.0,5.0,5.623884751944768,6.010375075152911,6.169468565440889
2683,5.208859443664551,5.0,5.0,5.0,5.0,5.0,5.0
2684,5.5480170249938965,5.920818753952375,5.0,5.42021640338319,6.657577319177793,7.1249387366083,7.481486060122112
2685,5.111134052276611,5.0,5.0,5.0,5.0,5.0,5.085387196432176
2686,5.380733013153076,5.0,5.0,5.0,5.0869625986495866,5.173925197299173,5.265236260406493
2687,5.216224193572998,5.0,5.6333103967098985,6.454694646085796,6.916633373901797,7.104917602641903,7.2932018313820075
2688,5.094330310821533,5.0,5.0,5.0,5.0,5.223837281543842,5.671511844631525
2689,6.813709735870361,7.443697499232712,5.0,5.0,5.216373919714151,5.954208448776369,6.926693965314053
2690,6.105477333068848,5.958607314841775,5.0,5.0,5.0,5.0,5.70446769648675
2691,6.571572780609131,6.698970004336019,5.0,5.30033623392066,6.271896009882983,6.480994761799621,8.877103382651214
2692,5.006667613983154,5.0,5.0,5.0,5.11302521288063,5.478611897220312,6.0218634973565965
2693,5.834742069244385,5.0,5.0,5.0,5.0,5.0,5.0
2694,5.358272075653076,5.0,5.0,5.0,5.657577319177793,5.920818753952375,6.154901959985743
2695,6.122424602508545,5.886056647693163,5.0,5.0,5.0,5.51359866254608,6.637319323763178
2696,5.228553295135498,5.0,5.0,5.0,5.895766104529767,6.125386129798948,6.502223389960223
2697,5.344498634338379,5.0,5.0,5.0,5.769551078621726,7.5376020021010435,7.585026652029182
2698,5.4228739738464355,5.0,5.0,5.0,5.895766104529767,6.125386129798948,6.502223389960223
2699,4.960221767425537,5.0,5.0,5.0,5.0,5.0,5.180617997398389
2700,4.965417385101318,5.0,5.0,5.0,5.0,5.0,5.255144826079842
2701,4.755527973175049,5.0,5.0,5.0,5.101727661233145,5.520030657457415,5.848767903643857
2702,4.908702373504639,5.0,5.0,5.0,5.0,5.203455322466291,5.620010954683868
2703,4.528280735015869,5.0,5.0,5.0,5.336173122706551,5.502471299162677,5.940909367734202
2704,4.878298282623291,5.0,5.0,5.0,5.0,5.0,5.0
2705,7.753262519836426,6.853871964321762,5.0,5.30033623392066,6.271896009882983,6.480994761799621,8.877103382651214
2706,5.548115253448486,5.0,5.0,5.769551078621726,7.002632177292251,7.840628610219042,8.59864862673098
2707,5.501397132873535,5.0,5.0,5.0,5.0,5.0,6.07116140690399
2708,5.3420329093933105,5.0,5.0,5.0,5.192973858767064,5.328501281388417,6.025031859678254
2709,5.27421236038208,5.318758762624412,5.0,5.0,5.0,5.0,5.0
2710,5.646529674530029,5.0,5.0,5.0,5.309772914624212,5.785123056544632,6.580936883073365
2711,4.9553351402282715,5.0,5.0,5.0,5.0,5.083043324200698,5.371461077681457
2712,4.864121913909912,5.0,5.0,5.0,5.0,5.0,5.0
2713,5.630138874053955,5.0,5.0,5.0,5.876329286972975,7.012697251504221,7.26494905424264
2714,4.915306568145752,5.0,5.0,5.0,5.0,5.0,5.287582194452533
2715,5.077500343322754,5.0,5.0,5.0,5.0,5.223837281543842,5.671511844631525
2716,5.232315540313721,5.0,5.0,5.0,5.7162920156096675,6.038747677265481,6.6638798638515
2717,5.043281078338623,5.0,5.0,5.0,5.0,5.0,5.305182983699436
2718,5.4106831550598145,5.0,5.0,5.0,5.006682918413346,5.149336579604481,5.6839014626552515
2719,5.2925214767456055,5.0,5.0,5.0,5.101727661233145,5.717368524130526,6.277112444960014
2720,5.155524253845215,5.0,5.0,5.0,5.0,5.0,5.035654732351381
2721,5.474450588226318,5.0,5.0,5.0,5.336173122706551,5.502471299162677,5.940909367734202
2722,4.92771053314209,5.0,5.0,5.0,5.0,5.0,5.0
2723,5.545629024505615,5.0,5.0,5.42021640338319,6.657577319177793,7.1249387366083,7.481486060122112
2724,5.412364482879639,5.585026652029182,5.0,5.0,5.5713337517843655,6.142667503568731,6.787232889750868
2725,4.9055914878845215,5.0,5.0,5.0,5.0,5.0,5.12757241303992
2726,5.655378818511963,6.6777807052660805,5.0,5.734260541478872,6.763144123905442,7.191911180327464,7.651523988147662
2727,6.062362194061279,6.657577319177793,5.0,5.0,5.442273574926224,5.9699280077227055,6.804100085852557
2728,5.982628345489502,5.853871964321762,5.0,5.0,5.26935749724493,6.077429988979726,6.5496212774634985
2729,5.368785381317139,5.0,5.0,5.0,5.0,5.0,5.0
2730,4.935027599334717,5.0,5.0,5.0,5.0,5.0,5.0
2731,5.4864068031311035,5.0,5.0,5.0,5.0,6.42021640338319,6.481486060122113
2732,4.877614498138428,5.0,5.0,5.0,5.095627628787324,5.403952509078869,5.807929816367233
2733,6.221121311187744,5.1487416512809245,5.0,5.769551078621726,7.002632177292251,7.840628610219042,8.59864862673098
2734,6.029892444610596,5.0,5.045829597671571,5.568636235841013,7.83670401387526,7.959176003468815,8.440949163483824
2735,7.0755085945129395,6.3979400086720375,5.0,5.0,5.708512583073295,6.456685660619315,8.053554394051933
2736,5.005790710449219,5.6777807052660805,5.0,5.0,5.0,5.0,5.4604093769761874
2737,5.928421974182129,6.7447274948966935,5.0,5.0,5.5376020021010435,5.721246399047171,6.026872146400302
2738,5.7257866859436035,5.0,5.0,5.0,5.708512583073295,6.456685660619315,8.053554394051933
2739,6.737220287322998,5.0,5.0,5.769551078621726,7.002632177292251,7.840628610219042,8.59864862673098
2740,4.888142108917236,5.0,5.0,5.0,5.0,5.0,5.0
2741,5.436524868011475,5.0,5.0,5.0,5.0,5.508638306165727,6.451544993495972
2742,5.012292861938477,5.0,5.0,5.0,5.0,5.0,5.0
2743,5.75157356262207,7.309803919971486,5.378913216807529,5.958607314841775,6.717273000560288,6.850382250330102,7.853112668883502
2744,5.607181549072266,5.0,5.0,5.0,5.776413232992072,6.865621827428363,7.442043438104964
2745,4.9986186027526855,5.619788758288394,5.0,5.0,5.0,5.0,5.622062572163754
2746,5.052649974822998,5.0,5.0,5.0,5.0,5.0,5.0
2747,6.1010050773620605,5.0,5.0,5.0,5.0,6.366531544420414,8.494850021680094
2748,5.368419170379639,5.0,5.0,5.0,5.11302521288063,5.478611897220312,6.0218634973565965
2749,5.256799221038818,5.0,5.0,5.0,5.0,5.1925944240488455,5.658495156981774
2750,5.639740467071533,5.267606240177032,5.0,5.0,5.55007498130775,6.226778245030048,6.406763468004177
2751,5.115935325622559,5.0,5.0,5.0,5.0,5.0,5.305182983699436
2752,4.801377773284912,5.698970004336019,5.0,5.0,5.0201454878767855,5.7447274948966935,6.035290537142854
2753,5.105336666107178,5.0,5.0,5.0,5.0,5.0,5.0
2754,5.513337135314941,5.4089353929735005,5.0,5.0,5.0,5.0,5.668744396507356
2755,5.963972568511963,5.886056647693163,5.0,5.0,5.0,5.0,5.552841968657781
2756,4.830791473388672,5.0,5.0,5.0,5.0,5.0,5.0
2757,5.523561954498291,5.0,5.0,5.0,5.0,5.0,5.204575749056067
2758,4.871464252471924,5.0,5.0,5.0,5.0,5.0,5.0
2759,5.155218601226807,5.0,5.0,5.0,5.0,5.0,6.07116140690399
2760,4.897978782653809,6.2076083105017466,5.0,5.0,5.150741978564387,5.449959733306949,6.1009273341251244
2761,5.2330474853515625,5.823908740944319,5.0,5.0,5.0,5.0,5.20144957839504
2762,5.702695369720459,5.0,5.0,5.0,5.0,5.0,5.0
2763,5.197566509246826,5.0,5.1654344782395265,5.378605095260662,5.525419329505139,5.657219137654218,5.789018945803296
2764,5.530341625213623,5.0,5.378913216807529,5.958607314841775,6.717273000560288,6.850382250330102,7.853112668883502
2765,5.815525531768799,5.0,5.0,5.0,5.0,5.552491252371425,6.7251911251650505
2766,6.617122650146484,8.1249387366083,5.0,5.287967737291256,7.461462975529174,8.170234422669175,8.401017899130922
2767,5.008982181549072,5.0,5.0,5.0,5.0,5.0,5.045403709931007
2768,4.900131702423096,5.0,5.0,5.0,5.522878745280337,6.2441251443275085,8.05551732784983
2769,5.200097560882568,5.7447274948966935,5.0,5.457176355851572,5.760374041286161,5.882984820353755,6.11948012689327
2770,4.965408802032471,5.0,5.0,5.0,5.0,5.0,5.0
2771,4.825390338897705,5.0,5.0,5.0,5.0,5.0,5.1
2772,5.8469719886779785,6.619788758288394,5.0,5.457176355851572,5.760374041286161,5.882984820353755,6.11948012689327
2773,5.021698474884033,5.0,5.0,5.122062572163754,5.770689473640969,5.900566781122885,5.985661382193382
2774,4.850762367248535,5.0,5.0,5.0,5.0,5.0,5.701172650495527
2775,5.164914608001709,5.0,5.0,5.18837535480105,6.7396216559868245,6.886056647693163,7.169199170261093
2776,5.273643970489502,5.0,5.0,5.0,5.765188503875645,6.337734009539242,7.555434863764585
2777,5.024157524108887,5.0,5.0,5.0,5.519066146175629,5.670701335829286,5.787170498505568
2778,5.708296298980713,5.259637310505756,5.0,5.0,5.0,5.0,5.234010660811673
2779,4.767527103424072,5.0,5.0,5.0,5.0,5.0,5.0
2780,5.239746570587158,5.0,5.0,5.0,5.0,5.0,5.0
2781,5.133779525756836,5.0,5.0,5.0,5.7447274948966935,6.026872146400302,6.5376020021010435
2782,6.022451877593994,5.275724130399211,5.5376020021010435,6.136677139879544,6.42021640338319,6.6020599913279625,7.161150909262744
2783,5.438821315765381,5.0,5.0,5.0,5.201449578395039,6.139488794400743,6.543303570590206
2784,5.911746501922607,6.443697499232712,5.0,5.0,5.101727661233145,5.520030657457415,5.848767903643857
2785,6.17877197265625,5.0,5.0,5.42021640338319,6.657577319177793,7.1249387366083,7.481486060122112
2786,4.821605205535889,5.568636235841013,5.0,5.0,5.0,5.0,5.1
2787,4.74093770980835,5.0,5.0,5.0,5.0,5.0,5.0
2788,5.166650295257568,5.0,5.0,5.0,5.335556141053215,6.342224564212866,7.434122917496055
2789,4.895589351654053,6.3979400086720375,5.0,5.0,5.0,5.3707743928643525,6.112323178593057
2790,5.630425453186035,6.136677139879544,5.0,5.0,6.068377979021429,6.7791897757223625,7.668920260392717
2791,6.711205005645752,5.356547323513812,5.0,5.0,5.0,5.0,5.0
2792,5.016425132751465,5.0,5.048825028865502,5.122062572163754,5.170887601029256,5.195300115462007,5.219712629894758
2793,5.951988697052002,5.0,5.0,5.0,5.0,5.0,6.07116140690399
2794,4.90226411819458,5.0,5.0,5.0,5.090836138293877,5.342313722939064,5.714610867233399
2795,5.5686354637146,5.337242168318426,5.0,5.0,5.0,5.0,5.008864383480216
2796,5.149624347686768,5.0,5.0,5.0,5.0,5.0,5.0
2797,6.952469348907471,7.5376020021010435,5.0,5.769551078621726,7.002632177292251,7.840628610219042,8.59864862673098
2798,4.888827800750732,5.0,5.0,5.0,5.0,5.0,5.0
2799,5.3030900955200195,5.0,5.0,5.0,5.0,5.0,5.0
2800,5.4113545417785645,6.259637310505756,5.0,5.0,5.0,5.0,5.09995098928664
2801,7.009467601776123,7.376750709602099,5.0,5.0,5.0,5.576997119237737,5.915076914552607
2802,5.945285797119141,8.221848749616356,5.0,5.769551078621726,7.002632177292251,7.840628610219042,8.59864862673098
2803,4.967468738555908,5.455931955649724,5.206303410289213,6.721246399047171,6.920941467630807,7.025595927443738,7.175003442918692
2804,7.018215656280518,5.0,5.0,5.0,5.0,5.0,5.0
2805,5.258429050445557,5.0,5.0,5.0,5.375890719404962,5.920818753952375,6.289198036565084
2806,4.725032806396484,5.0,5.0,5.0,5.0,5.012096149476276,5.089111421265709
2807,5.510698318481445,5.0,5.0,5.0,5.481515245560481,5.850820228732402,6.0963131810635645
2808,5.331441402435303,6.161150909262744,5.0,5.0,5.216373919714151,5.954208448776369,6.926693965314053
2809,6.746196746826172,5.886056647693163,5.382963298389445,6.42021640338319,7.7229554474115485,8.285461606394016,8.584121974471215
2810,5.246560573577881,5.853871964321762,5.0,5.0,5.36804185367615,5.695208145805298,6.305438650294773
2811,4.934423923492432,5.0,5.0,5.0,5.0,5.0,5.0
2812,5.658839702606201,5.0,5.0,5.0,5.0,5.071309464702763,5.2139283941082875
2813,5.691024303436279,5.0,5.0,5.0,5.101727661233145,5.520030657457415,5.848767903643857
2814,5.739007472991943,5.0,5.0,5.0,5.0,5.0,5.288498559618869
2815,5.133587837219238,5.0,5.0,5.030240373690691,5.979796630032903,6.440875561547003,6.637736343307488
2816,5.317657947540283,5.0,5.0,5.42021640338319,6.793384992580273,7.137875212617382,7.140271358093056
2817,5.729013919830322,5.0,5.0,5.0,5.0,5.3707743928643525,6.112323178593057
2818,5.179973125457764,5.0,5.0,5.0,5.0,5.0,5.0
2819,5.534740447998047,5.0,5.0,5.42021640338319,6.657577319177793,7.1249387366083,7.481486060122112
2820,4.659082889556885,5.0,5.0,5.06246936830415,5.20446769648675,5.2839966563652006,5.389423339022647
2821,6.5892815589904785,8.229147988357855,5.0,5.42021640338319,6.657577319177793,7.1249387366083,7.481486060122112
2822,5.497518062591553,6.455931955649724,5.0,5.0,5.5713337517843655,6.142667503568731,6.787232889750868
2823,4.926438808441162,5.0,5.048825028865502,5.122062572163754,5.170887601029256,5.195300115462007,5.219712629894758
2824,5.578566074371338,6.161150909262744,5.0,5.292429823902063,5.801396958063174,6.210789396402983,6.471963329792007
2825,5.590572357177734,5.0,5.0,5.0,5.0,5.766026570025314,6.106860737855564
2826,5.112213611602783,5.0,5.0,5.0,5.0,5.0,5.0
2827,5.143195629119873,5.0,5.0,5.0,5.802345300991055,6.353045584831895,6.507703977970893
2828,5.937565326690674,5.376750709602099,5.0,5.0,5.0,5.0,5.09995098928664
2829,5.353786945343018,7.251811972993799,5.0,5.0,5.329878389978372,5.420171791158,5.575313958251336
2830,5.349070072174072,5.0,5.0,5.0,5.0,5.0,5.895349126175367
2831,4.7598042488098145,5.0,5.0,5.0,5.0,5.0,5.0
2832,5.343887805938721,5.0,5.0,5.0,5.0,5.0,5.0795880017344075
2833,5.114637851715088,5.0,5.0,5.0,5.0,5.16056374410622,5.992661405874745
2834,5.942599773406982,8.4089353929735,5.0,5.0,5.958607314841775,6.0,6.022276394711152
2835,4.910144805908203,5.0,5.0,5.0,5.0,5.209151498112135,6.233185025054833
2836,5.097443103790283,5.0,5.0,5.0,5.7447274948966935,6.026872146400302,6.5376020021010435
2837,5.426094055175781,5.0,5.0,5.0,5.0,5.034785039459835,5.5334877854314275
2838,4.978370666503906,5.0,5.0,5.0,5.0,5.0,5.0
2839,6.6625189781188965,6.619788758288394,5.0,5.227965977824862,5.529434997455911,5.5376020021010435,5.642138395778679
2840,5.128015518188477,5.698970004336019,5.0,5.0,5.0,5.0,6.07116140690399
2841,6.2991743087768555,7.4089353929735005,5.0,5.769551078621726,7.002632177292251,7.840628610219042,8.59864862673098
2842,4.972266674041748,5.0,5.0,5.0,5.0,5.0,5.045403709931007
2843,5.81467866897583,5.0,5.0,5.0,5.0,5.0,5.0
2844,5.889753818511963,5.0,5.0,5.0,5.0,5.0,5.0795880017344075
2845,5.8057475090026855,5.468521082957745,5.0,5.30033623392066,6.271896009882983,6.480994761799621,8.877103382651214
2846,4.909750461578369,5.0,5.0,5.0,5.0,5.0,5.0
2847,5.159013271331787,5.0,5.0,5.0,5.201449578395039,6.139488794400743,6.543303570590206
2848,5.059738636016846,5.0,5.0,5.0,5.0,5.093971785205677,5.226292647534192
2849,5.343747138977051,5.0,5.0,5.0,5.261960783994296,6.04784313597719,6.88377334994157
2850,5.054072856903076,5.0,5.0,5.0,5.327902142064283,5.638272163982407,5.721246399047171
2851,6.295098304748535,6.522878745280337,5.0,5.6777807052660805,6.845389193153565,7.339521244880396,8.032755032589993
2852,5.479924201965332,6.585026652029182,5.0,5.328788659588897,5.885292569477766,6.015710880738921,6.572000504422791
2853,5.5399861335754395,5.0,5.0,5.0,5.192973858767064,5.328501281388417,6.025031859678254
2854,5.112016677856445,5.0,5.0,5.0,5.0,5.0,5.0
2855,5.548141002655029,5.0,5.0,5.0,5.951015991217508,6.669367998155139,6.845855511987395
2856,6.181363582611084,8.638272163982407,5.0,5.769551078621726,7.002632177292251,7.840628610219042,8.59864862673098
2857,5.166342258453369,5.0,5.0,5.0,5.0,5.0,5.0
2858,5.22710657119751,5.0,5.0,5.0,5.0,5.0,5.0
2859,4.735973834991455,5.468521082957745,5.0,5.0,5.0,5.0,5.701172650495527
2860,5.157644748687744,5.568636235841013,5.0,5.0,5.0,5.0,5.12757241303992
2861,5.983065128326416,7.853871964321762,5.0,5.928180382362728,6.772577569995745,7.568636235841013,8.324875990832918
2862,5.091567516326904,5.0,5.0,5.0,5.557809882459554,6.481225900025257,7.487317135998911
2863,5.1856207847595215,5.0,5.0,5.0,5.596490607097571,6.025706859412084,6.4526793486171155
2864,4.976710796356201,5.0,5.0,5.0,5.0,5.0,5.342800251070619
2865,4.754548072814941,5.0,5.0,5.0,5.0,5.0,5.0
2866,5.455862522125244,5.0,5.0,5.0,5.0,6.366531544420414,8.494850021680094
2867,5.567599296569824,5.0,5.0,5.0,5.0,6.42021640338319,6.481486060122113
2868,4.823554515838623,5.0,5.0,5.0,5.0,5.071309464702763,5.2139283941082875
2869,5.0879225730896,5.0,5.0,5.0,5.0,5.0,5.0
2870,5.511832237243652,5.0,5.048825028865502,5.122062572163754,5.170887601029256,5.195300115462007,5.219712629894758
2871,5.6589837074279785,6.920818753952375,5.0,5.0,5.0,5.083043324200698,5.371461077681457
2872,5.18068790435791,5.0,5.0,5.0,5.0,5.552491252371425,6.7251911251650505
2873,5.888476848602295,6.443697499232712,5.0,5.0,5.853660333567736,6.21269753761629,6.952842911422624
2874,6.0169806480407715,5.0,5.0,5.0,6.721246399047171,7.102372908709558,7.221848749616356
2875,5.866613864898682,5.920818753952375,5.0,5.0,5.0,5.0,5.552841968657781
2876,4.981645107269287,5.0,5.0,5.0,5.0,5.0,5.0
2877,4.936710357666016,5.0,5.0,5.0,5.0,5.0,5.0
2878,5.012292861938477,5.0,5.0,5.0,5.0,5.0,5.0
2879,5.001328468322754,5.0,5.0,5.0,5.0,5.026200619502573,5.429169121047358
2880,4.9479851722717285,5.0,5.0,5.0,5.522878745280337,6.2441251443275085,8.05551732784983
2881,5.713996887207031,5.823908740944319,5.0,5.0,5.0,5.576997119237737,5.915076914552607
2882,4.830513000488281,5.0,5.0,5.0,5.0,5.576997119237737,5.915076914552607
2883,5.986405372619629,6.1938200260161125,5.0,5.0,5.0,5.0,5.008864383480216
2884,6.112298488616943,6.221848749616356,5.0,5.0,5.0,5.552491252371425,6.617810671064914
2885,5.338513374328613,5.0,5.0,5.261439372640169,5.9076542845912,6.292429823902063,7.125518569371919
2886,5.151512622833252,5.0,5.0,5.0,5.0,5.0,5.0
2887,5.140038013458252,5.0,5.0,5.0,5.230865323586517,5.820867764665735,6.715554367524456
2888,5.6145853996276855,5.0,5.0,5.346787486224656,6.443697499232712,7.1938200260161125,7.920818753952375
2889,5.323090076446533,5.0,5.0,5.0,5.0,5.0,5.895349126175367
2890,6.39785623550415,9.236572006437063,5.0,6.481486060122113,7.734530109732988,8.275008751784874,8.346813140313207
2891,4.999083042144775,5.0,5.0,5.0,5.0,5.0,5.0
2892,4.848677635192871,5.0,5.0,5.0,5.958607314841775,6.070581074285707,6.113509274827518
2893,4.974106311798096,5.0,5.0,5.0,5.0,5.093971785205677,5.226292647534192
2894,5.626160144805908,5.0,5.0,5.0,5.0,5.0,5.0
2895,5.3991780281066895,5.0,5.0,5.0,5.0,5.148945498979339,5.832233621235863
2896,5.798388957977295,6.366531544420414,5.0,5.0,5.0,5.259078965559803,6.099531988906442
2897,5.107409954071045,5.0,5.0,5.0,5.0,5.0,5.255144826079842
2898,5.151983261108398,5.0,5.0,5.0,5.0,5.63741732867143,6.912251986014287
2899,6.489124298095703,6.431798275933005,5.0,5.0,5.0,5.0,5.0
2900,4.920838356018066,5.0,5.0,5.0,5.0,5.7510871837962805,6.699686629564667
2901,5.763585567474365,6.119186407719209,5.0,5.0,5.522878745280337,6.2441251443275085,8.05551732784983
2902,5.9429450035095215,5.0,5.0,5.0,5.0,5.0,5.0
2903,4.840673446655273,5.0,5.0,5.0,5.0,5.093971785205677,5.226292647534192
2904,5.1735100746154785,5.0,5.0,5.0,5.0,5.886324317847616,6.185228563145452
2905,5.870038986206055,5.0,5.0,5.0,5.0,5.0,5.70446769648675
2906,6.985581874847412,8.494850021680094,5.0,5.0,5.0,5.0,5.0
2907,5.16339635848999,6.136677139879544,5.0,5.0,5.0201454878767855,5.7447274948966935,6.035290537142854
2908,5.312597751617432,5.0,5.0,5.0,5.6445731277666615,5.951049602663894,6.020045663244449
2909,5.983903884887695,7.022276394711152,5.0,5.698970004336019,7.251811972993799,7.301029995663981,7.301029995663981
2910,5.043869495391846,5.0,5.0,5.0,5.003621217265445,5.088723738510172,5.694820453954792
2911,5.111704349517822,5.0,5.0,5.0,5.0,5.0,5.0795880017344075
2912,5.3216376304626465,5.0,5.0,5.0,5.0,5.0,5.0
2913,5.439594745635986,5.0,5.0,5.0,5.0,5.0,5.0
2914,5.2600998878479,5.0,5.0,5.0,5.003621217265445,5.088723738510172,5.694820453954792
2915,5.044465065002441,5.0,5.0,5.0,5.218302996224269,5.873211984897081,6.295732985203996
2916,4.9260735511779785,5.0,5.0,5.0,6.010237290870956,6.118490746653228,6.2535212480354065
2917,6.2483367919921875,7.795880017344075,5.0,5.0,5.8327668861431246,6.519126541329726,7.4754624086313655
2918,4.8981404304504395,5.0,5.0,5.0,5.0,5.0,5.3191360819912035
2919,5.2731122970581055,5.0,5.0,5.0,5.346395015176065,5.658146007804834,6.182811806226959
2920,4.836436748504639,5.0,5.0,5.0,5.0,5.0,5.0
2921,5.7593817710876465,5.0,5.0,5.0,5.0,5.0,5.955056020812891
2922,5.005317687988281,5.0,5.0,5.0,5.0869625986495866,5.173925197299173,5.265236260406493
2923,4.510867595672607,5.0,5.0,5.0,5.0,5.084043280676638,5.252129842029914
2924,5.587579250335693,5.0,5.045829597671571,5.568636235841013,7.83670401387526,7.959176003468815,8.440949163483824
2925,6.039801597595215,5.0,5.0,5.0,5.342883161099869,5.813915343413893,5.936172597251873
2926,6.36598539352417,6.1249387366083,5.0,5.0,5.481647993062369,5.786415255761733,6.111946779547825
2927,4.739959239959717,5.0,5.0,5.0,5.0,5.0,5.638272163982407
2928,5.365589618682861,6.251811972993799,5.0,5.0,5.481647993062369,5.786415255761733,6.111946779547825
2929,5.429330348968506,6.657577319177793,5.0,5.0,5.0,5.0,5.0
2930,4.948421955108643,5.0,5.0,5.0,5.1654344782395265,5.406258474770712,5.695764207919511
2931,5.366258144378662,5.920818753952375,5.0,5.0,5.596490607097571,6.025706859412084,6.4526793486171155
2932,5.909547328948975,5.0,5.378913216807529,5.958607314841775,6.717273000560288,6.850382250330102,7.853112668883502
2933,5.601431369781494,5.795880017344075,5.0,5.0,5.375890719404962,5.920818753952375,6.289198036565084
2934,5.001957416534424,5.0,5.0,5.0,5.345438620746404,5.564820623348016,5.830865318178036
2935,5.268791675567627,5.0,5.0,5.0,5.0,5.0,5.0
2936,4.925882816314697,5.0,5.0,5.0,5.0,5.093971785205677,5.226292647534192
2937,5.014078617095947,5.0,5.0,5.0,5.0,5.0,5.0
2938,4.651034832000732,5.0,5.0,5.0,5.1654344782395265,5.406258474770712,5.695764207919511
2939,6.072221279144287,6.468521082957745,5.0,5.0,5.0,5.768718582206093,6.934458917154219
2940,4.743856906890869,5.0,5.0,5.0,5.095627628787324,5.403952509078869,5.807929816367233
2941,6.398490905761719,8.522878745280337,5.0,5.0,6.036212172654444,6.142667503568731,6.823908740944319
2942,4.9918975830078125,5.0,5.0,5.0,5.0,5.0,5.0
2943,5.172677516937256,5.0,5.0,5.0,5.856464859428565,6.2960837014903515,6.823603534477858
2944,5.707523822784424,5.0,5.0,5.928180382362728,6.772577569995745,7.568636235841013,8.324875990832918
2945,5.958136081695557,5.698970004336019,5.0,5.0,5.0,5.0,5.234010660811673
2946,6.521116733551025,5.0,5.6936512982466265,6.821318484692428,7.295062717774298,7.354829414764048,7.459720859977528
2947,4.621742248535156,5.0,5.0,5.0,5.0,5.0,5.255144826079842
2948,4.809164524078369,5.0,5.0,5.0,5.0,5.0,5.0
2949,5.462339878082275,5.0,5.0,5.0,5.0,5.0,5.0
2950,5.90408182144165,5.455931955649724,5.0,5.42021640338319,6.657577319177793,7.1249387366083,7.481486060122112
2951,5.681241989135742,6.119186407719209,5.0,5.0,5.192973858767064,5.328501281388417,6.025031859678254
2952,5.315074443817139,5.7447274948966935,5.0,5.0,5.0,5.508638306165727,6.451544993495972
2953,5.38718318939209,5.3979400086720375,5.0,5.0,5.519066146175629,5.670701335829286,5.787170498505568
2954,5.090946197509766,5.0,5.0,5.0,5.0,5.0,5.0
2955,5.593128681182861,5.0,5.0,5.0,5.0,6.42021640338319,6.481486060122113
2956,5.121425151824951,5.0,5.0,5.0,5.0638272163982405,5.255308865592963,5.4467905147876845
2957,5.169060707092285,5.0,5.0,5.0,5.481515245560481,5.850820228732402,6.0963131810635645
2958,5.040308475494385,5.0,5.0,5.0,5.0,5.0,5.0
2959,4.979964256286621,5.0,5.0,5.0,5.0,5.0,5.0
2960,5.055499076843262,5.0,5.0,5.0,5.101727661233145,5.520030657457415,5.848767903643857
2961,4.554697513580322,5.0,5.0,5.0,5.0,5.0,5.0
2962,6.429349422454834,6.468521082957745,5.0,5.0,5.708512583073295,6.456685660619315,8.053554394051933
2963,5.599868297576904,5.0,5.0,5.0,5.36804185367615,5.695208145805298,6.305438650294773
2964,4.828159332275391,5.0,5.0,5.0,5.0,5.0,5.0
2965,5.8013434410095215,6.657577319177793,5.0,5.18837535480105,6.7396216559868245,6.886056647693163,7.169199170261093
2966,5.2093939781188965,5.0,5.0,5.0,5.345438620746404,5.564820623348016,5.830865318178036
2967,5.255293846130371,5.0,5.00261888324147,5.429118384862106,5.882751518246458,5.969390180020549,6.056028841794641
2968,5.499661922454834,7.102372908709558,5.0,5.0,5.442273574926224,5.9699280077227055,6.804100085852557
2969,5.701911449432373,5.795880017344075,5.0,5.0,5.0,5.0,5.335556141053217
2970,6.317568302154541,8.657577319177793,5.0,5.0,5.968889800705817,6.338153788612729,6.662443951152241
2971,6.062950134277344,5.0,5.0,5.0,5.006682918413346,5.149336579604481,5.6839014626552515
2972,5.163245677947998,5.0,5.0,5.0,5.0,5.03236876304957,5.148780806775779
2973,5.35774040222168,5.0,5.0,5.0,5.717273000560288,6.048978181754958,6.7870173977606605
2974,4.9725565910339355,5.0,5.0,5.0,5.0,5.0,5.0
2975,5.812784194946289,5.0,5.378913216807529,5.958607314841775,6.717273000560288,6.850382250330102,7.853112668883502
2976,5.946814060211182,6.107905397309519,5.0,5.0,5.0,5.0,5.008864383480216
2977,5.428094387054443,5.0,5.0,5.30033623392066,6.271896009882983,6.480994761799621,8.877103382651214
2978,5.326184272766113,5.0,5.0,5.0,5.708512583073295,6.456685660619315,8.053554394051933
2979,5.268596172332764,5.0,5.0,5.457176355851572,5.760374041286161,5.882984820353755,6.11948012689327
2980,5.646133899688721,5.0,5.0,5.30033623392066,6.271896009882983,6.480994761799621,8.877103382651214
2981,5.322402477264404,5.0,5.0,5.0,5.0,5.0,5.0795880017344075
2982,5.783255577087402,5.0,5.0,5.0,5.20345532246629,5.305182983699437,5.406910644932582
2983,5.040308475494385,5.0,5.0,5.0,5.0,5.0,5.0
2984,5.033897876739502,5.267606240177032,5.0,5.0,5.958607314841775,6.0,6.022276394711152
2985,5.890103816986084,5.0,5.0,5.42021640338319,6.657577319177793,7.1249387366083,7.481486060122112
2986,5.087156772613525,5.0,5.0,5.0,5.0,5.0,5.342800251070619
2987,4.654320240020752,5.0,5.0,5.0,5.0,5.0,5.288498559618869
2988,5.738365650177002,5.431798275933005,5.0,5.0,5.0,5.0,6.07116140690399
2989,4.8848443031311035,5.0,5.0,5.0,5.0,5.0,5.045403709931007
2990,4.6921892166137695,5.0,5.0,5.0,5.958607314841775,6.0,6.022276394711152
2991,6.493438243865967,6.2441251443275085,5.0,5.0,5.0,5.0,5.01190543916038
2992,5.168808460235596,5.0,5.0,5.0,5.708512583073295,6.456685660619315,8.053554394051933
2993,6.203004837036133,5.0,5.382963298389445,6.42021640338319,7.7229554474115485,8.285461606394016,8.584121974471215
2994,5.1233649253845215,5.0,5.0,5.0,5.0,5.886324317847616,6.185228563145452
2995,5.593865871429443,5.0,5.0,5.0,5.481647993062369,5.786415255761733,6.111946779547825
2996,5.658305644989014,5.0,5.0,5.0,5.0638272163982405,5.255308865592963,5.4467905147876845
2997,5.1909027099609375,5.0,5.0,5.0,5.708512583073295,6.456685660619315,8.053554394051933
2998,6.979249477386475,8.387216143280265,5.0,5.928180382362728,6.772577569995745,7.568636235841013,8.324875990832918
2999,5.925868988037109,5.0,5.0,6.299299729609228,7.56968241169672,7.787170498505569,7.910390122074611
3000,6.115251064300537,5.0,5.0,5.0,5.747866492601998,6.276799720315459,6.5119362786376165
3001,5.216795444488525,5.0,5.0,5.0,5.0,5.0,5.0
3002,5.3994460105896,5.0,5.0,5.0,5.0,5.0,5.0
3003,6.191392421722412,5.0,5.0,5.0,5.708512583073295,6.456685660619315,8.053554394051933
3004,5.418528079986572,5.0,5.0,5.0,5.698970004336019,6.119186407719209,6.568636235841013
3005,5.767016887664795,5.0,5.0,5.346787486224656,6.443697499232712,7.1938200260161125,7.920818753952375
3006,5.82142972946167,6.468521082957745,5.0,5.011138197355576,5.888215363036752,6.241208065863358,6.365039369692465
3007,5.129601001739502,5.0,5.0,5.0,5.0,5.0,5.0
3008,5.427015781402588,5.0,5.0,5.309894379144197,6.0491978875360894,6.32765564127649,6.517658239483867
3009,5.198943614959717,5.0,5.0,5.42021640338319,6.657577319177793,7.1249387366083,7.481486060122112
3010,6.033358097076416,6.040958607678906,5.6936512982466265,6.821318484692428,7.295062717774298,7.354829414764048,7.459720859977528
3011,4.990185260772705,5.0,5.0,5.0,5.0,5.552491252371425,6.617810671064914
3012,5.040308475494385,5.0,5.0,5.0,5.0,5.0,5.0
3013,4.954301357269287,5.0,5.0,5.0,5.0,5.026200619502573,5.429169121047358
3014,5.285593032836914,5.0,5.0,5.0,5.0,5.301727661233146,6.61798047468195
3015,4.986692905426025,5.0,5.0,5.0,5.095627628787324,5.403952509078869,5.807929816367233
3016,6.350099563598633,5.0,5.0,5.30033623392066,6.271896009882983,6.480994761799621,8.877103382651214
3017,5.196496486663818,5.0,5.0,5.0,5.0,5.0,5.0
3018,5.6030755043029785,5.552841968657781,5.0,5.0,5.486379853908173,6.0343342855371045,6.377990700976252
3019,4.517702579498291,5.0,5.0,5.0,5.0,5.0,5.0
3020,4.9687418937683105,5.0,5.0,5.0,5.0,5.0,5.0
3021,5.014754295349121,5.0,5.0,5.0,5.0,5.0,5.634010660811674
3022,5.36325216293335,5.0,5.0,5.0,5.0,5.0,5.255144826079842
3023,4.910534381866455,5.0,5.0,5.0,5.090836138293877,5.342313722939064,5.714610867233399
3024,5.963948726654053,6.3872161432802645,5.0,5.0,5.0,5.0,5.287582194452533
3025,5.440021514892578,5.657577319177793,5.0,5.122062572163754,5.770689473640969,5.900566781122885,5.985661382193382
3026,4.998719692230225,5.0,5.0,5.0,5.090836138293877,5.342313722939064,5.714610867233399
3027,5.23422384262085,5.0,5.0,5.0,5.0,5.0,5.297890997958678
3028,5.027420997619629,5.0,5.0,5.0,5.832079254105832,6.155946574837715,6.577685037796933
3029,6.1148152351379395,5.920818753952375,5.0,5.372363747448347,6.566292336749683,6.899319376099946,7.31858214935268
3030,5.494175434112549,6.443697499232712,5.0,5.0,5.0,5.0,5.0
3031,7.1464924812316895,8.154901959985743,5.378913216807529,5.958607314841775,6.717273000560288,6.850382250330102,7.853112668883502
3032,5.8757100105285645,6.113509274827518,5.0,5.0,5.708512583073295,6.456685660619315,8.053554394051933
3033,5.314513683319092,5.0,5.0,5.42021640338319,6.793384992580273,7.137875212617382,7.140271358093056
3034,5.080150127410889,5.0,5.0,5.0,5.101727661233145,5.717368524130526,6.277112444960014
3035,5.71447229385376,7.769551078621726,5.0,5.769551078621726,7.002632177292251,7.840628610219042,8.59864862673098
3036,5.331552982330322,5.638272163982407,5.0,5.0,5.2543191530828635,5.508638306165727,5.56421353222706
3037,5.302493572235107,5.0,5.0,5.346787486224656,6.443697499232712,7.1938200260161125,7.920818753952375
3038,5.355596542358398,5.0,5.0,5.0,5.0,5.0,5.0
3039,5.012783527374268,5.0,5.0,5.0,5.0,5.0,5.0
3040,5.269949436187744,5.0,5.0,5.0,5.481647993062369,5.786415255761733,6.111946779547825
3041,5.718281269073486,6.080921907623926,5.0,5.42021640338319,6.657577319177793,7.1249387366083,7.481486060122112
3042,5.230164051055908,5.0,5.00261888324147,5.429118384862106,5.882751518246458,5.969390180020549,6.056028841794641
3043,4.783061504364014,5.0,5.0,5.0,5.0,5.0,5.4604093769761874
3044,6.018208026885986,5.638272163982407,5.0,5.0,5.0,5.0,5.4089353929735005
3045,5.254176139831543,5.0,5.0,5.0,5.0,5.552491252371425,6.7251911251650505
3046,5.34834623336792,5.0,5.0,5.0,5.0,5.0,5.0
3047,5.7849321365356445,6.657577319177793,5.0,5.0,5.0,5.0,5.6777807052660805
3048,5.183062553405762,5.0,5.0,5.0,5.0,5.0802637802185675,5.370649559108152
3049,5.437858581542969,7.508638306165727,5.0,5.0,5.5376020021010435,5.721246399047171,6.026872146400302
3050,5.5831522941589355,6.769551078621726,5.0,5.0,5.210108201691595,5.42021640338319,5.5707314012151805
3051,6.542566776275635,8.55284196865778,5.0,5.42021640338319,6.657577319177793,7.1249387366083,7.481486060122112
3052,4.857689380645752,5.0,5.0,5.0,5.0,5.296297212024423,5.888891636073268
3053,5.946123123168945,5.0,5.0,5.0,5.0,5.0,5.0
3054,5.050024032592773,5.0,5.0,5.0,5.765188503875645,6.337734009539242,7.555434863764585
3055,5.9830403327941895,5.0,5.0,5.0,5.11302521288063,5.478611897220312,6.0218634973565965
3056,6.329746246337891,6.522878745280337,5.0,5.0,5.0,5.0,6.07116140690399
3057,5.062227249145508,5.0,5.0,5.0,5.446836496938015,5.7447274948966935,5.82193565197116
3058,4.653972625732422,5.0,5.0,5.0,5.0,5.301727661233146,6.61798047468195
3059,5.371604919433594,5.0,5.0,5.032750774378217,5.696834746491283,6.468685246554372,6.673751488085751
3060,5.980906963348389,6.2076083105017466,5.0,5.0,5.0,5.0,5.622062572163754
3061,5.329934597015381,5.0,5.0,5.0,5.0,5.0,5.0
3062,5.218276500701904,5.0,5.0,5.0,5.150741978564387,5.449959733306949,6.1009273341251244
3063,5.496092796325684,5.0,5.0,5.0,5.0,5.0,5.0
3064,5.940846920013428,6.096910013008056,6.076163040999861,6.170565203899018,6.233499979165125,6.264967366798177,6.29643475443123
3065,5.314154624938965,5.0,5.0,5.0,5.0,5.0,5.0
3066,4.713124752044678,5.0,5.0,5.261439372640169,5.9076542845912,6.292429823902063,7.125518569371919
3067,5.874085903167725,6.327902142064283,5.0,5.0,5.142618929405524,5.5753667688338275,6.54003127572679
3068,5.734591484069824,5.0,5.048825028865502,5.122062572163754,5.170887601029256,5.195300115462007,5.219712629894758
3069,5.729694843292236,5.119186407719209,5.0,5.928180382362728,6.772577569995745,7.568636235841013,8.324875990832918
3070,4.847047328948975,5.0,5.0,5.0,5.0,5.0,5.20144957839504
3071,4.899142742156982,5.0,5.0,5.0,5.0,5.093971785205677,5.226292647534192
3072,5.027482986450195,5.0,5.0,5.0,5.0638272163982405,5.255308865592963,5.4467905147876845
3073,5.169880390167236,5.0,5.0,5.0,5.0,5.0,5.0
3074,6.1985602378845215,5.0,5.0,5.0,5.708512583073295,6.456685660619315,8.053554394051933
3075,6.108029842376709,8.327902142064282,5.0,5.0,6.036212172654444,6.142667503568731,6.823908740944319
3076,6.119146823883057,8.0,5.0,5.0,5.6,6.671112282106433,7.686473844022299
3077,5.256899833679199,5.0,5.0,5.0,5.0,5.507042496070813,6.274290991274421
3078,5.915028095245361,5.0,5.0,5.614942352606449,7.844835868359313,8.098999141397796,9.13106355737751
3079,5.151000499725342,5.0,5.0,5.0,5.0,5.0,5.622062572163754
3080,5.9883713722229,5.0,5.0,5.0,5.876329286972975,7.012697251504221,7.26494905424264
3081,4.974877834320068,5.0,5.0,5.0,5.336173122706551,5.502471299162677,5.940909367734202
3082,5.631118297576904,5.0,5.0,5.769551078621726,7.002632177292251,7.840628610219042,8.59864862673098
3083,4.705748081207275,5.0,6.076163040999861,6.170565203899018,6.233499979165125,6.264967366798177,6.29643475443123
3084,7.022365093231201,6.853871964321762,5.0,5.928180382362728,6.772577569995745,7.568636235841013,8.324875990832918
3085,5.7779765129089355,5.443697499232712,5.0,5.0,5.509691001300805,6.858146007804834,7.63075221594426
3086,6.010836124420166,6.795880017344075,5.0,5.803651523370167,6.43379958559393,6.683044951125544,6.860947047480813
3087,5.92962646484375,5.0,5.0,5.0,5.823908740944319,5.958607314841775,6.619788758288394
3088,5.708539009094238,5.0,5.015144142787624,5.6777807052660805,6.359508994354129,6.896667784042121,7.4288753542995805
3089,5.185001373291016,5.0,5.0,5.0,5.218302996224269,5.873211984897081,6.295732985203996
3090,5.827215671539307,6.6777807052660805,5.0,5.42021640338319,6.657577319177793,7.1249387366083,7.481486060122112
3091,6.117377758026123,5.0,5.0,5.0,5.0,5.0,5.297890997958678
3092,5.325079917907715,5.0,5.0,5.0,5.596490607097571,6.025706859412084,6.4526793486171155
3093,5.59435510635376,5.309803919971486,5.0,5.292429823902063,5.801396958063174,6.210789396402983,6.471963329792007
3094,4.92932653427124,5.0,5.0,5.0,5.150741978564387,5.449959733306949,6.1009273341251244
3095,4.916733741760254,5.0,5.0,5.0,5.0869625986495866,5.173925197299173,5.265236260406493
3096,4.936645030975342,5.0,5.0,5.0,5.0,5.0,5.0
3097,6.426621913909912,5.167491087293763,5.0,5.0,5.708512583073295,6.456685660619315,8.053554394051933
3098,5.498397350311279,5.0,5.0,5.42021640338319,6.657577319177793,7.1249387366083,7.481486060122112
3099,5.13356351852417,5.0,5.0,5.0,5.0,5.0,5.0
3100,5.0682854652404785,5.0,5.0,5.0,5.0,5.0,5.638272163982407
3101,4.992275238037109,5.0,5.0,5.0,5.708512583073295,6.456685660619315,8.053554394051933
3102,5.533741474151611,5.0,5.0,5.42021640338319,6.657577319177793,7.1249387366083,7.481486060122112
3103,5.904013156890869,5.0,5.0,5.0,5.0,5.0,5.0
3104,5.200727939605713,5.0,5.0,5.0,5.0,5.0,5.0
3105,5.861326217651367,5.1249387366083,5.0,5.0,5.0,5.0,5.045403709931007
3106,5.685135364532471,5.0,5.0,5.0,5.0,6.366531544420414,8.494850021680094
3107,5.190806865692139,5.0,5.0,5.0,5.0,5.0,5.0
3108,6.018115997314453,5.0,5.0,5.0,5.26289556697899,5.774816866366195,5.804897680378984
3109,5.1588263511657715,5.0,5.0,5.465907069126919,6.809959463326123,7.481647993062371,7.70932775827525
3110,5.650015830993652,5.0,5.0,5.0,5.0,5.0,5.0
3111,5.169674396514893,5.0,5.0,5.0,5.230865323586517,5.820867764665735,6.715554367524456
3112,4.588159084320068,5.0,5.0,5.0,5.0,5.0,5.234010660811673
3113,5.02091646194458,5.0,5.0,5.0,5.0,5.0,5.0
3114,5.0585527420043945,5.0,5.0,5.0,5.0,5.241230752217968,5.6218487496163565
3115,5.609017372131348,5.0,5.0,5.0,5.876329286972975,7.012697251504221,7.26494905424264
3116,5.019965648651123,5.0,5.0,5.0,5.486379853908173,6.0343342855371045,6.377990700976252
3117,5.0532331466674805,5.0,5.0,5.0,5.0,5.0,5.204575749056067
3118,4.794057369232178,5.0,5.0,5.0,5.340823996531185,5.727202434050302,5.828575698611751
3119,4.959346771240234,5.0,5.0,5.122062572163754,5.770689473640969,5.900566781122885,5.985661382193382
3120,5.292565822601318,5.0,5.0,5.0,5.142618929405524,5.5753667688338275,6.54003127572679
3121,4.834487438201904,5.0,5.0,5.0,5.958607314841775,6.0,6.022276394711152
3122,4.780001163482666,5.0,5.0,5.0,5.0,5.0,5.0
3123,5.1009721755981445,5.0,5.0,5.0,5.0,5.0,5.0
3124,5.409769535064697,5.0,5.0,5.0,5.0,5.371873254973036,6.369608053117638
3125,5.1660284996032715,5.0,5.0,5.0,5.0,5.0,5.0795880017344075
3126,5.545886516571045,5.0,5.0,5.227965977824862,5.529434997455911,5.5376020021010435,5.642138395778679
3127,5.274405002593994,5.0,5.0,5.0,5.0,5.0,5.07535014192042
3128,6.26992654800415,6.552841968657781,5.0,5.0,5.210108201691595,5.42021640338319,5.5707314012151805
3129,5.5498175621032715,5.0,5.0,5.0,5.522878745280337,6.2441251443275085,8.05551732784983
3130,5.427632808685303,5.0,5.0,5.0,5.0,5.494850021680094,5.698970004336019
3131,5.636769771575928,6.698970004336019,5.0,5.0,5.747866492601998,6.276799720315459,6.5119362786376165
3132,5.370181083679199,5.0,5.0,5.0,5.708512583073295,6.456685660619315,8.053554394051933
3133,6.382263660430908,7.346787486224656,5.0,5.287967737291256,7.461462975529174,8.170234422669175,8.401017899130922
3134,5.4289679527282715,5.7447274948966935,5.0,5.734260541478872,6.763144123905442,7.191911180327464,7.651523988147662
3135,5.9622111320495605,8.09151498112135,5.0,5.0,5.776413232992072,6.865621827428363,7.442043438104964
3136,5.9051194190979,6.443697499232712,5.0,5.30033623392066,6.271896009882983,6.480994761799621,8.877103382651214
3137,5.669235706329346,5.0,5.0,5.0,5.765188503875645,6.337734009539242,7.555434863764585
3138,5.112016677856445,5.0,5.0,5.0,5.0,5.0,5.0
3139,5.311529636383057,5.0,5.0,5.0,5.0,5.03236876304957,5.148780806775779
3140,5.150649547576904,5.0,5.0,5.0,5.0,5.16056374410622,5.992661405874745
3141,5.029388427734375,5.0,5.0,5.0,5.0,5.0,5.288498559618869
3142,5.691834926605225,6.0,5.0,5.0,6.036212172654444,6.142667503568731,6.823908740944319
3143,4.758908748626709,5.0,5.0,5.0,5.340823996531185,5.727202434050302,5.828575698611751
3144,5.461320400238037,5.508638306165727,5.0,5.0,5.0,6.318758762624412,6.5376020021010435
3145,5.156203746795654,5.0,5.0,5.0,5.26289556697899,5.774816866366195,5.804897680378984
3146,6.089709758758545,6.585026652029182,5.0,5.0,5.0638272163982405,5.255308865592963,5.4467905147876845
3147,4.52244234085083,5.0,5.0,5.0,5.0,5.0,5.12757241303992
3148,5.051459789276123,5.1487416512809245,5.0,5.0,5.117005330405836,5.468021321623346,6.748955999889548
3149,6.14419412612915,5.721246399047171,5.0,5.769551078621726,7.002632177292251,7.840628610219042,8.59864862673098
3150,4.911376476287842,5.0,5.0,5.0,5.0,5.0,5.0795880017344075
3151,5.382155418395996,5.0,5.0,5.0,5.101727661233145,5.520030657457415,5.848767903643857
3152,5.605269908905029,5.0,5.5376020021010435,6.136677139879544,6.42021640338319,6.6020599913279625,7.161150909262744
3153,5.121439456939697,5.0,5.0,5.0,5.8327668861431246,6.519126541329726,7.4754624086313655
3154,5.54656982421875,5.0,5.0,5.42021640338319,6.657577319177793,7.1249387366083,7.481486060122112
3155,4.538388729095459,5.0,5.0,5.0,5.2543191530828635,5.508638306165727,5.56421353222706
3156,7.107960224151611,8.698970004336019,5.0,5.287967737291256,7.461462975529174,8.170234422669175,8.401017899130922
3157,5.857995986938477,5.455931955649724,5.0,5.0,5.0,5.0,5.0
3158,5.081937313079834,5.0,5.0,5.0,5.0,5.0,5.0
3159,4.762721061706543,5.0,5.0,5.0,5.0,5.16056374410622,5.992661405874745
3160,6.010717868804932,5.0,5.0,5.0,5.0,5.0,5.3013094416207345
3161,4.96068811416626,5.0,5.0,5.0,5.1654344782395265,5.406258474770712,5.695764207919511
3162,5.165120601654053,5.0,5.0,5.0,5.342883161099869,5.813915343413893,5.936172597251873
3163,5.35324239730835,5.0,5.0,5.0,5.252129842029914,5.652129842029915,6.159176003468815
3164,5.3948283195495605,5.0,5.0,5.0,5.717273000560288,6.048978181754958,6.7870173977606605
3165,5.125794410705566,5.0,5.0,5.0,5.0,5.0,5.0
3166,5.89226770401001,5.0,5.0,5.0,5.336173122706551,5.502471299162677,5.940909367734202
3167,4.891333103179932,5.0,5.0,5.0,5.0,5.16056374410622,5.992661405874745
3168,5.732337474822998,5.0,5.0,5.287967737291256,7.461462975529174,8.170234422669175,8.401017899130922
3169,4.988755702972412,5.0,5.0,5.0,5.823908740944319,5.958607314841775,6.619788758288394
3170,4.9065351486206055,5.0,5.0,5.0,5.160563744106219,5.440151745840627,5.855473215493237
3171,5.331226348876953,5.0,5.0,5.0,5.0,5.0,5.0
3172,6.512084484100342,6.236572006437063,5.0,5.928180382362728,6.772577569995745,7.568636235841013,8.324875990832918
3173,4.952128887176514,5.0,5.0,5.0,5.0,5.0,5.0
3174,5.513868808746338,5.0,5.0,5.0,6.068377979021429,6.7791897757223625,7.668920260392717
3175,8.112196922302246,9.2839966563652,5.6936512982466265,6.821318484692428,7.295062717774298,7.354829414764048,7.459720859977528
3176,5.793752193450928,5.0,5.0,5.0,5.335556141053215,6.342224564212866,7.434122917496055
3177,5.041452884674072,5.0,5.0,5.0,5.0,5.0,5.01190543916038
3178,5.088588237762451,5.0,5.0,5.0,5.0,5.0,5.144364851566506
3179,5.928515911102295,6.187086643357144,5.0,5.0,5.0,5.0,5.0
3180,6.4676032066345215,5.0,5.0,5.0,5.0,5.0,5.0
3181,5.042853832244873,5.0,5.0,5.0,5.0,5.296297212024423,5.888891636073268
3182,5.097244739532471,5.0,5.0,5.0,5.0,5.0,5.3191360819912035
3183,4.992987632751465,5.0,5.0,5.0,5.0,5.0,5.634010660811674
3184,5.830803394317627,5.0,5.0,5.0,5.0,5.259497564773153,5.797940008672038
3185,5.207235813140869,5.0,5.0,5.0,5.252129842029914,5.652129842029915,6.159176003468815
3186,5.026307582855225,5.0,5.0,5.0,5.0,5.0,5.895349126175367
3187,5.850893497467041,5.060480747381382,5.0,5.0,5.0,5.0,5.634010660811674
3188,4.936710357666016,5.0,5.0,5.0,5.0,5.0,5.0
3189,6.012394428253174,5.0,5.0,5.0,5.0,5.0,6.468521082957745
3190,5.0572919845581055,5.0,5.0,5.0,5.0,5.0,5.139794000867203
3191,5.736096382141113,5.0,5.0,5.0,5.0,5.0,5.668744396507356
3192,4.9670586585998535,5.0,5.0,5.0,5.0,5.4120961494762785,7.102653267113967
3193,5.164985179901123,5.0,5.0,5.0,5.163951071032141,5.327902142064283,6.048726610343005
3194,5.961899757385254,5.0,5.0,5.0,5.0,5.0,5.701172650495527
3195,7.1509175300598145,7.154901959985743,5.0,5.0,5.218302996224269,5.873211984897081,6.295732985203996
3196,5.152408123016357,5.0,5.0,5.0,5.0,5.0,5.288498559618869
3197,5.112541198730469,5.0,5.0,5.0,5.0,5.0,5.0
3198,5.487063407897949,5.0,5.0,5.0,5.0,5.0,5.085387196432176
3199,5.275317668914795,5.0,5.0,5.0,5.844698206593385,6.011255601796691,6.26164275048356
3200,5.678182601928711,6.920818753952375,5.0,5.328788659588897,5.885292569477766,6.015710880738921,6.572000504422791
3201,6.368946075439453,7.920818753952375,5.0,5.734260541478872,6.763144123905442,7.191911180327464,7.651523988147662
3202,5.4382758140563965,5.0,5.0,5.0,5.708512583073295,6.456685660619315,8.053554394051933
3203,5.124325275421143,5.0,5.0,5.0,5.0,5.093971785205677,5.226292647534192
3204,4.889363765716553,5.0,5.0,5.0,5.0,5.0,5.0
3205,5.847226619720459,5.0,5.0,5.42021640338319,6.657577319177793,7.1249387366083,7.481486060122112
3206,6.212585926055908,5.0,5.0,5.287967737291256,7.461462975529174,8.170234422669175,8.401017899130922
3207,5.9155964851379395,5.0,5.0,5.0,5.0,5.0,5.0
3208,5.428489685058594,8.55284196865778,5.0,5.0,5.708512583073295,6.456685660619315,8.053554394051933
3209,5.512296199798584,5.0,5.0,5.0,5.0,5.51359866254608,6.637319323763178
3210,6.018807888031006,6.180456064458132,5.0,5.0,5.0,5.0,5.895349126175367
3211,4.8631272315979,5.0,5.0,5.0,5.0,5.0,6.052177559189752
3212,5.541210174560547,5.0,5.0,5.0,5.0,5.0,5.317005330405837
3213,5.123129844665527,5.0,5.0,5.455931955649724,5.7623113358060305,6.008024464539142,6.170518507620311
3214,5.211881160736084,5.0,5.0,5.0,5.0,5.0,5.0
3215,4.70486307144165,5.0,5.0,5.0,5.0,5.552491252371425,6.617810671064914
3216,4.6293511390686035,5.638272163982407,5.0,5.0,5.003621217265445,5.125582227794969,5.320642433508986
3217,4.4703688621521,5.0,5.0,5.0,5.0,5.0,5.0
3218,6.026783466339111,5.0,5.0,5.30033623392066,6.271896009882983,6.480994761799621,8.877103382651214
3219,5.233166217803955,5.0,5.0,5.0,5.0,5.0,5.342800251070619
3220,5.86221170425415,5.0,5.0,5.769551078621726,7.002632177292251,7.840628610219042,8.59864862673098
3221,5.932274341583252,5.0,5.0,5.0,5.0,5.210121998671017,5.630365996013053
3222,6.17787504196167,6.481486060122113,5.0,5.287967737291256,7.461462975529174,8.170234422669175,8.401017899130922
3223,6.329746246337891,6.3872161432802645,5.0,5.0,5.0,5.0,6.07116140690399
3224,5.077134609222412,5.0,5.0,5.0,5.0,5.0,5.297890997958678
3225,6.285129547119141,7.309803919971486,5.0,5.0,5.0,5.0,6.07116140690399
3226,5.601171493530273,5.0,5.0,5.0,6.068377979021429,6.7791897757223625,7.668920260392717
3227,5.023141384124756,5.0,5.0,5.0,5.0,5.0,5.0
3228,4.995978355407715,5.0,5.0,5.0,5.0,5.0,5.0
3229,4.8468017578125,5.0,5.0,5.0,5.0,5.0,5.0
3230,4.845163345336914,5.0,5.0,5.0,5.0,5.0802637802185675,5.370649559108152
3231,6.10938024520874,5.0,5.0,5.0,5.086359655186601,5.345438620746404,6.887311395274088
3232,5.429004669189453,5.0,5.0,5.0,5.0,5.984570506477258,6.408945452815283
3233,4.956663131713867,5.0,5.0,5.0,5.0,5.0,5.622062572163754
3234,5.209384441375732,5.0,5.0,5.0,5.557809882459554,6.481225900025257,7.487317135998911
3235,5.010272979736328,5.0,5.0,5.0,5.0,5.0916591953431425,5.269678045872886
3236,5.242096900939941,5.0,5.0,5.0,6.278328604148765,7.086992643672552,7.7605410118764535
3237,5.206467151641846,5.0,5.0,5.0,5.0,5.0,5.30945511543382
3238,5.508131504058838,5.0,5.0,5.0,5.0,5.0,5.129818655252878
3239,4.933121204376221,5.0,5.0,5.0,5.0,5.0,5.119382002601611
3240,5.080721378326416,5.0,5.0,5.0,5.0,5.0,5.920818753952375
3241,5.82051944732666,8.18045606445813,5.0,5.0,5.0,5.0,5.0
3242,5.934482097625732,6.638272163982407,5.0,5.011138197355576,5.888215363036752,6.241208065863358,6.365039369692465
3243,5.307255268096924,5.0,5.0,5.0,5.557809882459554,6.481225900025257,7.487317135998911
3244,4.982656955718994,5.0,5.0,5.0,5.0,5.0,5.0
3245,5.014567852020264,5.0,5.0,5.0,5.0201454878767855,5.7447274948966935,6.035290537142854
3246,5.57312536239624,5.0,5.0,5.0,5.0,5.0,5.144364851566506
3247,5.698342800140381,5.0,5.0,5.0,5.0,5.301727661233146,6.61798047468195
3248,5.155520915985107,5.0,5.0,5.0,5.8287368785571365,5.96832750158095,6.4859366274865184
3249,5.153594017028809,5.275724130399211,5.0,5.0,5.210108201691595,5.42021640338319,5.5707314012151805
3250,4.711659908294678,5.0,5.048825028865502,5.122062572163754,5.170887601029256,5.195300115462007,5.219712629894758
3251,6.094334125518799,6.795880017344075,5.0,5.0,5.0,5.0,5.0
3252,5.642659664154053,6.522878745280337,5.0,5.0,5.0,5.0,5.186847479451571
3253,5.2055277824401855,5.0,5.0,5.0,5.0,5.0,5.4604093769761874
3254,5.151735782623291,5.0,5.0,5.0,5.0,5.0,5.583745543646882
3255,5.65085506439209,5.0,5.0,5.42021640338319,6.657577319177793,7.1249387366083,7.481486060122112
3256,4.767944812774658,5.0,5.0,5.0,5.0,5.494850021680094,5.698970004336019
3257,6.160254001617432,5.886056647693163,5.0,5.0,5.832079254105832,6.155946574837715,6.577685037796933
3258,4.8714728355407715,5.0,5.0,5.0,5.0,5.0,5.035654732351381
3259,5.22211217880249,5.0,5.0,5.0,5.068105564896511,5.409654350625216,6.169457226644011
3260,4.683727264404297,5.0,5.0,5.0,5.1604035918505,5.622826716909309,6.0898160921468385
3261,5.832205295562744,5.657577319177793,5.1654344782395265,5.378605095260662,5.525419329505139,5.657219137654218,5.789018945803296
3262,6.018172264099121,5.0,5.0,5.260284331401132,5.936842114697192,6.212300767287724,7.029730760384687
3263,6.190668106079102,5.698970004336019,5.0,5.769551078621726,7.002632177292251,7.840628610219042,8.59864862673098
3264,4.778270244598389,5.0,5.0,5.0,5.0,5.0,5.0
3265,4.961639881134033,5.0,5.0,5.0,5.0,5.093971785205677,5.226292647534192
3266,5.977929592132568,5.0,5.0,5.0,5.0,5.0,5.0
3267,4.891997814178467,5.0,5.0,5.0,5.0,5.0,5.0
3268,6.1985602378845215,5.0,5.0,5.0,5.708512583073295,6.456685660619315,8.053554394051933
3269,6.464801788330078,5.0,5.0,6.299299729609228,7.56968241169672,7.787170498505569,7.910390122074611
3270,5.925488471984863,5.0,5.0,5.0,5.0,5.327902142064283,6.2076083105017466
3271,4.6424689292907715,5.0,5.0,5.0,5.0,5.0,5.0
3272,5.016350746154785,5.0,5.0,5.0,5.2543191530828635,5.508638306165727,5.56421353222706
3273,6.11880350112915,6.795880017344075,5.0,5.0,5.0,5.148945498979339,5.832233621235863
3274,5.881640434265137,7.585026652029182,5.0,5.0,5.142618929405524,5.5753667688338275,6.54003127572679
3275,5.321847915649414,5.0,5.0,5.0,6.315831350852757,7.387503458885711,8.024315496631102
3276,5.067152500152588,5.0,5.0,5.0,5.340823996531185,5.727202434050302,5.828575698611751
3277,6.2184672355651855,6.173925197299173,5.0,5.0,5.0,5.0,6.07116140690399
3278,5.150415897369385,5.0,5.0,5.0,5.0,5.177211329538633,5.531633988615898
3279,5.894303798675537,5.0,5.0,5.0,5.0,5.0,5.0
3280,5.8974127769470215,7.031517051446065,5.0,5.0,5.0,5.1925944240488455,5.658495156981774
3281,5.8629150390625,5.795880017344075,5.0,5.0,5.0,5.768718582206093,6.934458917154219
3282,5.346378803253174,5.0,5.0,5.0,5.0,5.0,5.204575749056067
3283,4.930376052856445,5.0,5.0,5.0,5.0,5.0,5.0
3284,5.527946949005127,5.0,5.0,5.0,5.0,5.0,5.0
3285,5.189891338348389,5.0,5.0,5.0,5.0,5.0,5.0
3286,4.749159336090088,5.0,5.0,5.0,5.006682918413346,5.149336579604481,5.6839014626552515
3287,5.836848735809326,9.508638306165727,5.0,5.0,5.446836496938015,5.7447274948966935,5.82193565197116
3288,6.743871212005615,7.958607314841775,5.0,6.200659450546418,6.638272163982407,8.221848749616356,8.958607314841775
3289,4.845895290374756,5.0,5.0,5.0,5.0,5.0,5.30945511543382
3290,5.5354719161987305,5.309803919971486,5.0,5.0,5.0,5.0,5.3191360819912035
3291,5.1705322265625,5.0,5.0,5.0,5.0,5.0,5.305182983699436
3292,5.632076263427734,5.0,5.0,5.30033623392066,6.271896009882983,6.480994761799621,8.877103382651214
3293,5.808387279510498,7.154901959985743,5.0,5.0,5.0,5.0,5.0
3294,5.439706325531006,5.0,5.9901019303030605,6.591647408166742,7.128788772280643,7.208036362993901,7.287283953707157
3295,4.812698841094971,5.0,5.0,5.0,5.0,5.247314401287413,5.741943203862238
3296,5.608280658721924,5.0,5.0,5.465907069126919,6.809959463326123,7.481647993062371,7.70932775827525
3297,5.683085918426514,5.0,5.0,5.0,5.468521082957745,6.167491087293763,6.920818753952375
3298,5.253132343292236,5.0,5.0,5.0,5.856464859428565,6.2960837014903515,6.823603534477858
3299,5.266388416290283,5.0,5.0,5.0,5.920818753952375,6.356547323513812,6.455931955649724
3300,5.980060577392578,5.0,5.0,5.0,5.0,5.034785039459835,5.5334877854314275
3301,4.94448184967041,5.0,5.0,5.0,5.0,5.210121998671017,5.630365996013053
3302,5.244100093841553,5.0,5.0,5.0,5.0,5.0,5.0
3303,4.983443260192871,5.0,5.0,5.0,5.0,5.0,5.955056020812891
3304,5.198943614959717,5.0,5.0,5.42021640338319,6.657577319177793,7.1249387366083,7.481486060122112
3305,5.3168044090271,5.0,5.0,5.0,5.0,5.0,5.0
3306,5.219741344451904,5.0,5.0,5.0,5.0,5.0,5.0
3307,4.831901550292969,5.0,5.0,5.0,5.0,5.0,5.0
3308,5.047962665557861,5.0,5.0,5.0,5.0,5.177211329538633,5.531633988615898
3309,6.745655059814453,7.431798275933005,5.0,5.928180382362728,6.772577569995745,7.568636235841013,8.324875990832918
3310,5.1515631675720215,5.0,5.0,5.0,5.0,5.477528010406445,6.104288634424147
3311,5.871892929077148,5.0,5.0,5.0,5.0,5.371873254973037,5.760661765532939
3312,5.470805644989014,5.0,5.0,5.42021640338319,6.657577319177793,7.1249387366083,7.481486060122112
3313,5.2464776039123535,6.0,5.0,5.0,5.0,5.0,5.20144957839504
3314,5.002884387969971,5.0,5.0,5.0,5.0,5.0,5.342800251070619
3315,5.076172828674316,5.0,5.0,5.0,5.0,5.331515463835559,6.737412782824986
3316,5.673758029937744,6.327902142064283,5.0,5.0,6.721246399047171,7.102372908709558,7.221848749616356
3317,6.125800609588623,5.508638306165727,5.0,5.0,6.068377979021429,6.7791897757223625,7.668920260392717
3318,5.30676794052124,5.0,5.0,5.0,5.0,5.0,5.045403709931007
3319,6.892369270324707,6.698970004336019,5.0,5.769551078621726,7.002632177292251,7.840628610219042,8.59864862673098
3320,5.600712299346924,5.0,5.0,5.0,5.0,5.0,5.0
3321,5.146581172943115,5.0,5.0,5.0,5.0,5.0,5.12757241303992
3322,5.151369571685791,5.0,5.0,5.0,5.0,5.0,5.0
3323,5.22656774520874,5.0,5.0,5.0,5.1654344782395265,5.406258474770712,5.695764207919511
3324,6.027117729187012,7.795880017344075,5.0,5.260284331401132,5.936842114697192,6.212300767287724,7.029730760384687
3325,4.855331897735596,5.0,5.0,5.0,5.0,5.552491252371425,6.7251911251650505
3326,4.950275897979736,5.0,5.0,5.0,5.494752000253373,5.647915503315358,6.239625999943646
3327,5.142579555511475,5.0,5.0,5.33889035263304,5.770689473640969,5.908845318154531,6.0508638306165725
3328,4.917013168334961,5.0,5.0,5.0,5.159379381312206,5.318758762624412,5.988168040901103
3329,5.542192459106445,5.0,5.0,5.0,5.509691001300805,6.858146007804834,7.63075221594426
3330,5.291093826293945,5.0,5.0,5.0,5.7366550031619,6.053660333567737,6.31934349279846
3331,5.446140766143799,5.0,5.0,5.0,5.068105564896511,5.409654350625216,6.169457226644011
3332,5.819443702697754,6.721246399047171,5.0,5.0,5.0,5.0,5.4604093769761874
3333,5.232117176055908,5.0,5.0,5.42021640338319,6.657577319177793,7.1249387366083,7.481486060122112
3334,5.6654438972473145,8.920818753952375,5.0,5.0,5.708512583073295,6.456685660619315,8.053554394051933
3335,5.54656982421875,5.0,5.0,5.42021640338319,6.657577319177793,7.1249387366083,7.481486060122112
3336,5.395404815673828,6.443697499232712,5.0,5.5376020021010435,6.068170466997458,6.51022560613271,6.798055961229678
3337,4.90355920791626,5.0,5.0,5.0,5.0,5.0,5.0
3338,6.291965007781982,5.920818753952375,5.0,5.287967737291256,7.461462975529174,8.170234422669175,8.401017899130922
3339,5.2434983253479,5.0,5.0,5.0,5.0,5.0,5.701172650495527
3340,5.5492682456970215,5.0,5.0,5.0,5.583745543646882,6.167491087293763,6.433230545814891
3341,5.84647798538208,5.0,5.0,5.769551078621726,7.002632177292251,7.840628610219042,8.59864862673098
3342,5.134300708770752,5.0,5.0,5.0,5.0,5.0,5.0
3343,5.407511234283447,5.0,5.0,5.0,6.081359291354222,6.4035294254543444,6.620538427799027
3344,4.8269476890563965,5.0,5.0,5.0,5.346395015176065,5.658146007804834,6.182811806226959
3345,6.06825590133667,5.0,5.0,5.928180382362728,6.772577569995745,7.568636235841013,8.324875990832918
3346,4.901360034942627,5.0,5.0,5.0,5.738738546094465,6.547883699278268,7.436625011876349
3347,5.1575541496276855,5.0,5.0,5.0,5.0,5.0,5.0
3348,5.186010837554932,5.958607314841775,5.0,5.0,5.844698206593385,6.011255601796691,6.26164275048356
3349,5.288926601409912,5.0,5.0,5.0,5.0,5.0,5.0
3350,6.515820026397705,8.142667503568731,5.0,5.769551078621726,7.002632177292251,7.840628610219042,8.59864862673098
3351,5.398959636688232,5.0,5.0,5.032750774378217,5.696834746491283,6.468685246554372,6.673751488085751
3352,4.929742336273193,5.0,5.0,5.0,5.0,5.0,5.721246399047171
3353,6.153170108795166,8.508638306165727,5.0,5.0,5.201449578395039,6.139488794400743,6.543303570590206
3354,5.746809482574463,5.769551078621726,5.0,5.0,5.708512583073295,6.456685660619315,8.053554394051933
3355,6.0918450355529785,5.0,5.0,5.287967737291256,7.461462975529174,8.170234422669175,8.401017899130922
3356,5.326184272766113,5.0,5.0,5.0,5.708512583073295,6.456685660619315,8.053554394051933
3357,5.926104545593262,5.0,5.0,5.0,5.101727661233145,5.520030657457415,5.848767903643857
3358,5.272345542907715,5.0,5.0,5.0,5.0,5.0,5.3014005676816796
3359,5.373392105102539,5.0,5.0,5.0,5.5713337517843655,6.142667503568731,6.787232889750868
3360,6.108523368835449,8.148741651280925,5.0,5.287967737291256,7.461462975529174,8.170234422669175,8.401017899130922
3361,5.851312637329102,5.0,5.0,5.0,5.0,5.0,5.0
3362,4.901026725769043,5.0,5.0,5.0,5.0,5.0,5.0
3363,5.278171539306641,5.0,5.0,5.0,5.0,5.0,5.139794000867203
3364,4.85800313949585,5.0,5.0,5.0,5.0,5.0,5.634010660811674
3365,5.20834493637085,5.0,5.0,5.0,5.090836138293877,5.342313722939064,5.714610867233399
3366,5.87878942489624,6.251811972993799,5.0,5.0,5.2543191530828635,5.508638306165727,5.56421353222706
3367,5.453814506530762,5.0,5.0,5.0,5.0,5.0,5.0
3368,5.039784908294678,5.0,5.0,5.0,5.112251986014286,5.333388773477399,5.569928007722705
3369,5.095175266265869,5.0,5.0,5.0,5.0,5.093971785205677,5.226292647534192
3370,6.471804141998291,5.920818753952375,5.0,5.0,5.0,5.177211329538633,5.531633988615898
3371,5.228765487670898,5.0,5.0,5.0,5.519066146175629,5.670701335829286,5.787170498505568
3372,5.510462284088135,5.42021640338319,5.0,5.328788659588897,5.885292569477766,6.015710880738921,6.572000504422791
3373,5.359314918518066,5.0,5.0,5.0,5.0,5.0,5.0
3374,4.984426021575928,5.0,5.0,5.0,5.0,5.0,5.0
3375,5.496827602386475,6.008773924307505,5.0,5.0,5.708512583073295,6.456685660619315,8.053554394051933
3376,5.404129505157471,5.0,5.0,5.0,5.0,5.0,5.0
3377,5.309986591339111,5.0,5.0,5.0,5.657577319177793,5.920818753952375,6.154901959985743
3378,6.065124988555908,7.638272163982407,5.0,5.0,5.0,5.0916591953431425,5.269678045872886
3379,5.068995952606201,5.0,5.0,5.0,5.0,5.0,5.701172650495527
3380,5.087464332580566,5.0,5.0,5.0,5.0,5.0,5.0
3381,5.687999725341797,5.0,5.0,5.0,5.0,5.0,5.1
3382,5.928711414337158,5.0,5.0,5.0,5.0,5.0,5.955056020812891
3383,4.982407569885254,5.0,5.0,5.0,5.0,5.0,5.0795880017344075
3384,5.847568035125732,5.0,5.0,5.059593203859604,5.621921275511394,6.232348276903211,6.79018639043693
3385,5.180134296417236,5.0,5.0,5.0,5.0,5.576997119237737,5.915076914552607
3386,5.830050945281982,5.0,5.0,5.928180382362728,6.772577569995745,7.568636235841013,8.324875990832918
3387,5.33344841003418,5.0,5.0,5.0,5.823908740944319,5.958607314841775,6.619788758288394
3388,4.587124347686768,5.0,5.0,5.0,5.0,5.034785039459835,5.5334877854314275
3389,5.56474494934082,5.0,5.0,5.0,5.4467905147876845,5.723436428713836,7.10110352518409
3390,6.039842128753662,7.721246399047171,5.0,5.0,5.6020599913279625,5.7447274948966935,5.886056647693163
3391,4.981164455413818,5.0,5.0,5.0,5.090836138293877,5.342313722939064,5.714610867233399
3392,5.90408182144165,5.022276394711152,5.0,5.42021640338319,6.657577319177793,7.1249387366083,7.481486060122112
3393,5.092320442199707,5.0,5.0,5.0,5.0,5.0,5.0
3394,5.102532386779785,5.0,5.0,5.18837535480105,6.7396216559868245,6.886056647693163,7.169199170261093
3395,5.104518413543701,6.221848749616356,5.0,5.0,5.0,5.0,5.045403709931007
3396,5.456685543060303,7.823908740944319,5.0,5.0,5.0,5.279588001734408,6.594799162246874
3397,6.01198148727417,7.356547323513812,5.0,5.0,5.1604035918505,5.622826716909309,6.0898160921468385
3398,5.437330722808838,5.0,5.0,5.0,5.920818753952375,6.356547323513812,6.455931955649724
3399,5.369924068450928,5.0,5.0,5.0,5.008092190762393,5.555595640645169,6.751306992442353
3400,5.275608062744141,5.0,5.0,5.0,5.0,5.371873254973037,5.760661765532939
3401,5.743930339813232,5.958607314841775,5.0,5.0,5.0,5.0,5.0
3402,5.265889644622803,5.0,5.0,5.0,5.0,5.0,5.0
3403,4.902599811553955,5.0,5.0,5.0,5.0,5.494850021680094,5.698970004336019
3404,5.910196304321289,6.7447274948966935,5.0,5.0,5.0,5.177211329538633,5.531633988615898
3405,5.225314617156982,5.0,5.0,5.547102059816066,5.779545458967391,5.920818753952375,6.67630851494269
3406,4.927436351776123,5.0,5.0,5.0,5.0,5.0,5.12757241303992
3407,4.775942325592041,5.0,5.0,5.0,5.958607314841775,6.070581074285707,6.113509274827518
3408,5.561155796051025,7.0,5.9901019303030605,6.591647408166742,7.128788772280643,7.208036362993901,7.287283953707157
3409,5.561646461486816,5.7447274948966935,5.0,5.0,5.1916350977420995,5.494997974617254,5.904956590427026
3410,4.867701053619385,5.0,5.0,5.0,5.0,5.0,5.0795880017344075
3411,4.781222820281982,5.0,5.0,5.0,5.0,5.0,5.055517327849831
3412,5.806392192840576,6.6020599913279625,5.0,6.481486060122113,7.734530109732988,8.275008751784874,8.346813140313207
3413,5.108834266662598,5.0,5.0,5.0,5.0,5.0,5.297890997958678
3414,5.530144691467285,5.0,5.0,5.42021640338319,6.657577319177793,7.1249387366083,7.481486060122112
3415,5.945267677307129,5.0,5.0,6.299299729609228,7.56968241169672,7.787170498505569,7.910390122074611
3416,5.678894996643066,6.619788758288394,5.0,5.0,5.0,6.318758762624412,6.5376020021010435
3417,4.872045993804932,5.0,5.0,5.0,5.0,5.0,5.0795880017344075
3418,5.841430187225342,6.585026652029182,5.378913216807529,5.958607314841775,6.717273000560288,6.850382250330102,7.853112668883502
3419,5.472729682922363,5.2839966563652006,5.0,5.0,5.765188503875645,6.337734009539242,7.555434863764585
3420,6.312864780426025,6.013228265733755,5.6333103967098985,6.454694646085796,6.916633373901797,7.104917602641903,7.2932018313820075
3421,5.084477424621582,5.0,5.048825028865502,5.122062572163754,5.170887601029256,5.195300115462007,5.219712629894758
3422,5.73583459854126,5.585026652029182,5.0,5.0,5.0,5.0,6.142667503568731
3423,5.298900127410889,5.0,5.0,5.0,5.0,5.0,5.0
3424,4.815423488616943,5.7447274948966935,5.0,5.0,5.086359655186601,5.345438620746404,6.887311395274088
3425,5.547128200531006,5.0,5.0,5.0,5.0,5.0,6.142667503568731
3426,5.092933177947998,5.0,5.0,5.0,5.0,5.0,5.0
3427,4.855127334594727,5.0,5.0,5.0,5.0,5.0,5.0
3428,5.531351566314697,6.229147988357855,5.0,5.0,5.0,5.494850021680094,5.698970004336019
3429,5.279937267303467,5.920818753952375,5.0,5.0,5.446836496938015,5.7447274948966935,5.82193565197116
3430,5.4554219245910645,5.0,5.0,5.0,5.0,5.768718582206093,6.934458917154219
3431,6.007263660430908,6.173925197299173,5.0,5.0,5.486379853908173,6.0343342855371045,6.377990700976252
3432,5.182282447814941,6.142667503568731,5.0,5.0,5.0,5.7510871837962805,6.699686629564667
3433,6.191275119781494,5.0,5.0,5.769551078621726,7.002632177292251,7.840628610219042,8.59864862673098
3434,6.721594333648682,5.00436480540245,5.0,5.287967737291256,7.461462975529174,8.170234422669175,8.401017899130922
3435,7.3963093757629395,8.42021640338319,5.0,6.054231271163718,7.256077439944282,8.1249387366083,8.627853508438662
3436,5.554599285125732,5.0,5.0,5.457176355851572,5.760374041286161,5.882984820353755,6.11948012689327
3437,5.428164958953857,6.259637310505756,5.0,5.0,5.0,5.0,5.09995098928664
3438,5.126496315002441,5.0,5.0,5.260284331401132,5.936842114697192,6.212300767287724,7.029730760384687
3439,5.634420871734619,5.795880017344075,5.0,5.0,5.0,5.0,5.0
3440,5.536668300628662,5.0,5.0,5.0,5.230865323586517,5.820867764665735,6.715554367524456
3441,5.494935512542725,6.346787486224656,5.0,5.33889035263304,5.770689473640969,5.908845318154531,6.0508638306165725
3442,5.693976879119873,5.0,5.0,5.0,5.0,5.0,5.0
3443,6.118083953857422,7.698970004336019,5.0,5.0,5.0,5.0,5.377211329538633
3444,5.506530284881592,5.0,5.0,5.0,5.717273000560288,6.048978181754958,6.7870173977606605
3445,5.786285877227783,5.5376020021010435,5.0,5.42021640338319,6.657577319177793,7.1249387366083,7.481486060122112
3446,5.968166828155518,5.0,5.0,5.0,5.0,5.0,5.0
3447,5.463225841522217,5.0,5.0,5.0,5.0,5.0,5.0
3448,4.9818501472473145,5.0,5.0,5.0,5.0,5.0,5.045403709931007
3449,5.060480117797852,5.0,5.0,5.0,5.0,5.576997119237737,5.915076914552607
3450,7.256128787994385,5.173925197299173,5.0,5.0,5.0,5.03236876304957,5.148780806775779
3451,5.521568775177002,5.0,5.0,5.0,6.278328604148765,7.086992643672552,7.7605410118764535
3452,6.5892815589904785,7.443697499232712,5.0,5.42021640338319,6.657577319177793,7.1249387366083,7.481486060122112
3453,4.957324504852295,5.0,5.0,5.0,5.0,5.0,5.129818655252878
3454,6.793737888336182,5.0,5.0,6.299299729609228,7.56968241169672,7.787170498505569,7.910390122074611
3455,4.85066556930542,5.0,5.0,5.0,5.0,5.0,5.149669314685716
3456,5.005909442901611,5.0,5.0,5.0,5.7366550031619,6.053660333567737,6.31934349279846
3457,6.686405658721924,6.698970004336019,5.0,5.42021640338319,6.657577319177793,7.1249387366083,7.481486060122112
3458,5.157427787780762,5.0,5.0,5.0,5.8287368785571365,5.96832750158095,6.4859366274865184
3459,4.890537261962891,5.0,5.0,5.0,5.0,5.0,5.0
3460,6.308314323425293,8.568636235841012,5.0,5.287967737291256,7.461462975529174,8.170234422669175,8.401017899130922
3461,6.274112224578857,6.154901959985743,5.0,6.481486060122113,7.734530109732988,8.275008751784874,8.346813140313207
3462,4.850203990936279,5.0,5.0,5.0,5.0,5.0,5.0
3463,6.326716899871826,7.508638306165727,5.0,5.0,6.010237290870956,6.118490746653228,6.2535212480354065
3464,5.090956211090088,5.431798275933005,5.0,5.0,5.0,5.0,5.0
3465,5.3449530601501465,5.0,5.0,5.0,5.876329286972975,7.012697251504221,7.26494905424264
3466,6.082657814025879,5.6777807052660805,5.0,5.0,5.1916350977420995,5.494997974617254,5.904956590427026
3467,4.8307623863220215,5.0,5.0,5.0,5.36804185367615,5.695208145805298,6.305438650294773
3468,5.952439785003662,5.0,5.0,5.287967737291256,7.461462975529174,8.170234422669175,8.401017899130922
3469,5.176205158233643,5.0,5.0,5.0,5.0,5.0,6.142667503568731
3470,5.93487024307251,5.0,5.0,5.42021640338319,6.657577319177793,7.1249387366083,7.481486060122112
3471,5.453837871551514,5.0,5.0,5.0,5.0,5.51359866254608,6.637319323763178
3472,5.0348639488220215,5.0,5.0,5.0,5.7366550031619,6.053660333567737,6.31934349279846
3473,5.118187427520752,5.0,5.0,5.0,5.0,5.0,5.0
3474,5.77125883102417,8.119186407719209,5.0,6.481486060122113,7.734530109732988,8.275008751784874,8.346813140313207
3475,5.220469951629639,5.0,5.0,5.0,5.0,5.034785039459835,5.5334877854314275
3476,5.4749369621276855,5.0,5.0,5.803651523370167,6.43379958559393,6.683044951125544,6.860947047480813
3477,5.071846008300781,5.0,5.0,5.0,5.519066146175629,5.670701335829286,5.787170498505568
3478,6.01884126663208,7.275724130399211,5.0,5.0,5.0,5.0916591953431425,5.269678045872886
3479,5.850170612335205,5.6020599913279625,5.0,5.769551078621726,7.002632177292251,7.840628610219042,8.59864862673098
3480,5.570226192474365,5.0,5.0,5.0,5.252129842029914,5.652129842029915,6.159176003468815
3481,5.22400426864624,5.0,5.0,5.0,5.0,5.209151498112135,6.233185025054833
3482,4.800592422485352,5.0,5.0,5.0,5.0,5.0,5.0
3483,5.387385845184326,5.0,5.0,5.0,5.0,5.0,5.0
3484,5.748805522918701,6.2076083105017466,5.0,5.0,5.0,6.318758762624412,6.5376020021010435
3485,5.679309368133545,5.0,5.0,5.0,5.0,5.0,5.0
3486,4.958906173706055,5.0,5.0,5.0,5.0,5.0,5.204575749056067
3487,5.438645839691162,5.0,5.0,5.0,6.368669355166785,6.609493351697969,7.040192160757503
3488,6.210733890533447,6.494850021680094,5.0,5.0,5.761091082236913,6.416153306250301,7.328727082090541
3489,5.846466541290283,7.080921907623926,5.0,5.0,5.346395015176065,5.658146007804834,6.182811806226959
3490,5.062819004058838,5.0,5.0,5.0,5.832079254105832,6.155946574837715,6.577685037796933
3491,5.352479457855225,5.0,5.0,5.0,5.0,5.0,5.142021640338318
3492,6.323211669921875,7.036212172654444,5.0,5.619788758288394,6.26468584634236,6.445303843740749,7.131147698050925
3493,5.649102210998535,6.107905397309519,5.0,5.0,5.335556141053215,6.342224564212866,7.434122917496055
3494,6.0331549644470215,8.148741651280925,5.0,5.0,5.0,5.065580428412857,5.5327869988180645
3495,5.915136814117432,5.0,5.0,5.0,5.0,5.263030927671117,5.733304289873123
3496,5.280092716217041,5.0,5.0,5.0,5.086359655186601,5.345438620746404,6.887311395274088
3497,5.121832370758057,5.0,5.0,5.0,5.583745543646882,6.167491087293763,6.433230545814891
3498,5.672952175140381,5.0,5.0,5.0,5.765188503875645,6.337734009539242,7.555434863764585
3499,5.110205173492432,5.0,5.0,5.0,5.0,5.0,5.335556141053217
3500,5.109829425811768,5.0,5.0,5.309894379144197,6.0491978875360894,6.32765564127649,6.517658239483867
3501,5.503885746002197,5.0,5.0,5.0,5.0,5.51359866254608,6.637319323763178
3502,5.746305465698242,5.0,5.0,5.0,5.776413232992072,6.865621827428363,7.442043438104964
3503,5.2170729637146,5.0,5.0,5.0,5.139794000867203,5.559176003468815,5.819382002601611
3504,5.963508605957031,5.0,5.0,5.614942352606449,7.844835868359313,8.098999141397796,9.13106355737751
3505,5.007913112640381,5.0,5.0,5.0,5.0,5.576997119237737,5.915076914552607
3506,5.231688976287842,5.0,5.0,5.0,5.0,5.0,5.0
3507,5.119706630706787,5.0,5.00261888324147,5.429118384862106,5.882751518246458,5.969390180020549,6.056028841794641
3508,5.408910751342773,5.0,5.0,5.030240373690691,5.979796630032903,6.440875561547003,6.637736343307488
3509,5.060593605041504,5.0,5.0,5.0,5.0,5.0,5.0
3510,5.076705455780029,5.0,5.0,5.0,5.230865323586517,5.820867764665735,6.715554367524456
3511,4.9614787101745605,5.0,5.0,5.0,5.0,5.0,5.0
3512,5.342702388763428,5.0,5.0,5.0,5.0,5.279588001734408,6.594799162246874
3513,4.848788261413574,5.886056647693163,5.0,5.0,5.0201454878767855,5.7447274948966935,6.035290537142854
3514,5.486753940582275,5.0,5.0,5.0,5.0,5.508638306165727,6.451544993495972
3515,5.029946804046631,5.0,5.0,5.0,5.0,5.0,5.668744396507356
3516,5.88154935836792,5.0,5.0,5.769551078621726,7.002632177292251,7.840628610219042,8.59864862673098
3517,4.751221179962158,5.0,5.0,5.0,5.0,5.071309464702763,5.2139283941082875
3518,5.407884120941162,5.0,5.0,5.0,5.747866492601998,6.276799720315459,6.5119362786376165
3519,6.065419673919678,5.0,5.0,5.0,5.8287368785571365,5.96832750158095,6.4859366274865184
3520,5.455620765686035,7.080921907623926,5.0,5.0,5.468521082957745,6.167491087293763,6.920818753952375
3521,5.71106481552124,5.107905397309519,5.0,5.42021640338319,6.657577319177793,7.1249387366083,7.481486060122112
3522,6.1188883781433105,5.0,5.0,5.928180382362728,6.772577569995745,7.568636235841013,8.324875990832918
3523,5.768917560577393,5.0,5.0,5.0,5.6869396686154365,6.036964173972116,6.7003820015986735
3524,5.349222183227539,5.0,5.0,5.0,5.0,5.148945498979339,5.832233621235863
3525,5.257497787475586,5.0,5.0,5.0,5.329878389978372,5.420171791158,5.575313958251336
3526,5.325218677520752,5.0,5.0,5.803651523370167,6.43379958559393,6.683044951125544,6.860947047480813
3527,5.880679607391357,5.0,5.382963298389445,6.42021640338319,7.7229554474115485,8.285461606394016,8.584121974471215
3528,5.906419277191162,5.0,5.0,5.0,5.0,5.0,5.920818753952375
3529,5.076577663421631,5.0,5.0,5.0,5.0,5.371873254973036,6.369608053117638
3530,5.09313440322876,5.0,5.0,5.0,6.081359291354222,6.4035294254543444,6.620538427799027
3531,5.049163818359375,5.0,5.0,5.011138197355576,5.888215363036752,6.241208065863358,6.365039369692465
3532,5.011269569396973,5.0,5.0,5.0,5.0,5.0,5.0
3533,6.060751438140869,7.42021640338319,5.045829597671571,5.568636235841013,7.83670401387526,7.959176003468815,8.440949163483824
3534,5.059462547302246,5.0,5.142618929405526,5.356547323513812,6.088763051451145,6.454870915419811,6.8209787793884775
3535,5.101057052612305,5.0,5.0,5.0,5.139794000867203,5.559176003468815,5.819382002601611
3536,5.209198474884033,5.0,5.0,5.0,5.0,5.0,5.42166897466197
3537,5.315401554107666,5.0,5.206303410289213,6.721246399047171,6.920941467630807,7.025595927443738,7.175003442918692
3538,5.32012414932251,5.0,5.0,5.0,5.0,5.0,5.0
3539,4.97123908996582,5.0,5.0,5.0,5.0,5.0,5.468521082957745
3540,5.302164554595947,5.769551078621726,5.0,5.0,5.095627628787324,5.403952509078869,5.807929816367233
3541,5.06770133972168,5.0,5.0,5.0,5.0,5.0,5.0
3542,6.095669269561768,5.0,5.0,5.0,5.481647993062369,5.786415255761733,6.111946779547825
3543,4.90355920791626,5.0,5.0,5.0,5.0,5.0,5.0
3544,5.737583637237549,6.920818753952375,5.206303410289213,6.721246399047171,6.920941467630807,7.025595927443738,7.175003442918692
3545,5.140969753265381,5.0,5.0,5.30033623392066,6.271896009882983,6.480994761799621,8.877103382651214
3546,5.111036777496338,5.0,5.0,5.0,5.0,5.259078965559803,6.099531988906442
3547,4.940343856811523,5.0,5.0,5.0,5.0,5.0,5.4089353929735005
3548,4.702843189239502,5.0,5.0,5.0,5.0,5.0,5.0
3549,5.6709723472595215,5.0,5.0,5.0,5.04997549464332,5.146666040200967,5.396975746372329
3550,5.055559158325195,5.0,5.9901019303030605,6.591647408166742,7.128788772280643,7.208036362993901,7.287283953707157
3551,5.629105091094971,5.0,5.048825028865502,5.122062572163754,5.170887601029256,5.195300115462007,5.219712629894758
3552,5.5149102210998535,5.0,5.0,5.0,5.717273000560288,6.048978181754958,6.7870173977606605
3553,5.43874979019165,5.0,5.0,5.0,5.55007498130775,6.226778245030048,6.406763468004177
3554,5.047431468963623,5.0,5.0,5.0,5.0,5.0,5.0
3555,5.813172340393066,6.657577319177793,5.0,5.0,5.958607314841775,6.0,6.022276394711152
3556,5.398054122924805,5.0,5.0,5.0,5.0,5.148945498979339,5.832233621235863
3557,5.102725505828857,5.0,5.0,5.0,5.0,5.0,5.30945511543382
3558,6.042447566986084,5.920818753952375,5.0,5.0,5.0,5.0,5.0
3559,6.111298084259033,5.823908740944319,5.0,5.0,5.5129341232531095,5.958432293377779,6.459547352245197
3560,5.320417404174805,5.0,5.0,5.0,5.335556141053215,6.342224564212866,7.434122917496055
3561,5.129644870758057,5.0,5.0,5.0,5.717948779044448,6.154656928386707,6.8675683249985315
3562,5.425861835479736,6.113509274827518,5.0,5.0,5.0,5.0,5.119382002601611
3563,4.749020099639893,5.0,5.0,5.0,5.0,5.0,5.0
3564,5.391651630401611,5.0,5.0,5.0,5.442273574926224,5.9699280077227055,6.804100085852557
3565,5.09425163269043,5.0,5.0,5.0,5.0,5.327902142064283,6.2076083105017466
3566,4.975240230560303,5.0,5.0,5.0,5.0,5.247314401287413,5.741943203862238
3567,5.027152061462402,5.0,5.0,5.0,5.375890719404962,5.920818753952375,6.289198036565084
3568,5.212404727935791,5.0,5.0,5.0,5.097170173104912,5.229849699277086,5.693936665414687
3569,5.203035354614258,5.0,5.0,5.122062572163754,5.770689473640969,5.900566781122885,5.985661382193382
3570,5.108936309814453,5.0,5.0,5.0,5.0,5.0,5.0
3571,5.311176776885986,5.0,5.0,5.0,5.0,5.0,5.09995098928664
3572,5.365904808044434,5.0,5.0,5.0,5.26935749724493,6.077429988979726,6.5496212774634985
3573,4.820512294769287,5.0,5.0,5.0,5.0,5.0,5.0
3574,5.819631099700928,7.2076083105017466,5.0,5.0,5.0,5.0,5.0
3575,6.265390396118164,6.376750709602099,5.0,5.287967737291256,7.461462975529174,8.170234422669175,8.401017899130922
3576,5.410562038421631,5.00436480540245,5.0,5.0,5.163951071032141,5.327902142064283,6.048726610343005
3577,5.0432820320129395,5.0,5.0,5.0,5.0,5.1355561410532165,5.4066684231596485
3578,5.000289440155029,5.0,5.0,5.0,5.0,5.223837281543842,5.671511844631525
3579,5.258401393890381,5.0,5.0,5.0,5.0,5.0,5.0
3580,5.355596542358398,5.0,5.0,5.0,5.0,5.0,5.0
3581,5.189195156097412,5.455931955649724,5.0,5.0,5.0,5.0,5.0
3582,4.915712833404541,5.0,5.0,5.0,5.0,5.0,5.3872161432802645
3583,5.365627765655518,5.0,5.0,5.0,5.0,5.356547323513812,6.795880017344075
3584,5.404268741607666,5.0,5.0,5.0,5.0,5.0,5.045403709931007
3585,5.750982761383057,7.259637310505756,5.0,5.0,5.0,5.0,5.085387196432176
3586,5.548115253448486,5.0,5.0,5.769551078621726,7.002632177292251,7.840628610219042,8.59864862673098
3587,5.4982404708862305,5.0,5.0,5.0,5.0,5.0,5.234010660811673
3588,6.021456241607666,6.221848749616356,5.0,5.769551078621726,7.002632177292251,7.840628610219042,8.59864862673098
3589,6.032775402069092,8.602059991327963,5.0,5.0,5.0,5.0,5.70446769648675
3590,6.083456039428711,5.221848749616356,5.0,5.42021640338319,6.657577319177793,7.1249387366083,7.481486060122112
3591,6.5022711753845215,5.7447274948966935,5.0,5.0,5.958607314841775,6.070581074285707,6.113509274827518
3592,4.8630757331848145,5.0,5.0,5.0,5.0,5.0,5.119382002601611
3593,5.725433349609375,5.0,5.0,5.0,6.315831350852757,7.387503458885711,8.024315496631102
3594,5.045375347137451,5.0,5.0,5.0,5.0,5.0,5.377211329538633
3595,4.838785648345947,5.0,5.0,5.0,5.0,5.0,5.085387196432176
3596,6.464956760406494,5.0,5.0,5.0,5.0,5.0,5.60806164392009
3597,6.239757061004639,5.721246399047171,5.0,5.0,5.0,5.033310396709899,6.016753322646608
3598,5.1616950035095215,5.0,5.0,5.0,5.0,5.0,5.701172650495527
3599,5.379316806793213,5.0,5.0,5.0,5.340823996531185,5.727202434050302,5.828575698611751
3600,5.285463809967041,5.0,5.0,5.0,5.0,5.0,5.0
3601,5.359621524810791,6.494850021680094,5.0,5.18837535480105,6.7396216559868245,6.886056647693163,7.169199170261093
3602,5.011065483093262,5.0,5.0,5.0,5.0,5.0,5.045403709931007
3603,6.542566776275635,7.508638306165727,5.0,5.42021640338319,6.657577319177793,7.1249387366083,7.481486060122112
3604,5.039585590362549,5.0,5.0,5.0,5.761091082236913,6.416153306250301,7.328727082090541
3605,5.717696189880371,6.481486060122113,5.6333103967098985,6.454694646085796,6.916633373901797,7.104917602641903,7.2932018313820075
3606,5.072915554046631,5.0,5.0,5.0,5.0,5.0,5.129818655252878
3607,7.722601413726807,8.823908740944319,5.0,5.287967737291256,7.461462975529174,8.170234422669175,8.401017899130922
3608,5.606277942657471,5.0,5.0,5.0,5.0,5.0,5.920818753952375
3609,4.7625956535339355,5.0,5.0,5.0,5.0,5.012096149476276,5.089111421265709
3610,5.284139156341553,5.0,5.0,5.0,5.509691001300805,6.858146007804834,7.63075221594426
3611,5.014210224151611,5.0,5.0,5.0,5.336173122706551,5.502471299162677,5.940909367734202
3612,4.9177470207214355,5.0,5.0,5.0,5.0,5.0,5.0
3613,6.888077259063721,8.585026652029182,5.0,5.287967737291256,7.461462975529174,8.170234422669175,8.401017899130922
3614,4.841232776641846,5.0,5.0,5.0,5.0,5.0,5.864737526099142
3615,5.589394569396973,5.0,5.0,6.1531365255381765,6.499796115887473,6.650291819404307,6.885710295924456
3616,6.468383312225342,7.698970004336019,5.0,5.42021640338319,6.657577319177793,7.1249387366083,7.481486060122112
3617,4.738927364349365,5.0,5.0,5.0,5.003621217265445,5.088723738510172,5.694820453954792
3618,5.828012943267822,5.0,5.0,5.465907069126919,6.809959463326123,7.481647993062371,7.70932775827525
3619,5.5060296058654785,5.0,5.0,5.0,5.375890719404962,5.920818753952375,6.289198036565084
3620,6.4785637855529785,5.0,5.6936512982466265,6.821318484692428,7.295062717774298,7.354829414764048,7.459720859977528
3621,6.212585926055908,5.0,5.0,5.287967737291256,7.461462975529174,8.170234422669175,8.401017899130922
3622,5.394448757171631,5.0,5.0,5.0,5.0,5.51359866254608,6.637319323763178
3623,5.21271276473999,5.6020599913279625,5.0,5.0,5.0,5.0,5.634010660811674
3624,5.889520168304443,7.508638306165727,5.045829597671571,5.568636235841013,7.83670401387526,7.959176003468815,8.440949163483824
3625,5.6459856033325195,5.468521082957745,5.0,5.42021640338319,6.657577319177793,7.1249387366083,7.481486060122112
3626,5.675053119659424,5.0,5.0,5.0,5.491206246861287,6.546096010217774,8.248901276889617
3627,6.078666687011719,5.958607314841775,5.0,5.032750774378217,5.696834746491283,6.468685246554372,6.673751488085751
3628,4.987739086151123,5.0,5.0,5.0,5.0,5.0,5.12757241303992
3629,4.95380973815918,5.0,5.0,5.0,5.0,5.0,5.07535014192042
3630,5.908421993255615,5.0,5.0,5.0,5.0,5.0,5.0
3631,5.382371425628662,5.0,5.015144142787624,5.6777807052660805,6.359508994354129,6.896667784042121,7.4288753542995805
3632,5.4864068031311035,5.0,5.0,5.42021640338319,6.657577319177793,7.1249387366083,7.481486060122112
3633,5.217987537384033,7.309803919971486,5.0,5.0,5.0,5.0,5.468521082957745
3634,5.025845050811768,5.0,5.0,5.0,5.150741978564387,5.449959733306949,6.1009273341251244
3635,5.891544818878174,7.026872146400302,5.0,5.0,5.0,5.0,5.0
3636,5.748691082000732,5.0,5.0,5.0,5.0,5.0,5.0
3637,4.906432628631592,5.0,5.0,5.0,5.0,5.576997119237737,5.915076914552607
3638,5.6203293800354,5.0,5.0,5.0,5.509691001300805,6.858146007804834,7.63075221594426
3639,6.404174327850342,6.619788758288394,5.0,5.42021640338319,6.657577319177793,7.1249387366083,7.481486060122112
3640,4.9446892738342285,5.0,5.0,5.0,5.163951071032141,5.327902142064283,6.048726610343005
3641,5.526574611663818,5.0,5.0,5.0,5.0,5.0,5.0
3642,4.970955848693848,5.0,5.0,5.0,5.0,5.0,5.0
3643,4.5785231590271,5.0,5.0,5.0,5.0,5.071309464702763,5.2139283941082875
3644,5.0745415687561035,5.0,5.0,5.0,5.0,5.0,5.920818753952375
3645,5.754848480224609,5.0,5.0,5.0,5.0,5.301727661233146,6.61798047468195
3646,5.068295001983643,5.0,5.0,5.0,5.0,5.0,5.144364851566506
3647,5.749974250793457,5.468521082957745,5.0,5.0,7.035625007497918,7.38004376813455,7.604730444456747
3648,5.718259334564209,5.0,5.0,5.0,5.0,5.0,5.0
3649,5.821138381958008,5.568636235841013,5.0,5.0,5.6020599913279625,5.7447274948966935,5.886056647693163
3650,5.244852066040039,5.0,5.0,5.0,5.7366550031619,6.053660333567737,6.31934349279846
3651,5.456457138061523,5.0,5.0,5.0,5.0,5.0,6.468521082957745
3652,5.6233930587768555,5.0,5.0,5.0,5.0,5.3707743928643525,6.112323178593057
3653,5.853063106536865,6.638272163982407,5.0,5.0,5.0,5.0,5.0
3654,5.169424533843994,5.0,5.0,5.0,5.0,5.0,5.0
3655,5.233226299285889,5.0,5.0,5.0,5.0,5.103854924202302,5.3616200641289495
3656,6.292750358581543,5.0,5.0,6.1531365255381765,6.499796115887473,6.650291819404307,6.885710295924456
3657,5.372851848602295,5.0,5.0,5.0,5.0,5.0,5.0
3658,7.358090877532959,7.0,5.0,5.0,5.623884751944768,6.010375075152911,6.169468565440889
3659,4.8373332023620605,5.0,5.0,5.0,5.0,5.0,5.1
3660,5.3485517501831055,5.0,5.0,5.0,5.0,5.0,5.6777807052660805
3661,4.872052192687988,5.0,5.0,5.0,5.0,5.0,5.0795880017344075
3662,6.542566776275635,9.167491087293763,5.0,5.42021640338319,6.657577319177793,7.1249387366083,7.481486060122112
3663,5.083890914916992,5.0,5.0,5.0,5.0,5.0,5.119382002601611
3664,6.888077259063721,8.853871964321762,5.0,5.287967737291256,7.461462975529174,8.170234422669175,8.401017899130922
3665,6.301257133483887,5.958607314841775,5.9901019303030605,6.591647408166742,7.128788772280643,7.208036362993901,7.287283953707157
3666,6.273650646209717,7.200659450546418,5.0,5.0,6.278328604148765,7.086992643672552,7.7605410118764535
3667,4.804568767547607,5.0,5.0,5.0,5.097170173104912,5.229849699277086,5.693936665414687
3668,5.504983425140381,5.0,5.0,5.0,5.0,5.03236876304957,5.148780806775779
3669,4.855828762054443,5.0,5.0,5.0,5.0,5.0,5.0
3670,5.783263206481934,5.0,5.0,5.0,5.0,5.0,5.0
3671,5.130894184112549,5.0,5.0,5.0,5.0,5.093971785205677,5.226292647534192
3672,6.426621913909912,5.619788758288394,5.0,5.0,5.708512583073295,6.456685660619315,8.053554394051933
3673,5.940218448638916,6.00436480540245,5.0,5.0,5.0,5.0,5.920818753952375
3674,5.4482574462890625,5.958607314841775,5.0,5.0,5.210108201691595,5.42021640338319,5.5707314012151805
3675,5.7022223472595215,5.0,5.0,5.0,5.335556141053215,6.342224564212866,7.434122917496055
3676,5.704717636108398,5.920818753952375,5.0,5.42021640338319,6.657577319177793,7.1249387366083,7.481486060122112
3677,5.841763973236084,5.0,5.0,5.0,5.0,5.0,5.0
3678,6.281544208526611,5.050609993355087,5.0,5.0,5.192973858767064,5.328501281388417,6.025031859678254
3679,6.109968185424805,5.0,5.0,5.0,5.0,5.371873254973037,5.760661765532939
3680,5.746809482574463,5.657577319177793,5.0,5.0,5.708512583073295,6.456685660619315,8.053554394051933
3681,5.3078227043151855,5.0,5.0,5.0,5.0,5.139140157839338,5.395587282774788
3682,5.6075873374938965,5.0,5.0,5.0,5.708512583073295,6.456685660619315,8.053554394051933
3683,5.232553482055664,5.0,5.0,5.0,5.346395015176065,5.658146007804834,6.182811806226959
3684,4.95023775100708,5.0,5.0,5.0,5.26935749724493,6.077429988979726,6.5496212774634985
3685,6.250041484832764,5.0,5.0,5.886056647693163,6.411483315576424,6.812020239627062,7.869565169179853
3686,6.889400005340576,7.0,5.0,6.054231271163718,7.256077439944282,8.1249387366083,8.627853508438662
3687,5.392331123352051,6.00436480540245,5.0,5.0,5.0,5.0,5.920818753952375
3688,6.513831615447998,9.173925197299173,5.0,6.481486060122113,7.734530109732988,8.275008751784874,8.346813140313207
3689,4.834218978881836,5.0,5.0,5.0,5.0,5.0,5.0
3690,5.171439170837402,5.0,5.0,5.0,5.0,5.0,5.0
3691,4.810035228729248,5.0,5.0,5.0,5.0,5.0,5.0
3692,7.0064697265625,6.886056647693163,5.0,5.769551078621726,7.002632177292251,7.840628610219042,8.59864862673098
3693,5.486965656280518,5.0,5.0,5.0,5.856464859428565,6.2960837014903515,6.823603534477858
3694,6.111312389373779,6.508638306165727,5.0,5.0,5.0,5.0,5.638272163982407
3695,5.891891956329346,6.200659450546418,5.0,5.0,5.0,5.093971785205677,5.226292647534192
3696,4.906871318817139,5.0,5.0,5.0,5.0,5.0,5.42166897466197
3697,5.184620380401611,5.0,5.0,5.0,5.0,5.016383443071563,5.298347314555982
3698,5.452734470367432,6.376750709602099,5.0,5.734260541478872,6.763144123905442,7.191911180327464,7.651523988147662
3699,5.138273239135742,5.0,5.0,5.0,5.6869396686154365,6.036964173972116,6.7003820015986735
3700,4.9785027503967285,5.0,5.0,5.0,5.0,5.0,5.0
3701,4.619741439819336,5.0,5.0,5.0,5.0,5.259078965559803,6.099531988906442
3702,5.065402030944824,5.0,5.0,5.0,5.0,5.0,5.0
3703,5.319583415985107,5.0,5.0,5.0,5.8287368785571365,5.96832750158095,6.4859366274865184
3704,5.237310409545898,5.0,5.0,5.0,5.003621217265445,5.125582227794969,5.320642433508986
3705,5.548856258392334,5.886056647693163,5.0,5.0,5.823908740944319,5.958607314841775,6.619788758288394
3706,4.912733554840088,5.0,5.0,5.0,5.0,5.0,5.0
3707,5.884099960327148,5.0,5.0,5.0,5.0,5.0,5.305182983699436
3708,4.741720199584961,5.0,5.0,5.0,5.0,5.0,5.0
3709,6.0030741691589355,5.769551078621726,5.0,6.1531365255381765,6.499796115887473,6.650291819404307,6.885710295924456
3710,5.158383846282959,5.0,5.0,5.0,5.0,5.0,5.0
3711,5.320497035980225,5.0,5.0,5.18837535480105,6.7396216559868245,6.886056647693163,7.169199170261093
3712,4.630380630493164,5.0,5.0,5.0,5.0,5.0,5.0
3713,5.984694957733154,8.42021640338319,5.0,5.0,5.446836496938015,5.7447274948966935,5.82193565197116
3714,6.018491268157959,5.443697499232712,5.0,5.0,5.0,5.0,5.186847479451571
3715,5.472945690155029,5.0,5.0,5.0,5.0,5.0,5.0
3716,5.75327205657959,6.376750709602099,5.0,5.0,5.2543191530828635,5.508638306165727,5.56421353222706
3717,5.89394998550415,5.0,5.0,5.0,5.0,5.0,5.305182983699436
3718,5.485784530639648,6.5376020021010435,5.0,5.0,5.0,5.0,5.0
3719,5.027281761169434,5.0,5.0,5.0,5.0,5.0,5.12757241303992
3720,5.6785054206848145,5.0,5.0,5.0,5.0,5.0,5.255144826079842
3721,5.001118183135986,5.0,5.0,5.0,5.0,5.0,5.0
3722,5.137131214141846,5.0,5.0,5.0,5.252129842029914,5.652129842029915,6.159176003468815
3723,6.600903034210205,6.468521082957745,5.0,5.0,5.0,5.507042496070813,6.274290991274421
3724,5.243551254272461,5.0,5.0,5.06246936830415,5.20446769648675,5.2839966563652006,5.389423339022647
3725,5.242851734161377,5.0,5.0,5.0,5.345438620746404,5.564820623348016,5.830865318178036
3726,5.753729343414307,6.494850021680094,5.0,5.06246936830415,5.20446769648675,5.2839966563652006,5.389423339022647
3727,5.155218601226807,5.0,5.0,5.0,5.0,5.0,6.07116140690399
3728,5.142190456390381,5.0,5.0,5.0,5.003621217265445,5.088723738510172,5.694820453954792
3729,6.177951335906982,5.0,5.6936512982466265,6.821318484692428,7.295062717774298,7.354829414764048,7.459720859977528
3730,5.94659948348999,5.0,5.0,5.0,5.0,5.0,5.3872161432802645
3731,5.33622407913208,5.0,5.0,5.0,5.522878745280337,6.2441251443275085,8.05551732784983
3732,5.358901500701904,5.0,5.0,5.0,5.765188503875645,6.337734009539242,7.555434863764585
3733,5.190544605255127,6.508638306165727,5.0,5.0,5.117005330405836,5.468021321623346,6.748955999889548
3734,5.6391282081604,5.0,5.0,5.0,5.0,5.012096149476276,5.089111421265709
3735,5.380006313323975,7.301029995663981,5.142618929405526,5.356547323513812,6.088763051451145,6.454870915419811,6.8209787793884775
3736,7.45056676864624,7.173925197299173,5.6936512982466265,6.821318484692428,7.295062717774298,7.354829414764048,7.459720859977528
3737,5.336189270019531,6.431798275933005,5.0,5.0,5.0,5.0,5.0
3738,4.928369045257568,5.0,5.0,5.0,5.0,5.0,5.0
3739,5.21351957321167,5.0,5.0,5.0,5.761091082236913,6.416153306250301,7.328727082090541
3740,6.308314323425293,7.795880017344075,5.0,5.287967737291256,7.461462975529174,8.170234422669175,8.401017899130922
3741,5.3499932289123535,5.522878745280337,5.0,5.0,5.329878389978372,5.420171791158,5.575313958251336
3742,5.141671657562256,5.0,5.0,5.0,5.0,5.0,5.0
3743,5.23390531539917,5.0,5.0,5.0,5.958607314841775,6.070581074285707,6.113509274827518
3744,4.7708234786987305,5.6020599913279625,5.0,5.0,5.0,5.0,5.12757241303992
3745,5.016340255737305,5.0,5.0,5.0,5.0,5.0,5.0
3746,5.903526306152344,5.0,5.0,5.6777807052660805,6.845389193153565,7.339521244880396,8.032755032589993
3747,5.643979072570801,5.958607314841775,5.0,5.0,5.0,6.366531544420414,8.494850021680094
3748,6.216838359832764,6.055517327849832,5.0,5.0,5.1916350977420995,5.494997974617254,5.904956590427026
3749,5.019938945770264,5.958607314841775,5.0,5.227965977824862,5.529434997455911,5.5376020021010435,5.642138395778679
3750,6.319640636444092,8.721246399047171,5.0,5.614942352606449,7.844835868359313,8.098999141397796,9.13106355737751
3751,5.962182521820068,5.0,5.0,5.0,5.0,5.0,5.3872161432802645
3752,5.046469688415527,5.0,5.0,5.0,5.090836138293877,5.342313722939064,5.714610867233399
3753,5.350618839263916,5.0,5.0,5.0,5.920818753952375,6.356547323513812,6.455931955649724
3754,4.9445929527282715,5.0,5.0,5.0,5.0,5.0,5.0
3755,5.276928424835205,6.698970004336019,5.0,5.0,5.0,5.0,5.0
3756,5.979629039764404,6.236572006437063,5.0,5.0,5.329878389978372,5.420171791158,5.575313958251336
3757,5.261993408203125,5.229147988357856,5.0,5.0,5.717948779044448,6.154656928386707,6.8675683249985315
3758,5.833897113800049,5.1249387366083,5.0,5.0,5.0,5.0,5.008864383480216
3759,5.603837490081787,5.823908740944319,5.0,5.0,5.0,5.148945498979339,5.832233621235863
3760,5.927545070648193,7.481486060122112,5.0,5.0,5.823908740944319,5.958607314841775,6.619788758288394
3761,4.6992268562316895,5.0,5.0,5.0,5.468521082957745,6.167491087293763,6.920818753952375
3762,4.934693813323975,5.0,5.0,5.011138197355576,5.888215363036752,6.241208065863358,6.365039369692465
3763,5.783263206481934,5.0,5.0,5.0,5.0,5.0,5.0
3764,4.826480388641357,5.0,5.0,5.0,5.0,5.0,5.1
3765,4.658583164215088,5.0,5.0,5.0,5.0,5.247314401287413,5.741943203862238
3766,4.717275142669678,5.0,5.0,5.0,5.0,5.083043324200698,5.371461077681457
3767,6.223776340484619,6.236572006437063,5.0,5.0,5.210108201691595,5.42021640338319,5.5707314012151805
3768,7.11916446685791,5.619788758288394,5.0,5.547102059816066,5.779545458967391,5.920818753952375,6.67630851494269
3769,4.857940196990967,5.0,5.0,5.0,5.0,5.0,5.288498559618869
3770,5.93567419052124,7.6777807052660805,5.0,5.0,5.468521082957745,6.167491087293763,6.920818753952375
3771,6.104495048522949,5.0,5.0,5.928180382362728,6.772577569995745,7.568636235841013,8.324875990832918
3772,5.37503719329834,6.619788758288394,5.0,5.0,5.1654344782395265,5.406258474770712,5.695764207919511
3773,4.807958126068115,5.0,5.0,5.0,5.0,5.033310396709899,6.016753322646608
3774,6.176525592803955,10.207608310501746,5.0,5.42021640338319,6.657577319177793,7.1249387366083,7.481486060122112
3775,5.177069187164307,5.0,5.0,5.0,5.117005330405836,5.468021321623346,6.748955999889548
3776,5.880614280700684,7.154901959985743,5.142618929405526,5.356547323513812,6.088763051451145,6.454870915419811,6.8209787793884775
3777,5.481795787811279,5.180456064458132,5.0,5.346787486224656,6.443697499232712,7.1938200260161125,7.920818753952375
3778,5.071479797363281,5.0,5.0,5.0,5.112251986014286,5.333388773477399,5.569928007722705
3779,5.0975260734558105,5.823908740944319,5.0,5.0,5.446836496938015,5.7447274948966935,5.82193565197116
3780,5.694864749908447,5.0,5.0,5.0,5.261960783994296,6.04784313597719,6.88377334994157
3781,5.723030090332031,5.0,5.0,5.0,5.0,5.576997119237737,5.915076914552607
3782,5.068246364593506,6.2441251443275085,5.0,5.0,5.0,5.0,5.4604093769761874
3783,4.905995845794678,5.0,5.0,5.0,5.0,5.0,5.0795880017344075
3784,4.848887920379639,5.0,5.0,5.0,5.0,5.0,5.342800251070619
3785,8.1477689743042,9.366531544420413,5.0,5.769551078621726,7.002632177292251,7.840628610219042,8.59864862673098
3786,5.779432773590088,5.229147988357856,5.0,5.0,5.0,5.0,6.052177559189752
3787,5.375926494598389,5.0,5.0,5.0,5.769551078621726,7.5376020021010435,7.585026652029182
3788,5.346168041229248,5.0,5.0,5.0,5.0,5.0,6.07116140690399
3789,4.932729721069336,5.0,5.00261888324147,5.429118384862106,5.882751518246458,5.969390180020549,6.056028841794641
3790,5.602672576904297,5.0,5.0,5.0,5.0,5.0,5.864737526099142
3791,5.457091808319092,6.045757490560675,5.0,5.0,5.003621217265445,5.088723738510172,5.694820453954792
3792,5.106811046600342,5.0,5.0,5.0,5.0,5.0,6.142667503568731
3793,4.973724842071533,5.0,5.0,5.0,5.0,5.0,5.129818655252878
3794,5.11572790145874,5.0,5.0,5.0,5.761091082236913,6.416153306250301,7.328727082090541
3795,6.9514479637146,5.161150909262744,5.0,5.0,5.481647993062369,5.786415255761733,6.111946779547825
3796,5.10831356048584,5.0,5.0,5.0,5.0,5.0,5.0
3797,5.803436756134033,5.356547323513812,5.0,5.0,5.0,5.16056374410622,5.992661405874745
3798,5.861326217651367,6.2076083105017466,5.0,5.0,5.0,5.0,5.045403709931007
3799,5.391513347625732,5.0,5.0,5.465907069126919,6.809959463326123,7.481647993062371,7.70932775827525
3800,6.509517192840576,5.0,5.0,5.0,5.0,6.366531544420414,8.494850021680094
3801,5.574428081512451,5.468521082957745,5.0,5.0,5.003621217265445,5.088723738510172,5.694820453954792
3802,5.2670159339904785,5.0,5.6333103967098985,6.454694646085796,6.916633373901797,7.104917602641903,7.2932018313820075
3803,5.815726280212402,5.0,5.0,5.287967737291256,7.461462975529174,8.170234422669175,8.401017899130922
3804,4.506654262542725,5.0,5.0,5.0,5.0,5.0,5.0
3805,4.856444835662842,5.0,5.0,5.0,5.0,5.0,5.288498559618869
3806,5.565006732940674,5.0,5.0,5.42021640338319,6.657577319177793,7.1249387366083,7.481486060122112
3807,4.952824115753174,5.0,5.0,5.0,5.0,5.0,5.288498559618869
3808,5.485784530639648,5.769551078621726,5.0,5.0,5.0,5.0,5.0
3809,5.603396892547607,5.0,5.0,5.0,5.519066146175629,5.670701335829286,5.787170498505568
3810,5.0443806648254395,5.0,5.0,5.0,5.0,5.0,5.0
3811,4.860610485076904,5.0,5.0,5.0,5.336173122706551,5.502471299162677,5.940909367734202
3812,5.490382671356201,5.886056647693163,5.0,5.0,5.823908740944319,5.958607314841775,6.619788758288394
3813,5.597209453582764,5.0,5.0,5.0,5.0,5.0,5.0
3814,5.616291522979736,5.0,5.0,5.074370825640463,5.6777807052660805,5.93394602718122,7.162746583357596
3815,6.190159797668457,5.0,5.0,5.287967737291256,7.461462975529174,8.170234422669175,8.401017899130922
3816,4.978794097900391,5.0,5.0,5.0,5.0,5.0,5.119382002601611
3817,5.657834053039551,8.67778070526608,5.0,5.0,5.086359655186601,5.345438620746404,6.887311395274088
3818,5.155947685241699,5.0,5.0,5.0,5.0,5.148945498979339,5.832233621235863
3819,5.993494033813477,5.0,5.0,5.0,5.0,5.0,5.0
3820,5.350501537322998,5.0,5.0,5.0,5.101727661233145,5.717368524130526,6.277112444960014
3821,4.716855525970459,5.0,5.0,5.0,5.1604035918505,5.622826716909309,6.0898160921468385
3822,5.1439666748046875,5.0,5.0,5.0,5.5376020021010435,5.721246399047171,6.026872146400302
3823,5.0637946128845215,5.0,5.0,5.0,5.832079254105832,6.155946574837715,6.577685037796933
3824,4.815341949462891,5.0,5.0,5.0,5.0,5.0,5.0
3825,5.320744514465332,5.0,5.0,5.0,5.481647993062369,5.786415255761733,6.111946779547825
3826,5.628088474273682,5.0,5.0,5.0,5.7162920156096675,6.038747677265481,6.6638798638515
3827,5.141842365264893,5.0,5.0,5.0,5.0,5.210121998671017,5.630365996013053
3828,5.166342258453369,5.0,5.0,5.0,5.0,5.0,5.0
3829,6.151901721954346,5.0,5.0,5.0,5.509691001300805,6.858146007804834,7.63075221594426
3830,4.9880876541137695,5.0,5.0,5.0,5.0,5.0,5.0
3831,5.437981128692627,5.0,5.0,5.0,5.491206246861287,6.546096010217774,8.248901276889617
3832,6.048789978027344,6.040958607678906,5.0,5.0,5.230865323586517,5.820867764665735,6.715554367524456
3833,5.269721508026123,5.0,5.0,5.261439372640169,5.9076542845912,6.292429823902063,7.125518569371919
3834,5.118794918060303,5.0,5.0,5.0,5.0,5.0,5.0
3835,5.780093669891357,5.0,5.0,5.0,5.0,5.0,5.0
3836,5.377837657928467,5.0,5.378913216807529,5.958607314841775,6.717273000560288,6.850382250330102,7.853112668883502
3837,5.340402603149414,5.0,5.0,5.0,5.708512583073295,6.456685660619315,8.053554394051933
3838,5.714301586151123,6.096910013008056,5.0,5.0,5.342883161099869,5.813915343413893,5.936172597251873
3839,6.347374439239502,5.0,5.0,5.0,5.075720713938118,6.214670164989233,6.327902142064283
3840,4.727307319641113,5.0,5.0,5.0,5.0,5.0,5.0
3841,6.314751148223877,6.886056647693163,5.0,5.032750774378217,5.696834746491283,6.468685246554372,6.673751488085751
3842,5.044888973236084,5.0,5.0,5.0,5.0,5.0,5.377211329538633
3843,4.992449760437012,5.0,5.0,5.0,5.481515245560481,5.850820228732402,6.0963131810635645
3844,4.955422878265381,5.0,5.0,5.0,5.951015991217508,6.669367998155139,6.845855511987395
3845,5.673003673553467,5.0,5.0,5.0,5.0,5.0,7.440487994684071
3846,6.247468948364258,6.920818753952375,5.0,5.0,5.230865323586517,5.820867764665735,6.715554367524456
3847,4.879586696624756,5.0,5.0,5.0,5.0,5.0,6.015040800840419
3848,5.607133388519287,5.958607314841775,5.015144142787624,5.6777807052660805,6.359508994354129,6.896667784042121,7.4288753542995805
3849,5.263017177581787,5.0,5.0,5.0,6.081359291354222,6.4035294254543444,6.620538427799027
3850,5.232117176055908,5.0,5.0,5.42021640338319,6.657577319177793,7.1249387366083,7.481486060122112
3851,4.829767227172852,6.130768280269024,5.0,5.0,5.0,5.0,5.0795880017344075
3852,5.356561183929443,5.0,5.0,5.260284331401132,5.936842114697192,6.212300767287724,7.029730760384687
3853,5.202179431915283,6.657577319177793,5.0,5.0,5.717948779044448,6.154656928386707,6.8675683249985315
3854,5.390574932098389,5.130768280269024,5.0,5.0,5.336173122706551,5.502471299162677,5.940909367734202
3855,5.330250263214111,5.0,5.0,5.734260541478872,6.763144123905442,7.191911180327464,7.651523988147662
3856,6.643593788146973,6.468521082957745,5.0,5.42021640338319,6.657577319177793,7.1249387366083,7.481486060122112
3857,4.778270244598389,5.0,5.0,5.0,5.0,5.0,5.0
3858,4.9872870445251465,5.0,5.0,5.0,5.8287368785571365,5.96832750158095,6.4859366274865184
3859,6.947415828704834,6.886056647693163,5.045829597671571,5.568636235841013,7.83670401387526,7.959176003468815,8.440949163483824
3860,4.912098407745361,5.0,5.0,5.0,5.0,5.0,5.204575749056067
3861,5.216532230377197,5.0,5.0,5.0,5.0,5.7510871837962805,6.699686629564667
3862,5.7006001472473145,5.0,5.0,5.0,5.698970004336019,6.119186407719209,6.568636235841013
3863,5.9040141105651855,5.0,5.0,5.287967737291256,7.461462975529174,8.170234422669175,8.401017899130922
3864,5.373953342437744,5.0,5.0,5.0,5.6869396686154365,6.036964173972116,6.7003820015986735
3865,6.632960796356201,7.346787486224656,5.0,5.42021640338319,6.657577319177793,7.1249387366083,7.481486060122112
3866,5.200606822967529,5.0,5.0,5.0,5.0,5.203455322466291,5.620010954683868
3867,4.843927383422852,5.0,5.0,5.0,5.0,5.05679933127304,5.4839966563652
3868,5.537550449371338,5.0,5.0,5.18837535480105,6.30571692463636,6.7661930404308706,7.007023843501842
3869,4.879890441894531,5.0,5.0,5.0,6.081359291354222,6.4035294254543444,6.620538427799027
3870,4.840109348297119,5.0,5.0,5.0,5.0,5.0,5.305182983699436
3871,5.677136421203613,5.0,5.0,5.30033623392066,6.271896009882983,6.480994761799621,8.877103382651214
3872,4.705106735229492,8.853871964321762,5.0,5.0,5.0,5.0,5.0
3873,4.917700290679932,5.0,5.0,5.0,5.0,5.0,5.583745543646882
3874,5.051092624664307,5.0,5.0,5.0,5.0,5.210121998671017,5.630365996013053
3875,5.139862537384033,5.638272163982407,5.0,5.0,5.0,5.0,5.668744396507356
3876,4.983052730560303,5.0,5.0,5.0,5.0,5.0,5.603455322466291
3877,5.254303455352783,5.0,5.0,5.0,5.6869396686154365,6.036964173972116,6.7003820015986735
3878,6.919677734375,9.244125144327509,5.0,5.0,5.0,5.0,5.0
3879,5.272799968719482,7.119186407719209,5.0,5.0,5.0,5.0,5.904700876731446
3880,4.783499240875244,5.0,5.0,5.0,5.0,5.0,5.0
3881,5.116105556488037,5.0,5.0,5.0,5.486379853908173,6.0343342855371045,6.377990700976252
3882,5.374281406402588,5.0,5.0,5.0,5.0,5.0,5.0
3883,4.878012180328369,5.0,5.0,5.0,5.0,5.0,5.955056020812891
3884,5.621517658233643,5.455931955649724,5.0,5.0,5.160563744106219,5.440151745840627,5.855473215493237
3885,7.002169132232666,7.221848749616356,5.045829597671571,5.568636235841013,7.83670401387526,7.959176003468815,8.440949163483824
3886,5.870797634124756,7.7447274948966935,5.0,5.0,5.0,5.0,5.0
3887,5.780093669891357,5.0,5.0,5.0,5.0,5.0,5.0
3888,5.106565952301025,5.0,5.0,5.0,5.0,5.0,5.904700876731446
3889,5.531506061553955,6.494850021680094,5.0,5.547102059816066,5.779545458967391,5.920818753952375,6.67630851494269
3890,5.23410177230835,5.0,5.0,5.0,5.0,5.0,5.07535014192042
3891,6.129083156585693,6.136677139879544,5.0,5.287967737291256,7.461462975529174,8.170234422669175,8.401017899130922
3892,5.556301116943359,5.0,5.0,5.0,5.0,5.0,5.0
3893,4.689779758453369,5.0,5.0,5.0,5.0,5.0,5.0
3894,5.280210018157959,5.0,5.0,5.0,5.0,5.0,5.0
3895,5.423806190490723,5.0,5.0,5.0,5.142618929405524,5.5753667688338275,6.54003127572679
3896,5.192432403564453,5.0,5.0,5.0,5.0,5.508638306165727,6.451544993495972
3897,5.2411627769470215,5.0,5.0,5.0,5.0,5.371873254973036,6.369608053117638
3898,4.732178688049316,5.0,5.0,5.0,5.0,5.0,5.348494528952238
3899,5.876163482666016,5.0,5.0,5.30033623392066,6.271896009882983,6.480994761799621,8.877103382651214
3900,6.09216833114624,6.920818753952375,5.0,5.928180382362728,6.772577569995745,7.568636235841013,8.324875990832918
3901,5.30493688583374,5.0,5.0,5.0,5.0,5.0,5.0
3902,4.820594310760498,5.0,5.0,5.0,5.0,5.0,5.60806164392009
3903,5.261284828186035,5.0,5.0,5.0,5.0,5.0,5.0
3904,4.869797229766846,5.0,5.0,5.0,5.0,5.0,5.0
3905,4.7666707038879395,5.0,5.0,5.0,5.0,5.0,5.0
3906,5.501741886138916,6.031517051446065,5.0,5.0,5.0,5.0,5.0
3907,5.769839763641357,6.853871964321762,5.0,5.0,5.0,6.318758762624412,6.5376020021010435
3908,5.982247352600098,6.795880017344075,5.0,5.0,5.0,5.0802637802185675,5.370649559108152
3909,7.0755085945129395,5.958607314841775,5.0,5.0,5.708512583073295,6.456685660619315,8.053554394051933
3910,5.319366931915283,5.0,5.0,5.0,5.623884751944768,6.010375075152911,6.169468565440889
3911,5.867390155792236,5.0,5.0,6.481486060122113,7.734530109732988,8.275008751784874,8.346813140313207
3912,6.158946990966797,5.0,5.0,5.0,5.0,5.0,5.0
3913,5.76489782333374,5.508638306165727,5.0,5.011138197355576,5.888215363036752,6.241208065863358,6.365039369692465
3914,5.338537693023682,5.0,5.0,5.0,5.0,5.0,5.3191360819912035
3915,5.548876762390137,5.585026652029182,5.206303410289213,6.721246399047171,6.920941467630807,7.025595927443738,7.175003442918692
3916,5.241084575653076,5.0,5.0,5.0,5.20345532246629,5.305182983699437,5.406910644932582
3917,5.546481132507324,5.0,5.0,5.0,5.738738546094465,6.547883699278268,7.436625011876349
3918,4.82784366607666,5.0,5.0,5.0,5.0,5.093971785205677,5.226292647534192
3919,5.642378330230713,7.142667503568731,5.0,5.42021640338319,6.793384992580273,7.137875212617382,7.140271358093056
3920,5.554628849029541,5.0,5.0,5.0,5.159379381312206,5.318758762624412,5.988168040901103
3921,4.902222156524658,7.318758762624412,5.0,5.0,5.0,5.0,5.0
3922,5.21373176574707,5.0,5.0,5.0,5.0,5.0,5.920818753952375
3923,5.863012790679932,5.0,5.0,5.769551078621726,7.002632177292251,7.840628610219042,8.59864862673098
3924,5.0707268714904785,5.0,5.0,5.0,5.0,5.327902142064283,6.2076083105017466
3925,5.314150333404541,5.0,5.0,5.0,5.6869396686154365,6.036964173972116,6.7003820015986735
3926,5.158383846282959,5.0,5.0,5.0,5.0,5.0,5.0
3927,6.511166572570801,5.657577319177793,5.0,5.0,5.0,5.0,5.0
3928,5.197576522827148,6.552841968657781,5.0,5.0,5.717948779044448,6.154656928386707,6.8675683249985315
3929,4.976416110992432,5.0,5.0,5.0,5.446836496938015,5.7447274948966935,5.82193565197116
3930,6.024691104888916,7.0,5.0,5.0,5.0638272163982405,5.255308865592963,5.4467905147876845
3931,6.254951000213623,6.795880017344075,5.0,5.0,5.708512583073295,6.456685660619315,8.053554394051933
3932,4.60874605178833,5.0,5.0,5.0,5.0,5.0,5.0
3933,5.72302770614624,5.0,5.0,5.0,5.623884751944768,6.010375075152911,6.169468565440889
3934,5.295291423797607,5.0,5.0,5.0,5.0869625986495866,5.173925197299173,5.265236260406493
3935,4.857423305511475,5.0,5.0,5.0,5.0,5.0,5.288498559618869
3936,5.1389055252075195,5.0,5.0,5.0,5.0,5.0,5.009691001300806
3937,5.104455947875977,5.0,5.0,5.0,5.0,5.0,5.0
3938,5.265130043029785,5.431798275933005,5.0,5.0,5.0,5.0,5.70446769648675
3939,4.858096122741699,5.0,5.0,5.0,5.0,5.0,5.0795880017344075
3940,5.007279872894287,5.0,5.0,5.0,5.0,5.0,5.119382002601611
3941,5.422695159912109,5.0,5.0,5.0,5.0,5.51359866254608,6.637319323763178
3942,6.89989709854126,9.017728766960431,5.0,5.614942352606449,7.844835868359313,8.098999141397796,9.13106355737751
3943,5.470003604888916,5.0,5.0,5.0,5.7162920156096675,6.038747677265481,6.6638798638515
3944,5.982118129730225,6.638272163982407,5.0,5.42021640338319,6.657577319177793,7.1249387366083,7.481486060122112
3945,5.131721019744873,5.0,5.0,5.0,5.0,5.0,5.0
3946,5.337689399719238,5.075720713938118,5.0,5.0,5.0,5.0,5.3014005676816796
3947,5.334887981414795,5.0,5.0,5.0,5.201449578395039,6.139488794400743,6.543303570590206
3948,6.468383312225342,6.958607314841775,5.0,5.42021640338319,6.657577319177793,7.1249387366083,7.481486060122112
3949,6.908542633056641,7.251811972993799,5.0,5.0,5.0,5.0,5.0
3950,5.290825366973877,5.7447274948966935,5.0,5.0,5.0,5.0,5.552841968657781
3951,5.629184722900391,7.958607314841775,5.0,6.481486060122113,7.734530109732988,8.275008751784874,8.346813140313207
3952,6.8090057373046875,6.136677139879544,5.0,5.0,5.230865323586517,5.820867764665735,6.715554367524456
3953,7.396054744720459,7.698970004336019,5.0,5.0,5.1916350977420995,5.494997974617254,5.904956590427026
3954,5.6605305671691895,5.0,5.0,5.0,5.0638272163982405,5.255308865592963,5.4467905147876845
3955,5.983065128326416,5.0,5.0,5.928180382362728,6.772577569995745,7.568636235841013,8.324875990832918
3956,4.910894870758057,5.0,5.0,5.0,5.0,5.0,5.0795880017344075
3957,5.044203758239746,5.0,5.0,5.0,5.0,5.0,5.0
3958,4.7392120361328125,5.0,5.0,5.0,5.0,5.0,5.0
3959,5.207399368286133,5.6020599913279625,5.0,5.0,5.0,5.494850021680094,5.698970004336019
3960,5.075439453125,5.0,5.0,5.0,5.0,5.0,5.634010660811674
3961,5.218780040740967,5.0,5.0,5.328788659588897,5.885292569477766,6.015710880738921,6.572000504422791
3962,5.091926097869873,5.0,5.0,5.0,5.0201454878767855,5.7447274948966935,6.035290537142854
3963,5.0218377113342285,5.0,5.0,5.0,5.0,5.0,5.920818753952375
3964,5.3089141845703125,6.568636235841013,5.0,5.0,5.0,5.0,5.0
3965,5.312152862548828,5.0,5.0,5.0,5.6,6.671112282106433,7.686473844022299
3966,5.17487907409668,5.0,5.0,5.0,5.0,5.0,5.0
3967,5.117481231689453,5.0,5.0,5.0,5.0,5.0,5.255144826079842
3968,5.025918006896973,5.0,5.0,5.0,5.0,5.0,5.045403709931007
3969,5.228264331817627,5.0,5.0,5.0,5.0,5.0,5.622062572163754
3970,5.394608020782471,5.0,5.0,5.0,5.0,5.0,5.701172650495527
3971,4.887833595275879,5.0,5.0,5.122062572163754,5.770689473640969,5.900566781122885,5.985661382193382
3972,5.545617580413818,5.0,5.0,5.122062572163754,5.770689473640969,5.900566781122885,5.985661382193382
3973,4.980465888977051,5.0,5.0,5.0,5.0,5.0,5.0
3974,4.762838363647461,5.0,5.0,5.0,5.0,5.0916591953431425,5.269678045872886
3975,5.302445888519287,5.275724130399211,5.0,5.0,5.698970004336019,6.119186407719209,6.568636235841013
3976,6.195681095123291,7.853871964321762,5.0,5.0,5.8327668861431246,6.519126541329726,7.4754624086313655
3977,4.9494948387146,5.0,5.0,5.261439372640169,5.9076542845912,6.292429823902063,7.125518569371919
3978,5.574227809906006,5.0,5.0,5.0,6.068377979021429,6.7791897757223625,7.668920260392717
3979,6.626829624176025,6.6020599913279625,5.6936512982466265,6.821318484692428,7.295062717774298,7.354829414764048,7.459720859977528
3980,6.133677005767822,6.4089353929735005,5.0,5.0,5.717273000560288,6.048978181754958,6.7870173977606605
3981,5.1478271484375,5.0,5.0,5.0,5.0,5.0,5.204575749056067
3982,5.5480170249938965,6.1938200260161125,5.0,5.42021640338319,6.657577319177793,7.1249387366083,7.481486060122112
3983,6.097836017608643,6.769551078621726,5.0,5.698970004336019,7.251811972993799,7.301029995663981,7.301029995663981
3984,5.6974639892578125,5.0,5.0,5.0,5.0,6.366531544420414,8.494850021680094
3985,7.053890705108643,7.769551078621726,5.0,5.287967737291256,7.461462975529174,8.170234422669175,8.401017899130922
3986,4.910982608795166,8.2839966563652,5.0,5.0,5.7366550031619,6.053660333567737,6.31934349279846
3987,5.015278339385986,5.0,5.0,5.0,5.0,6.318758762624412,6.5376020021010435
3988,5.487189769744873,5.0,5.0,5.30033623392066,6.271896009882983,6.480994761799621,8.877103382651214
3989,6.046501636505127,5.7447274948966935,5.0,5.287967737291256,7.461462975529174,8.170234422669175,8.401017899130922
3990,4.691991329193115,5.0,5.0,5.0,5.0,5.0,5.0
3991,5.5304856300354,5.0,5.0,5.0,5.0,5.0,5.3014005676816796
3992,5.208847522735596,5.0,5.0,5.0,5.0,5.279588001734408,6.594799162246874
3993,4.909999847412109,5.0,5.0,5.0,5.20345532246629,5.305182983699437,5.406910644932582
3994,4.939821243286133,7.508638306165727,5.206303410289213,6.721246399047171,6.920941467630807,7.025595927443738,7.175003442918692
3995,5.897254943847656,7.886056647693163,5.0,5.372363747448347,6.566292336749683,6.899319376099946,7.31858214935268
3996,4.780001163482666,5.0,5.0,5.0,5.0,5.0,5.0
3997,5.1028876304626465,5.0,5.00261888324147,5.429118384862106,5.882751518246458,5.969390180020549,6.056028841794641
3998,5.707361221313477,5.0,5.0,5.0,5.0,5.0,5.0
3999,5.9806389808654785,5.0,5.0,5.0,5.0,5.0,5.0
4000,5.319868087768555,6.2839966563652006,5.0,5.0,5.0,5.0,5.920818753952375
4001,6.153863906860352,5.0,5.0,5.0,5.335556141053215,6.342224564212866,7.434122917496055
4002,5.352092266082764,5.0,5.0,5.0,5.210108201691595,5.42021640338319,5.5707314012151805
4003,7.395418167114258,8.2839966563652,5.6936512982466265,6.821318484692428,7.295062717774298,7.354829414764048,7.459720859977528
4004,5.542251110076904,5.0,5.0,5.0,5.0,5.0,5.288498559618869
4005,6.003468990325928,7.455931955649724,5.0,5.0,5.596490607097571,6.025706859412084,6.4526793486171155
4006,5.227025508880615,5.0,5.0,5.0,5.481647993062369,5.786415255761733,6.111946779547825
4007,4.932974338531494,5.0,5.0,5.0,5.0,5.0,5.335556141053217
4008,5.0956315994262695,5.0,5.0,5.0,5.0,5.552491252371425,6.7251911251650505
4009,5.0367865562438965,5.0,5.0,5.0,5.0,5.0,5.60806164392009
4010,5.111069679260254,5.0,5.0,5.0,5.008092190762393,5.555595640645169,6.751306992442353
4011,5.791707992553711,5.0,5.0,5.0,5.0,5.0,5.008864383480216
4012,4.977221965789795,5.0,5.0,5.0,5.0,5.0,5.0
4013,5.453237533569336,5.0,5.0,5.0,5.920818753952375,6.356547323513812,6.455931955649724
4014,5.63176965713501,5.0,5.0,5.0,5.0,5.0,6.052177559189752
4015,5.688150882720947,5.0,5.0,5.0,5.0,5.16056374410622,5.992661405874745
4016,5.157200813293457,5.0,5.0,5.0,5.576736118661023,5.901436751350764,6.360123729071389
4017,6.109450340270996,6.6777807052660805,5.0,5.0,5.761091082236913,6.416153306250301,7.328727082090541
4018,4.529789924621582,5.0,5.0,5.0,5.0,5.0,5.0
4019,5.3079304695129395,7.552841968657781,5.0,5.0,5.0,5.210121998671017,5.630365996013053
4020,5.990599155426025,5.0,5.0,5.886056647693163,6.411483315576424,6.812020239627062,7.869565169179853
4021,5.663390636444092,5.0,5.0,5.0,5.0,5.012096149476276,5.089111421265709
4022,4.89486026763916,5.0,5.0,5.0,5.7366550031619,6.053660333567737,6.31934349279846
4023,6.016631126403809,5.0,5.0,5.0,5.8287368785571365,5.96832750158095,6.4859366274865184
4024,4.679524898529053,5.0,5.0,5.0,5.0,5.012096149476276,5.089111421265709
4025,6.512084484100342,6.161150909262744,5.0,5.928180382362728,6.772577569995745,7.568636235841013,8.324875990832918
4026,5.986137866973877,5.346787486224656,5.0,5.0,5.0,5.0,5.346395015176066
4027,5.290169715881348,5.0,5.0,5.0,5.0,5.0,5.0
4028,5.864029407501221,5.0,5.0,5.0,5.0,5.177211329538633,5.531633988615898
4029,5.081439018249512,5.0,5.0,5.0,5.0,5.0,5.234010660811673
4030,6.136464595794678,6.468521082957745,5.0,5.455931955649724,5.7623113358060305,6.008024464539142,6.170518507620311
4031,6.063173294067383,7.568636235841013,5.0,5.0,5.192973858767064,5.328501281388417,6.025031859678254
4032,4.880439281463623,5.0,5.0,5.0,5.0,5.16056374410622,5.992661405874745
4033,5.73539924621582,7.267606240177032,5.0,5.0,5.090836138293877,5.342313722939064,5.714610867233399
4034,5.103942394256592,5.0,5.0,5.0,5.0,5.0,5.0
4035,5.206482410430908,5.0,5.0,5.0,5.0,5.0,5.0
4036,5.894363880157471,7.42021640338319,5.0,5.769551078621726,7.002632177292251,7.840628610219042,8.59864862673098
4037,4.7140374183654785,5.0,5.0,5.0,5.0,5.0,5.0
4038,5.791162014007568,5.6777807052660805,5.0,5.0,5.0,5.209151498112135,6.233185025054833
4039,5.823872089385986,7.346787486224656,5.0,5.42021640338319,6.657577319177793,7.1249387366083,7.481486060122112
4040,4.908121585845947,5.0,5.0,5.0,5.0,5.3707743928643525,6.112323178593057
4041,5.223143577575684,5.0,5.0,5.0,5.853660333567736,6.21269753761629,6.952842911422624
4042,5.5859904289245605,5.0,5.0,5.0,5.0,5.371873254973037,5.760661765532939
4043,5.089197635650635,5.0,5.206303410289213,6.721246399047171,6.920941467630807,7.025595927443738,7.175003442918692
4044,5.3036627769470215,5.0,5.0,5.0,5.823908740944319,5.958607314841775,6.619788758288394
4045,5.323827743530273,6.292429823902063,5.0,5.0,5.0,5.552491252371425,6.617810671064914
4046,6.0737786293029785,5.0,5.0,5.547102059816066,5.779545458967391,5.920818753952375,6.67630851494269
4047,4.760448932647705,5.0,5.0,5.0,5.0,5.0,5.0
4048,5.362473011016846,5.0,5.0,5.0,5.218302996224269,5.873211984897081,6.295732985203996
4049,4.874629497528076,5.0,5.0,5.0,5.0,5.0,5.0
4050,4.932683944702148,5.0,5.0,5.0,5.0,5.0,5.0
4051,5.1069254875183105,5.0,5.0,5.0,5.0,5.0,5.0
4052,6.265390396118164,7.142667503568731,5.0,5.287967737291256,7.461462975529174,8.170234422669175,8.401017899130922
4053,5.077803134918213,5.0,5.0,5.0,5.0,5.0,5.20144957839504
4054,5.305189609527588,5.0,5.0,5.0,5.230865323586517,5.820867764665735,6.715554367524456
4055,6.329075336456299,5.6777807052660805,5.0,5.0,5.708512583073295,6.456685660619315,8.053554394051933
4056,5.254899024963379,7.060480747381382,5.0,5.0,5.0,5.209151498112135,6.233185025054833
4057,4.765140056610107,5.0,5.0,5.0,5.0,5.0,5.0
4058,5.635948657989502,5.207608310501746,5.00261888324147,5.429118384862106,5.882751518246458,5.969390180020549,6.056028841794641
4059,4.952128887176514,5.0,5.0,5.0,5.0,5.0,5.0
4060,5.10416841506958,5.0,5.0,5.0,5.0,5.0,5.0
4061,5.088572025299072,5.0,5.0,5.0,5.0,5.0,5.035654732351381
4062,5.2322869300842285,5.070581074285707,5.0,5.0,5.832079254105832,6.155946574837715,6.577685037796933
4063,5.15112829208374,5.0,5.0,5.0,5.0,5.0,5.0
4064,5.0609612464904785,5.0,5.0,5.0,5.0,5.0,5.0
4065,5.186224937438965,5.0,5.0,5.0,5.0,5.0,5.09995098928664
4066,5.353463649749756,5.0,5.0,5.0,5.0,5.0,5.0
4067,5.491252899169922,5.7447274948966935,5.0,5.292429823902063,5.801396958063174,6.210789396402983,6.471963329792007
4068,5.847226619720459,5.0,5.0,5.42021640338319,6.657577319177793,7.1249387366083,7.481486060122112
4069,6.156453609466553,5.0,5.0,5.0,5.0,5.0,5.0
4070,6.0692338943481445,6.698970004336019,5.0,5.0,5.218302996224269,5.873211984897081,6.295732985203996
4071,5.6062188148498535,5.0,5.0,5.0,5.519066146175629,5.670701335829286,5.787170498505568
4072,5.677151679992676,5.301029995663981,5.0,5.0,5.0,5.371873254973037,5.760661765532939
4073,5.485471725463867,5.0,5.0,5.0,5.0,5.0,5.008864383480216
4074,4.870448589324951,5.0,5.0,5.0,5.895766104529767,6.125386129798948,6.502223389960223
4075,6.229907512664795,6.638272163982407,5.045829597671571,5.568636235841013,7.83670401387526,7.959176003468815,8.440949163483824
4076,5.6459856033325195,6.229147988357855,5.0,5.42021640338319,6.657577319177793,7.1249387366083,7.481486060122112
4077,5.499215126037598,5.853871964321762,5.0,5.0,5.0,5.0,6.468521082957745
4078,5.545198917388916,5.0,5.0,5.0,5.623884751944768,6.010375075152911,6.169468565440889
4079,5.328813552856445,5.0,5.0,5.0,5.003621217265445,5.088723738510172,5.694820453954792
4080,5.171799182891846,5.0,5.0,5.0,5.0,5.0,5.0
4081,5.4189677238464355,5.0,5.0,5.0,5.230865323586517,5.820867764665735,6.715554367524456
4082,5.753563404083252,5.0,5.0,5.6777807052660805,6.845389193153565,7.339521244880396,8.032755032589993
4083,5.814356327056885,5.0,5.0,5.0,5.0,5.223837281543842,6.140057981153716
4084,6.515340805053711,5.0,5.0,5.0,5.309772914624212,5.785123056544632,6.580936883073365
4085,5.136719226837158,5.0,5.0,5.0,5.0,5.016383443071563,5.298347314555982
4086,5.930787563323975,5.0,5.0,5.0,5.0,5.351015991217509,5.585026652029182
4087,4.917240619659424,5.0,5.0,5.0,5.0,5.0,5.287582194452533
4088,5.98366117477417,6.920818753952375,5.0,5.0,5.0,5.065580428412857,5.5327869988180645
4089,5.1722517013549805,5.0,5.0,5.0,5.0,5.065580428412857,5.5327869988180645
4090,5.033127307891846,5.0,5.0,5.0,5.0,5.0,5.0
4091,4.978708267211914,5.0,5.0,5.0,5.0,5.0,5.0
4092,5.121373653411865,5.0,5.0,5.0,5.090836138293877,5.342313722939064,5.714610867233399
4093,5.775994300842285,6.823908740944319,5.455931955649724,6.839926856944473,7.240743030061056,7.522878745280337,8.002182402701225
4094,5.496315002441406,5.0,5.0,5.0,5.075720713938118,6.214670164989233,6.327902142064283
4095,5.112674236297607,5.0,5.0,5.0,5.920818753952375,6.356547323513812,6.455931955649724
4096,5.154993534088135,5.0,5.0,5.0,5.951015991217508,6.669367998155139,6.845855511987395
4097,5.918497562408447,5.031517051446065,5.0,5.0,5.0,5.356547323513812,6.795880017344075
4098,5.907601356506348,5.075720713938118,5.0,5.0,5.0,5.0,5.045403709931007
4099,5.602485179901123,5.0,5.0,5.0,5.776413232992072,6.865621827428363,7.442043438104964
4100,5.078929901123047,5.0,5.0,5.0,5.0,5.0,5.0795880017344075
4101,5.193236827850342,5.0,5.0,5.0,5.150741978564387,5.449959733306949,6.1009273341251244
4102,5.274959087371826,5.0,5.0,5.0,5.0,5.0,5.634010660811674
4103,5.03013277053833,5.0,5.0,5.0,5.0,5.0,5.0
4104,5.146453380584717,5.0,5.0,5.0,7.035625007497918,7.38004376813455,7.604730444456747
4105,5.116349697113037,5.0,5.0,5.0,5.55007498130775,6.226778245030048,6.406763468004177
4106,5.214369773864746,5.0,5.0,5.0,5.0,5.0594966605123695,5.533901498419491
4107,5.840624809265137,5.0,5.0,5.030240373690691,5.979796630032903,6.440875561547003,6.637736343307488
4108,5.511227130889893,5.0,5.455931955649724,6.839926856944473,7.240743030061056,7.522878745280337,8.002182402701225
4109,6.007238864898682,8.522878745280337,5.0,5.0,5.765188503875645,6.337734009539242,7.555434863764585
4110,4.890023231506348,5.0,5.0,5.0,5.0,5.0,5.0
4111,5.0936455726623535,5.0,5.0,5.0,5.003621217265445,5.125582227794969,5.320642433508986
4112,5.475545883178711,5.301029995663981,5.0,5.0,5.309772914624212,5.785123056544632,6.580936883073365
4113,5.118295669555664,5.0,5.0,5.0,5.0,5.0,5.09995098928664
4114,5.507263660430908,5.0,5.0,5.0,5.0,5.0,5.0
4115,5.133172035217285,5.0,5.0,5.0,5.0,5.0,5.0
4116,4.785648822784424,5.0,5.0,5.0,5.0,5.0,5.0
4117,4.905460834503174,5.0,5.0,5.0,5.0,5.327902142064283,6.2076083105017466
4118,5.655129909515381,5.0,5.0,5.0,5.0,5.7510871837962805,6.699686629564667
4119,5.720028400421143,5.0,5.0,5.0,5.0,5.0,5.0
4120,5.892876625061035,7.431798275933005,5.0,5.0,5.095627628787324,5.403952509078869,5.807929816367233
4121,5.081011772155762,5.0,5.0,5.0,5.0,5.210121998671017,5.630365996013053
4122,6.032766819000244,7.060480747381382,5.0,5.42021640338319,6.657577319177793,7.1249387366083,7.481486060122112
4123,6.123745441436768,5.0,5.5376020021010435,6.136677139879544,6.42021640338319,6.6020599913279625,7.161150909262744
4124,6.68988561630249,8.602059991327963,5.0,5.0,5.0,5.0,5.0
4125,5.065293788909912,5.568636235841013,5.0,5.0,5.0,5.084043280676638,5.252129842029914
4126,5.8328657150268555,5.0,5.0,5.0,5.0,5.351015991217509,5.585026652029182
4127,4.697871685028076,5.0,5.0,5.0,5.0,5.0,5.12757241303992
4128,5.914478778839111,5.0,5.0,5.0,5.0,5.0,5.180617997398389
4129,5.160620212554932,5.0,5.0,5.0,5.0,5.139140157839338,5.395587282774788
4130,4.942139148712158,5.0,5.0,5.0,5.0,5.0,5.0
4131,5.144669055938721,5.0,5.0,5.0,5.0,5.0,5.0
4132,5.2776103019714355,5.0,5.0,5.0,5.0,5.0,5.0
4133,5.130446434020996,5.0,5.0,5.0,5.6020599913279625,5.7447274948966935,5.886056647693163
4134,4.551904201507568,5.0,5.0,5.0,5.0,5.0,5.149669314685716
4135,5.295803546905518,5.0,5.0,5.0,5.0,5.0,5.0
4136,6.914981365203857,8.148741651280925,5.0,5.0,5.0,5.0,5.119382002601611
4137,5.4824090003967285,5.619788758288394,5.0,5.0,5.0,5.0,5.008864383480216
4138,4.951003074645996,5.0,5.206303410289213,6.721246399047171,6.920941467630807,7.025595927443738,7.175003442918692
4139,5.194479465484619,5.0,5.0,5.0,5.303517951486582,5.772541840295507,6.237332733324225
4140,5.2471842765808105,5.0,5.0,5.0,5.0,5.0,5.0
4141,4.738851547241211,5.0,5.0,5.0,5.0,5.0,5.0
4142,5.14982271194458,5.0,5.0,5.0,5.261960783994296,6.04784313597719,6.88377334994157
4143,5.362154006958008,5.0,5.0,5.0,5.55007498130775,6.226778245030048,6.406763468004177
4144,4.996644496917725,5.0,5.0,5.0,5.0,5.1355561410532165,5.4066684231596485
4145,5.07435941696167,5.0,5.0,5.0,5.0,5.576997119237737,5.915076914552607
4146,5.65587854385376,5.0,5.0,5.0,5.0,5.0,5.0
4147,5.2216596603393555,5.0,5.0,5.0,5.0,5.0,5.288498559618869
4148,6.220628261566162,8.309803919971486,5.045829597671571,5.568636235841013,7.83670401387526,7.959176003468815,8.440949163483824
4149,5.69580602645874,5.0,5.0,5.0,5.951015991217508,6.669367998155139,6.845855511987395
4150,6.185804843902588,6.552841968657781,5.00261888324147,5.429118384862106,5.882751518246458,5.969390180020549,6.056028841794641
4151,5.31141996383667,5.0,5.0,5.0,5.0,5.0,5.60806164392009
4152,7.092179775238037,6.443697499232712,5.0,5.0,5.486379853908173,6.0343342855371045,6.377990700976252
4153,6.641118049621582,6.050609993355087,5.0,5.42021640338319,6.657577319177793,7.1249387366083,7.481486060122112
4154,5.110809326171875,5.0,5.0,5.0,5.8327668861431246,6.519126541329726,7.4754624086313655
4155,5.272451877593994,5.0,5.0,5.0,5.0,5.0,5.0
4156,4.906091213226318,5.0,5.0,5.0,5.0,5.0,6.052177559189752
4157,5.133434772491455,5.0,5.0,5.0,5.0,5.241230752217968,5.6218487496163565
4158,4.586655616760254,5.0,5.0,5.0,5.0,5.16056374410622,5.992661405874745
4159,5.338912487030029,5.0,5.0,5.0,5.708512583073295,6.456685660619315,8.053554394051933
4160,5.165738582611084,5.0,5.0,5.0,5.101727661233145,5.520030657457415,5.848767903643857
4161,5.26082181930542,6.130768280269024,5.0,5.0,5.0,5.139140157839338,5.395587282774788
4162,4.690938949584961,5.0,5.0,5.0,5.0,5.0,5.634010660811674
4163,5.002256393432617,5.0,5.0,5.0,5.0,5.494850021680094,5.698970004336019
4164,5.480040550231934,5.0,5.0,5.0,5.0,5.148945498979339,5.832233621235863
4165,5.0188164710998535,5.0,5.0,5.0,5.0,5.0,5.0
4166,5.42474365234375,5.0,5.0,5.0,5.6869396686154365,6.036964173972116,6.7003820015986735
4167,4.518893718719482,5.0,5.0,5.0,5.0,5.0,5.149669314685716
4168,5.514865398406982,5.494850021680094,5.0,5.0,5.0,5.012096149476276,5.089111421265709
4169,5.237643718719482,5.0,5.0,5.0,5.494752000253373,5.647915503315358,6.239625999943646
4170,5.611801624298096,5.0,5.0,5.0,5.0,5.0,5.234010660811673
4171,5.12322473526001,5.0,5.0,5.0,5.0,5.0,5.0
4172,5.605966091156006,5.568636235841013,5.0,5.0,5.090836138293877,5.342313722939064,5.714610867233399
4173,4.879751682281494,5.0,5.0,5.0,5.802345300991055,6.353045584831895,6.507703977970893
4174,4.725329399108887,5.0,5.0,5.0,5.0,5.012096149476276,5.089111421265709
4175,5.086004734039307,5.0,5.0,5.0,5.26935749724493,6.077429988979726,6.5496212774634985
4176,5.10543155670166,5.0,5.0,5.0,5.0,5.0,5.0
4177,5.483636379241943,5.0,5.0,5.0,5.0,5.0,5.0
4178,4.8068766593933105,5.0,5.206303410289213,6.721246399047171,6.920941467630807,7.025595927443738,7.175003442918692
4179,5.436257362365723,5.0,5.0,5.0,5.0,6.42021640338319,6.481486060122113
4180,6.377757549285889,5.0,5.0,5.0,5.509691001300805,6.858146007804834,7.63075221594426
4181,5.994490623474121,6.2839966563652006,5.0,5.0,5.0,5.0,5.895349126175367
4182,5.810208320617676,5.698970004336019,5.0,5.0,5.0,5.0,5.552841968657781
4183,5.815726280212402,5.0,5.0,5.287967737291256,7.461462975529174,8.170234422669175,8.401017899130922
4184,5.223508834838867,6.376750709602099,5.0,5.0,5.303517951486582,5.772541840295507,6.237332733324225
4185,5.006682872772217,5.0,5.0,5.0,5.0,5.0,5.0
4186,6.016175746917725,5.508638306165727,5.0,5.0,5.856464859428565,6.2960837014903515,6.823603534477858
4187,5.066654682159424,5.0,5.0,5.0,5.101727661233145,5.520030657457415,5.848767903643857
4188,5.731997966766357,6.522878745280337,5.0,5.0,5.0869625986495866,5.173925197299173,5.265236260406493
4189,5.990786075592041,5.823908740944319,5.0,5.6777807052660805,6.845389193153565,7.339521244880396,8.032755032589993
4190,5.675879955291748,8.337242168318426,5.0,5.42021640338319,6.657577319177793,7.1249387366083,7.481486060122112
4191,5.492218017578125,5.0,5.0,5.0,5.0,5.0,5.0795880017344075
4192,5.461390972137451,5.0,5.0,5.0,5.0,5.7510871837962805,6.699686629564667
4193,5.592403888702393,5.0,5.0,5.30033623392066,6.271896009882983,6.480994761799621,8.877103382651214
4194,5.013322830200195,5.0,5.0,5.0,5.0,5.0,5.0
4195,5.068695545196533,5.920818753952375,5.0,5.0,5.095627628787324,5.403952509078869,5.807929816367233
4196,5.804721355438232,5.0,5.0,5.0,5.0,5.0,5.305182983699436
4197,4.799422740936279,5.0,5.0,5.0,5.0,5.0,5.0
4198,5.6334662437438965,5.0,5.0,5.0,5.0,5.0,5.348494528952238
4199,5.079883098602295,5.0,5.0,5.0,5.0,5.0,5.139794000867203
4200,6.429349422454834,7.142667503568731,5.0,5.0,5.708512583073295,6.456685660619315,8.053554394051933
4201,5.060750484466553,5.0,5.0,5.0,5.0,5.0,5.0
4202,5.727149486541748,5.0,5.0,5.0,5.55007498130775,6.226778245030048,6.406763468004177
4203,6.349940776824951,5.0,5.0,5.769551078621726,7.002632177292251,7.840628610219042,8.59864862673098
4204,5.929570198059082,5.0,5.0,5.0,5.36804185367615,5.695208145805298,6.305438650294773
4205,6.037471771240234,5.823908740944319,5.0,5.0,5.0,5.05679933127304,5.4839966563652
4206,5.363241672515869,6.6777807052660805,5.0,5.0,5.230865323586517,5.820867764665735,6.715554367524456
4207,5.010571002960205,5.0,5.0,5.0,5.0,5.0,5.0
4208,5.76829195022583,7.102372908709558,5.9901019303030605,6.591647408166742,7.128788772280643,7.208036362993901,7.287283953707157
4209,5.318521976470947,5.0,5.0,5.0,5.159379381312206,5.318758762624412,5.988168040901103
4210,5.528133869171143,6.886056647693163,5.0,5.0,5.346395015176065,5.658146007804834,6.182811806226959
4211,5.339963436126709,5.0,5.0,5.30033623392066,6.271896009882983,6.480994761799621,8.877103382651214
4212,6.280974864959717,6.42021640338319,5.0,5.769551078621726,7.002632177292251,7.840628610219042,8.59864862673098
4213,5.233973026275635,5.0,5.0,5.619788758288394,6.26468584634236,6.445303843740749,7.131147698050925
4214,4.837562084197998,5.0,5.0,5.0,5.7366550031619,6.053660333567737,6.31934349279846
4215,5.095458030700684,6.060480747381382,5.0,5.0,5.596490607097571,6.025706859412084,6.4526793486171155
4216,5.4875712394714355,6.130768280269024,5.0,5.0,5.0,5.507042496070813,6.274290991274421
4217,5.007116317749023,5.0,5.0,5.0,5.0,5.0,5.186847479451571
4218,5.1820831298828125,5.0,5.0,5.0,5.0,5.0,5.0
4219,6.2231574058532715,6.638272163982407,5.0,5.372363747448347,6.566292336749683,6.899319376099946,7.31858214935268
4220,5.112679481506348,5.0,5.0,5.0,5.0,5.0,5.0
4221,6.148441791534424,6.6777807052660805,5.0,5.287967737291256,7.461462975529174,8.170234422669175,8.401017899130922
4222,5.268517017364502,5.0,5.048825028865502,5.122062572163754,5.170887601029256,5.195300115462007,5.219712629894758
4223,5.101736545562744,5.0,5.0,5.42021640338319,6.793384992580273,7.137875212617382,7.140271358093056
4224,5.428846836090088,5.0,5.0,5.0,5.0,5.508638306165727,6.451544993495972
4225,6.889368534088135,8.292429823902063,5.6936512982466265,6.821318484692428,7.295062717774298,7.354829414764048,7.459720859977528
4226,6.05475378036499,5.0,5.0,5.227965977824862,5.529434997455911,5.5376020021010435,5.642138395778679
4227,5.4157023429870605,5.0,5.0,5.0,5.0,5.356547323513812,6.795880017344075
4228,5.827215671539307,6.161150909262744,5.0,5.42021640338319,6.657577319177793,7.1249387366083,7.481486060122112
4229,4.980164527893066,5.0,5.0,5.465907069126919,6.809959463326123,7.481647993062371,7.70932775827525
4230,5.104150295257568,5.0,5.0,5.0,5.0,5.984570506477258,6.408945452815283
4231,5.553484916687012,5.0,5.9901019303030605,6.591647408166742,7.128788772280643,7.208036362993901,7.287283953707157
4232,5.477206707000732,5.0,5.0,5.292429823902063,5.801396958063174,6.210789396402983,6.471963329792007
4233,4.495410442352295,5.0,5.0,5.0,5.0,5.0,5.721246399047171
4234,5.7696852684021,5.0,5.0,5.455931955649724,5.7623113358060305,6.008024464539142,6.170518507620311
4235,5.389695644378662,5.0,5.0,5.074370825640463,5.6777807052660805,5.93394602718122,7.162746583357596
4236,5.543649196624756,5.0,5.0,5.0,5.0,5.0,6.468521082957745
4237,5.2789106369018555,6.096910013008056,5.0,5.0,5.708512583073295,6.456685660619315,8.053554394051933
4238,5.890103816986084,5.0,5.0,5.42021640338319,6.657577319177793,7.1249387366083,7.481486060122112
4239,4.869726181030273,5.0,5.0,5.0,5.958607314841775,6.0,6.022276394711152
4240,5.759466648101807,5.0,5.0,5.0,5.0,5.0,5.234010660811673
4241,6.0040974617004395,5.0,5.455931955649724,6.839926856944473,7.240743030061056,7.522878745280337,8.002182402701225
4242,6.5770134925842285,5.522878745280337,5.0,5.0,5.0,5.0,5.0
4243,6.032766819000244,8.0,5.0,5.42021640338319,6.657577319177793,7.1249387366083,7.481486060122112
4244,6.089347839355469,7.1938200260161125,5.0,5.0,5.0,5.0,5.42166897466197
4245,6.190159797668457,5.0,5.0,5.287967737291256,7.461462975529174,8.170234422669175,8.401017899130922
4246,4.612016677856445,5.0,5.0,5.0,5.0,5.0,5.0
4247,5.283257484436035,5.0,5.0,5.0,5.0,5.0,5.0
4248,4.920063495635986,5.0,5.0,5.0,5.0,5.0,5.0
4249,5.380309581756592,5.0,5.0,5.0,5.0,5.0,5.622062572163754
4250,5.48610782623291,5.0,5.0,5.0,5.5129341232531095,5.958432293377779,6.459547352245197
4251,6.859194755554199,7.795880017344075,5.0,5.0,5.0,5.033310396709899,6.016753322646608
4252,5.283964157104492,5.0,5.0,5.0,5.0,5.51359866254608,6.637319323763178
4253,4.968696117401123,5.0,5.0,5.0,5.0,5.0,5.0795880017344075
4254,6.228823661804199,5.585026652029182,5.0,6.1531365255381765,6.499796115887473,6.650291819404307,6.885710295924456
4255,6.308314323425293,8.585026652029182,5.0,5.287967737291256,7.461462975529174,8.170234422669175,8.401017899130922
4256,4.981645107269287,5.0,5.0,5.0,5.0,5.0,5.0
4257,5.627885818481445,7.585026652029182,5.0,5.0,5.0,5.0,5.085387196432176
4258,6.477050304412842,6.823908740944319,5.0,5.0,6.368669355166785,6.609493351697969,7.040192160757503
4259,5.690523624420166,5.0,5.0,5.42021640338319,6.657577319177793,7.1249387366083,7.481486060122112
4260,5.237901210784912,5.0,5.0,5.0,6.081359291354222,6.4035294254543444,6.620538427799027
4261,5.087029457092285,5.0,5.0,5.0,5.0,5.0,5.0
4262,5.749578952789307,5.0,5.0,5.0,5.968889800705817,6.338153788612729,6.662443951152241
4263,5.573380947113037,5.0,5.0,5.0,6.368669355166785,6.609493351697969,7.040192160757503
4264,4.804973602294922,5.0,5.0,5.122062572163754,5.770689473640969,5.900566781122885,5.985661382193382
4265,5.797566890716553,6.823908740944319,5.0,5.0,5.0,5.0,5.0
4266,5.736013889312744,7.267606240177032,5.0,5.0,5.761091082236913,6.416153306250301,7.328727082090541
4267,5.1870903968811035,5.0,5.0,5.0,5.252129842029914,5.652129842029915,6.159176003468815
4268,5.312435626983643,5.0,5.0,5.0,5.0,5.0,5.3872161432802645
4269,6.573133945465088,5.0,5.0,5.42021640338319,6.657577319177793,7.1249387366083,7.481486060122112
4270,5.441078186035156,5.0,5.0,5.457176355851572,5.760374041286161,5.882984820353755,6.11948012689327
4271,5.174458980560303,5.0,5.0,5.0,5.0,5.083043324200698,5.371461077681457
4272,5.777934551239014,5.6777807052660805,5.0,5.0,6.278328604148765,7.086992643672552,7.7605410118764535
4273,5.630678176879883,5.0,5.0,5.0,5.0,5.0,5.0
4274,5.417094707489014,5.0,5.0,5.0,5.0,5.0,5.0
4275,5.638312816619873,5.0,5.0,5.0,5.0,5.0,5.0
4276,5.7470316886901855,5.0,5.0,5.0,5.0,5.63741732867143,6.912251986014287
4277,5.330533027648926,5.0,5.0,5.0,5.0,5.0,5.0
4278,5.051956653594971,5.0,5.0,5.0,5.2543191530828635,5.508638306165727,5.56421353222706
4279,5.874301433563232,6.823908740944319,5.0,5.42021640338319,6.657577319177793,7.1249387366083,7.481486060122112
4280,5.338912487030029,5.0,5.0,5.0,5.708512583073295,6.456685660619315,8.053554394051933
4281,5.851210117340088,5.0,5.0,5.769551078621726,7.002632177292251,7.840628610219042,8.59864862673098
4282,5.723018169403076,5.0,5.0,5.0,5.0869625986495866,5.173925197299173,5.265236260406493
4283,4.612016677856445,5.0,5.0,5.0,5.0,5.0,5.0
4284,5.019404888153076,5.0,5.0,5.227965977824862,5.529434997455911,5.5376020021010435,5.642138395778679
4285,5.11876916885376,5.0,5.0,5.0,5.335556141053215,6.342224564212866,7.434122917496055
4286,4.8744988441467285,5.0,5.0,5.0,5.0,5.0,5.0
4287,5.055216312408447,5.0,5.0,5.0,5.101727661233145,5.520030657457415,5.848767903643857
4288,5.106081485748291,5.0,5.0,5.0,5.003621217265445,5.088723738510172,5.694820453954792
4289,6.037199974060059,6.958607314841775,5.0,5.0,5.0,5.0,5.0
4290,5.246023178100586,5.0,5.0,5.0,5.0,5.0,5.287582194452533
4291,4.814632892608643,5.0,5.0,5.0,5.0,5.0,5.0
4292,5.115952968597412,5.0,5.0,5.0,7.035625007497918,7.38004376813455,7.604730444456747
4293,5.69470739364624,5.0,5.0,5.0,5.708512583073295,6.456685660619315,8.053554394051933
4294,4.845611095428467,5.0,5.0,5.0,5.0,5.16056374410622,5.992661405874745
4295,7.18283748626709,8.886056647693163,5.0,5.455931955649724,5.7623113358060305,6.008024464539142,6.170518507620311
4296,5.301000595092773,5.0,5.0,5.0,5.968889800705817,6.338153788612729,6.662443951152241
4297,5.051879405975342,5.0,5.0,5.0,5.0,5.0,5.0
4298,5.404480934143066,5.0,5.0,5.0,5.068105564896511,5.409654350625216,6.169457226644011
4299,4.812739849090576,5.0,5.0,5.0,5.0,5.4120961494762785,7.102653267113967
4300,5.327066898345947,5.769551078621726,5.0,5.0,5.0,5.0,5.287582194452533
4301,5.881272315979004,5.0,5.0,5.0,5.0,5.0,5.0
4302,5.058959484100342,5.0,5.0,5.0,5.0,5.0,5.0
4303,5.7257866859436035,5.0,5.0,5.0,5.708512583073295,6.456685660619315,8.053554394051933
4304,5.888215065002441,5.0,5.0,5.0,5.0,5.0,5.0
4305,5.026615619659424,5.0,5.0,5.0,5.04997549464332,5.146666040200967,5.396975746372329
4306,5.455967426300049,5.346787486224656,5.0,5.465907069126919,6.809959463326123,7.481647993062371,7.70932775827525
4307,6.067094802856445,5.958607314841775,5.045829597671571,5.568636235841013,7.83670401387526,7.959176003468815,8.440949163483824
4308,6.085858345031738,6.823908740944319,5.0,5.42021640338319,6.657577319177793,7.1249387366083,7.481486060122112
4309,4.942939758300781,5.0,5.0,5.0,5.0,5.0,5.0
4310,5.936574459075928,6.769551078621726,5.0,5.0,5.0,5.203455322466291,5.620010954683868
4311,5.21771240234375,5.0,5.0,5.0,5.159379381312206,5.318758762624412,5.988168040901103
4312,5.449344158172607,5.0,5.0,5.465907069126919,6.809959463326123,7.481647993062371,7.70932775827525
4313,4.868204593658447,5.0,5.0,5.0,5.0,5.0,5.468521082957745
4314,5.095244407653809,5.0,5.0,5.0,5.0,5.0,5.180617997398389
4315,5.245948314666748,6.853871964321762,5.0,5.0,5.832079254105832,6.155946574837715,6.577685037796933
4316,5.319568634033203,5.0,5.0,5.0,5.0,5.279588001734408,6.594799162246874
4317,5.88154935836792,5.0,5.0,5.769551078621726,7.002632177292251,7.840628610219042,8.59864862673098
4318,5.413424968719482,5.0,5.0,5.803651523370167,6.43379958559393,6.683044951125544,6.860947047480813
4319,5.967517375946045,7.638272163982407,5.0,5.769551078621726,7.002632177292251,7.840628610219042,8.59864862673098
4320,6.021729469299316,5.0,5.0,5.0,5.0,6.42021640338319,6.481486060122113
4321,4.837585926055908,5.0,5.0,5.0,5.0,5.0,5.0
4322,5.2857346534729,5.481486060122113,5.206303410289213,6.721246399047171,6.920941467630807,7.025595927443738,7.175003442918692
4323,6.468383312225342,7.251811972993799,5.0,5.42021640338319,6.657577319177793,7.1249387366083,7.481486060122112
4324,5.587038040161133,5.0,5.0,5.0,5.0,6.318758762624412,6.5376020021010435
4325,5.475425720214844,5.0,5.0,5.0,5.095627628787324,5.403952509078869,5.807929816367233
4326,5.894023418426514,6.318758762624412,5.0,5.0,5.5129341232531095,5.958432293377779,6.459547352245197
4327,5.7651848793029785,6.236572006437063,5.0,5.30033623392066,6.271896009882983,6.480994761799621,8.877103382651214
4328,5.943355083465576,5.455931955649724,5.0,5.886056647693163,6.411483315576424,6.812020239627062,7.869565169179853
4329,5.2613067626953125,5.0,5.0,5.0,5.5713337517843655,6.142667503568731,6.787232889750868
4330,6.044799327850342,5.0,5.0,5.0,5.11302521288063,5.478611897220312,6.0218634973565965
4331,5.355596542358398,5.0,5.0,5.0,5.0,5.0,5.0
4332,5.2146782875061035,5.0,5.0,5.0,5.0,5.351015991217509,5.585026652029182
4333,4.6833577156066895,5.0,5.0,5.0,5.0,5.0,5.0
4334,6.201016426086426,6.080921907623926,5.0,5.0,5.0,5.768718582206093,6.934458917154219
4335,4.924770355224609,5.0,5.0,5.0,5.442273574926224,5.9699280077227055,6.804100085852557
4336,6.214601993560791,6.229147988357855,5.0,5.032750774378217,5.696834746491283,6.468685246554372,6.673751488085751
4337,5.141671657562256,5.0,5.0,5.0,5.0,5.0,5.0
4338,4.768932342529297,5.0,5.0,5.0,5.0,5.0,5.335556141053217
4339,5.135585308074951,5.0,5.0,5.0,5.0,5.083043324200698,5.371461077681457
4340,5.176453113555908,5.0,5.0,5.0,5.0,5.0,5.09995098928664
4341,5.290732383728027,5.0,5.0,5.0,5.708512583073295,6.456685660619315,8.053554394051933
4342,4.929002285003662,5.0,5.0,5.0,5.003621217265445,5.125582227794969,5.320642433508986
4343,5.249757289886475,5.0,5.0,5.0,5.0,5.0,5.0
4344,5.116657257080078,5.0,5.0,5.0,5.0,5.0,5.0
4345,6.241307735443115,5.0,5.0,5.0,5.0,5.0,6.468521082957745
4346,6.029236793518066,5.0,5.0,5.0,5.0,5.356547323513812,6.795880017344075
4347,5.271663188934326,5.0,5.0,5.0,5.0,5.0,5.142021640338318
4348,6.124981880187988,6.920818753952375,5.0,5.0,5.761091082236913,6.416153306250301,7.328727082090541
4349,5.441998481750488,5.0,5.0,5.0,5.375890719404962,5.920818753952375,6.289198036565084
4350,5.621708393096924,5.0,5.0,5.346787486224656,6.443697499232712,7.1938200260161125,7.920818753952375
4351,5.7944817543029785,7.6777807052660805,5.0,5.42021640338319,6.657577319177793,7.1249387366083,7.481486060122112
4352,6.120359420776367,7.173925197299173,5.0,5.0,5.0,5.0,5.297890997958678
4353,5.493228435516357,5.0,5.0,5.0,5.708512583073295,6.456685660619315,8.053554394051933
4354,5.1583099365234375,5.0,5.0,5.0,5.210108201691595,5.42021640338319,5.5707314012151805
4355,5.223014831542969,5.0,5.0,5.0,5.0,5.4120961494762785,7.102653267113967
4356,5.09356164932251,5.0,5.0,5.0,5.765188503875645,6.337734009539242,7.555434863764585
4357,4.978881359100342,5.0,5.0,5.0,5.0,5.0,5.0
4358,6.100683689117432,5.161150909262744,5.0,5.0,5.346395015176065,5.658146007804834,6.182811806226959
4359,4.818833827972412,5.0,5.0,5.0,5.097170173104912,5.229849699277086,5.693936665414687
4360,5.434004306793213,6.1249387366083,5.0,5.0,5.0,5.7510871837962805,6.699686629564667
4361,5.983065128326416,5.0,5.0,5.928180382362728,6.772577569995745,7.568636235841013,8.324875990832918
4362,5.544992923736572,5.0,5.0,5.0,5.0,5.0,5.346395015176066
4363,6.103190898895264,5.0,5.0,5.769551078621726,7.002632177292251,7.840628610219042,8.59864862673098
4364,5.440001964569092,8.4089353929735,5.0,5.30033623392066,6.271896009882983,6.480994761799621,8.877103382651214
4365,5.723138809204102,5.0,5.0,5.0,5.0,5.0,5.287582194452533
4366,5.327120780944824,5.0,5.0,5.0,5.768744396507357,6.052401239005146,7.4183227671325565
4367,5.245385646820068,5.0,5.0,5.0,5.8287368785571365,5.96832750158095,6.4859366274865184
4368,5.2513604164123535,5.0,5.0,5.0,5.0,5.016383443071563,5.298347314555982
4369,5.791009426116943,5.0,5.0,5.0,5.494752000253373,5.647915503315358,6.239625999943646
4370,5.211893558502197,5.0,5.0,5.0,5.218302996224269,5.873211984897081,6.295732985203996
4371,5.157047748565674,5.0,5.0,5.0,5.0,5.327902142064283,6.2076083105017466
4372,7.18353796005249,8.017728766960431,5.0,5.346787486224656,6.443697499232712,7.1938200260161125,7.920818753952375
4373,5.327838897705078,5.0,5.0,5.0,5.0,5.327902142064283,6.2076083105017466
4374,5.398172855377197,5.0,5.0,5.42021640338319,6.657577319177793,7.1249387366083,7.481486060122112
4375,5.003555774688721,5.0,5.0,5.0,5.0,5.0,5.0
4376,5.051675319671631,5.0,5.0,5.0,5.0,5.223837281543842,5.671511844631525
4377,5.331424236297607,5.0,5.0,5.0,5.0,5.0,5.0
4378,4.992275238037109,5.0,5.0,5.0,5.708512583073295,6.456685660619315,8.053554394051933
4379,5.913130283355713,5.0,5.0,5.0,5.0,5.331515463835559,6.737412782824986
4380,5.173367500305176,5.0,5.0,5.0,5.0,5.0,5.3013094416207345
4381,5.681131362915039,5.366531544420414,5.0,5.0,5.112251986014286,5.333388773477399,5.569928007722705
4382,6.381258487701416,7.309803919971486,5.0,5.0,5.0,5.0,5.0
4383,5.718259334564209,5.0,5.0,5.0,5.0,5.0,5.0
4384,5.355730056762695,5.0,5.206303410289213,6.721246399047171,6.920941467630807,7.025595927443738,7.175003442918692
4385,6.842858791351318,9.537602002101044,5.0,5.614942352606449,7.844835868359313,8.098999141397796,9.13106355737751
4386,7.332714557647705,5.0,5.0,5.0,5.0,5.0,6.468521082957745
4387,5.3057861328125,5.0,5.0,5.0,5.0,5.0,5.003509569723002
4388,4.949497699737549,5.0,5.0,5.0,5.0,5.0,5.255144826079842
4389,5.897766590118408,5.0,5.0,5.30033623392066,6.271896009882983,6.480994761799621,8.877103382651214
4390,6.776131629943848,8.2518119729938,5.045829597671571,5.568636235841013,7.83670401387526,7.959176003468815,8.440949163483824
4391,5.629980564117432,5.0,5.0,5.0,5.491206246861287,6.546096010217774,8.248901276889617
4392,5.263659954071045,5.0,5.0,5.0,5.218302996224269,5.873211984897081,6.295732985203996
4393,6.045706272125244,7.0,5.1654344782395265,5.378605095260662,5.525419329505139,5.657219137654218,5.789018945803296
4394,4.742961406707764,5.619788758288394,5.0,5.0,5.0,5.0,5.144364851566506
4395,5.470686435699463,5.853871964321762,5.0,5.0,5.768744396507357,6.052401239005146,7.4183227671325565
4396,4.936710357666016,5.0,5.0,5.0,5.0,5.0,5.0
4397,5.802469730377197,5.0,5.0,5.928180382362728,6.772577569995745,7.568636235841013,8.324875990832918
4398,5.607934474945068,5.0,5.0,5.0,5.0,5.0,5.701172650495527
4399,5.331637859344482,5.0,5.0,5.0,5.0,5.210121998671017,5.630365996013053
4400,4.959936618804932,5.0,5.0,5.0,5.0,5.0,5.035654732351381
4401,5.365883827209473,5.443697499232712,5.0,5.0,5.0,5.0,5.0
4402,5.290367126464844,5.0,5.0,5.261439372640169,5.9076542845912,6.292429823902063,7.125518569371919
4403,5.372852802276611,6.161150909262744,5.0,5.0,5.0,5.327902142064283,6.2076083105017466
4404,5.525689601898193,5.0,5.0,5.0,5.876329286972975,7.012697251504221,7.26494905424264
4405,5.033127307891846,5.0,5.0,5.0,5.0,5.0,5.0
4406,4.953465938568115,5.0,5.0,5.0,5.0,5.0,5.139794000867203
4407,5.373523235321045,5.0,5.0,5.0,5.0,5.0,6.07116140690399
4408,5.753524303436279,6.920818753952375,5.0,5.0,5.0,5.0,5.634010660811674
4409,6.207021236419678,7.6777807052660805,5.0,5.769551078621726,7.002632177292251,7.840628610219042,8.59864862673098
4410,5.420892238616943,6.638272163982407,5.0,5.0,5.708512583073295,6.456685660619315,8.053554394051933
4411,5.178922653198242,5.0,5.0,5.42021640338319,6.793384992580273,7.137875212617382,7.140271358093056
4412,5.76522970199585,5.0,5.0,5.0,5.0,5.576997119237737,5.915076914552607
4413,5.060316562652588,5.0,5.0,5.0,5.160563744106219,5.440151745840627,5.855473215493237
4414,5.385086536407471,5.0,5.0,5.309894379144197,6.0491978875360894,6.32765564127649,6.517658239483867
4415,6.105040550231934,8.075720713938118,5.0,5.614942352606449,7.844835868359313,8.098999141397796,9.13106355737751
4416,5.083682537078857,5.698970004336019,5.0,5.0,5.0,5.0,5.0
4417,5.426804065704346,5.6777807052660805,5.0,5.074370825640463,5.6777807052660805,5.93394602718122,7.162746583357596
4418,5.939052104949951,6.619788758288394,5.0,5.0,5.0,5.0,5.255144826079842
4419,5.221080303192139,5.0,5.0,5.0,5.0,5.0,6.07116140690399
4420,4.9719672203063965,5.0,5.0,5.0,5.0,5.0,5.317005330405837
4421,5.610499858856201,5.0,5.0,5.0,5.4467905147876845,5.723436428713836,7.10110352518409
4422,5.077157497406006,5.0,5.0,5.0,5.0,5.0,5.0
4423,5.150425434112549,5.0,5.0,5.0,5.0,5.0,5.0
4424,5.53447961807251,5.221848749616356,5.0,5.0,6.721246399047171,7.102372908709558,7.221848749616356
4425,5.902190208435059,6.552841968657781,5.0,5.0,5.0,5.247314401287413,5.741943203862238
4426,6.085943698883057,5.769551078621726,5.0,5.0,5.159379381312206,5.318758762624412,5.988168040901103
4427,5.704717636108398,6.0655015487564325,5.0,5.42021640338319,6.657577319177793,7.1249387366083,7.481486060122112
4428,5.247977256774902,5.721246399047171,5.0,5.0,5.0,5.766026570025314,6.106860737855564
4429,6.313354015350342,5.958607314841775,5.0,5.0,5.481647993062369,5.786415255761733,6.111946779547825
4430,6.097845554351807,5.167491087293763,5.0,5.346787486224656,6.443697499232712,7.1938200260161125,7.920818753952375
4431,5.385203838348389,5.0,5.0,5.0,5.006682918413346,5.149336579604481,5.6839014626552515
4432,6.199463367462158,6.301029995663981,5.0,5.0,5.184163750790474,5.736655003161901,6.145085676420271
4433,5.140149116516113,5.4089353929735005,5.0,5.0,5.0,5.259078965559803,6.099531988906442
4434,4.879255294799805,5.0,5.0,5.0,5.0,5.0,5.0
4435,6.16979455947876,6.657577319177793,5.0,5.0,5.0,5.033310396709899,6.016753322646608
4436,5.331964492797852,5.0,5.0,5.0,5.446836496938015,5.7447274948966935,5.82193565197116
4437,5.270559787750244,5.0,5.0,5.0,5.0,5.0,5.0
4438,5.414880275726318,5.0,5.0,5.059593203859604,5.621921275511394,6.232348276903211,6.79018639043693
4439,5.347753047943115,5.0,5.00261888324147,5.429118384862106,5.882751518246458,5.969390180020549,6.056028841794641
4440,5.035067081451416,5.045757490560675,5.0,5.0,5.0,5.0,5.634010660811674
4441,4.969176769256592,5.0,5.0,5.0,5.04997549464332,5.146666040200967,5.396975746372329
4442,4.9914350509643555,5.0,5.0,5.0,5.0,5.016383443071563,5.298347314555982
4443,5.8114190101623535,5.795880017344075,5.0,5.0,6.068377979021429,6.7791897757223625,7.668920260392717
4444,5.837672710418701,5.0,5.0,6.200659450546418,6.638272163982407,8.221848749616356,8.958607314841775
4445,5.956542491912842,5.0,5.0,5.42021640338319,6.657577319177793,7.1249387366083,7.481486060122112
4446,5.143311023712158,5.0,5.0,5.0,5.0,5.034785039459835,5.5334877854314275
4447,5.966327667236328,5.0,5.0,5.0,5.0,5.148945498979339,5.832233621235863
4448,5.107097148895264,5.0,5.0,5.0,5.336173122706551,5.502471299162677,5.940909367734202
4449,5.009223461151123,5.0,5.0,5.0,5.0,5.263030927671117,5.733304289873123
4450,4.897217750549316,5.0,5.0,5.0,5.086359655186601,5.345438620746404,6.887311395274088
4451,6.146491527557373,5.7447274948966935,5.0,5.0,5.0,5.508638306165727,6.451544993495972
4452,5.635870456695557,6.568636235841013,5.0,5.33889035263304,5.770689473640969,5.908845318154531,6.0508638306165725
4453,5.496165752410889,5.0,5.0,5.0,6.315831350852757,7.387503458885711,8.024315496631102
4454,5.745986461639404,5.795880017344075,5.0,5.6777807052660805,6.845389193153565,7.339521244880396,8.032755032589993
4455,6.2808990478515625,5.2441251443275085,5.0,5.0,5.509691001300805,6.858146007804834,7.63075221594426
4456,6.06825590133667,5.0,5.0,5.928180382362728,6.772577569995745,7.568636235841013,8.324875990832918
4457,7.336574077606201,5.187086643357144,5.5376020021010435,6.136677139879544,6.42021640338319,6.6020599913279625,7.161150909262744
4458,5.409482479095459,5.0,5.0,5.0,5.0,5.0,5.0
4459,5.5765862464904785,6.136677139879544,5.0,5.0,5.802345300991055,6.353045584831895,6.507703977970893
4460,6.079217433929443,5.0,5.0,5.0,5.0,5.148945498979339,5.832233621235863
4461,5.643033504486084,5.721246399047171,5.0,5.372363747448347,6.566292336749683,6.899319376099946,7.31858214935268
4462,5.430569648742676,5.0,5.0,5.0,6.036212172654444,6.142667503568731,6.823908740944319
4463,5.7452473640441895,5.0,5.0,5.0,5.0,5.0,5.0
4464,5.277943134307861,5.0,5.0,5.0,5.0,5.0,5.335556141053217
4465,5.90283203125,5.0,5.0,5.0,5.26289556697899,5.774816866366195,5.804897680378984
4466,5.514877796173096,5.0,5.0,5.769551078621726,7.002632177292251,7.840628610219042,8.59864862673098
4467,4.738775253295898,5.0,6.076163040999861,6.170565203899018,6.233499979165125,6.264967366798177,6.29643475443123
4468,5.212282180786133,5.0,5.0,5.0,5.0,5.0,5.0
4469,5.27421236038208,5.5376020021010435,5.0,5.0,5.0,5.0,5.0
4470,4.9292426109313965,5.0,5.0,5.0,5.003621217265445,5.125582227794969,5.320642433508986
4471,5.07555627822876,5.0,5.0,5.0,5.329878389978372,5.420171791158,5.575313958251336
4472,5.312976360321045,5.0,5.0,5.0,5.494752000253373,5.647915503315358,6.239625999943646
4473,6.345708847045898,8.537602002101044,5.0,5.0,5.698970004336019,6.119186407719209,6.568636235841013
4474,6.0333428382873535,5.638272163982407,5.0,5.0,5.0,5.279588001734408,6.594799162246874
4475,5.41013765335083,5.7447274948966935,5.0,5.0,5.068105564896511,5.409654350625216,6.169457226644011
4476,5.55061149597168,5.0,5.0,5.0,5.0,5.0,5.955056020812891
4477,5.257507801055908,5.0,5.0,5.0,5.761091082236913,6.416153306250301,7.328727082090541
4478,4.513576030731201,5.0,5.0,5.0,5.0,5.0,5.864737526099142
4479,5.6572394371032715,5.0,5.0,5.06246936830415,5.20446769648675,5.2839966563652006,5.389423339022647
4480,4.905147075653076,5.0,5.0,5.0,5.0,5.296297212024423,5.888891636073268
4481,4.7320637702941895,5.0,5.0,5.0,5.0,5.0,5.0
4482,5.636353492736816,5.431798275933005,5.0,5.0,5.0,5.984570506477258,6.408945452815283
4483,5.877292156219482,5.0,5.0,5.0,5.0,5.0,5.377211329538633
4484,4.989334583282471,5.0,5.0,5.030240373690691,5.979796630032903,6.440875561547003,6.637736343307488
4485,6.4069647789001465,9.086186147616283,5.0,5.30033623392066,6.271896009882983,6.480994761799621,8.877103382651214
4486,5.262185096740723,5.0,5.0,5.0,5.0,5.0,5.0
4487,6.831817150115967,7.795880017344075,5.0,5.0,5.0,5.356547323513812,6.795880017344075
4488,5.338912487030029,5.0,5.0,5.0,5.708512583073295,6.456685660619315,8.053554394051933
4489,4.450616359710693,5.0,5.0,5.0,5.0,5.012096149476276,5.089111421265709
4490,6.02439022064209,7.0,5.0,5.0,5.201449578395039,6.139488794400743,6.543303570590206
4491,6.838507175445557,6.886056647693163,5.0,5.287967737291256,7.461462975529174,8.170234422669175,8.401017899130922
4492,6.526662349700928,5.0,5.0,5.0,5.0,5.327902142064283,6.2076083105017466
4493,5.35288667678833,5.0,5.0,5.0,5.7447274948966935,6.026872146400302,6.5376020021010435
4494,5.053757190704346,5.0,5.0,5.0,5.0,5.0,5.0
4495,5.155993938446045,5.0,5.0,5.0,5.0,5.05679933127304,5.4839966563652
4496,5.308910369873047,5.0,5.0,5.122062572163754,5.770689473640969,5.900566781122885,5.985661382193382
4497,6.582225322723389,6.638272163982407,5.0,5.30033623392066,6.271896009882983,6.480994761799621,8.877103382651214
4498,7.561456680297852,6.522878745280337,5.0,5.0,5.708512583073295,6.456685660619315,8.053554394051933
4499,5.1135101318359375,5.0,5.0,5.0,5.1654344782395265,5.406258474770712,5.695764207919511
4500,6.993764400482178,7.920818753952375,5.0,5.287967737291256,7.461462975529174,8.170234422669175,8.401017899130922
4501,5.507518291473389,5.0,5.0,5.0,5.0,5.0,5.0
4502,4.992614269256592,5.0,5.0,5.0,5.112251986014286,5.333388773477399,5.569928007722705
4503,5.729847431182861,6.0915149811213505,5.0,5.0,5.968889800705817,6.338153788612729,6.662443951152241
4504,4.9728007316589355,5.0,5.0,5.0,5.4467905147876845,5.723436428713836,7.10110352518409
4505,4.946053981781006,5.0,5.0,5.0,5.0,5.0,5.0
4506,5.503265857696533,5.0,5.0,5.0,5.708512583073295,6.456685660619315,8.053554394051933
4507,5.337108135223389,5.0,5.0,5.0,5.216373919714151,5.954208448776369,6.926693965314053
4508,5.145668983459473,5.0,5.0,5.465907069126919,6.809959463326123,7.481647993062371,7.70932775827525
4509,5.089198589324951,5.823908740944319,5.0,5.0,5.0,5.0,5.01190543916038
4510,4.788754463195801,5.0,5.0,5.0,5.583745543646882,6.167491087293763,6.433230545814891
4511,5.732337474822998,5.0,5.0,5.287967737291256,7.461462975529174,8.170234422669175,8.401017899130922
4512,5.145712852478027,5.0,5.0,5.0,5.11302521288063,5.478611897220312,6.0218634973565965
4513,4.899689674377441,5.0,5.0,5.0,5.150741978564387,5.449959733306949,6.1009273341251244
4514,5.343515872955322,5.0,5.0,5.0,5.768744396507357,6.052401239005146,7.4183227671325565
4515,5.793161392211914,6.619788758288394,5.0,5.0,5.951015991217508,6.669367998155139,6.845855511987395
4516,5.894447326660156,5.3979400086720375,5.0,5.011138197355576,5.888215363036752,6.241208065863358,6.365039369692465
4517,6.225963115692139,5.853871964321762,5.0,5.33889035263304,5.770689473640969,5.908845318154531,6.0508638306165725
4518,5.032286643981934,5.0,5.0,5.0,5.0,5.0,5.0
4519,4.928036212921143,8.920818753952375,5.0,5.0,5.0,5.0,5.0
4520,5.378647327423096,5.0,5.0,6.1531365255381765,6.499796115887473,6.650291819404307,6.885710295924456
4521,4.940414905548096,5.0,5.0,5.0,5.0201454878767855,5.7447274948966935,6.035290537142854
4522,5.42976713180542,6.4089353929735005,5.0,5.0,5.0,5.0,5.20144957839504
4523,4.920388221740723,5.0,5.0,5.0,5.006682918413346,5.149336579604481,5.6839014626552515
4524,5.034488677978516,5.0,5.0,5.0,5.0,5.279588001734408,6.594799162246874
4525,4.931802749633789,5.0,5.0,5.0,5.0,5.494850021680094,5.698970004336019
4526,6.053383827209473,6.173925197299173,5.0,5.0,5.0,5.1355561410532165,5.4066684231596485
4527,5.969831466674805,5.698970004336019,5.0,5.0,5.0,5.0,5.0
4528,5.296066761016846,5.0,5.0,5.0,5.0,5.0,5.335556141053217
4529,5.238561630249023,5.0,5.0,5.0,5.0,5.0,5.920818753952375
4530,5.476413249969482,5.0,5.0,5.30033623392066,6.271896009882983,6.480994761799621,8.877103382651214
4531,5.534818649291992,5.0,5.0,5.42021640338319,6.657577319177793,7.1249387366083,7.481486060122112
4532,4.999330997467041,5.0,5.0,5.0,5.159379381312206,5.318758762624412,5.988168040901103
4533,5.059532642364502,5.0,5.0,5.0,5.0,5.0,5.0
4534,5.910607814788818,5.0,5.0,5.0,5.1654344782395265,5.406258474770712,5.695764207919511
4535,6.057104587554932,5.0,5.0,5.0,5.0,5.0,5.0
4536,5.914816379547119,6.853871964321762,5.0,5.0,5.36804185367615,5.695208145805298,6.305438650294773
4537,5.3200225830078125,5.080921907623926,5.0,5.0,5.006682918413346,5.149336579604481,5.6839014626552515
4538,6.350099563598633,5.494850021680094,5.0,5.30033623392066,6.271896009882983,6.480994761799621,8.877103382651214
4539,5.176792621612549,5.508638306165727,5.0,5.0,5.0,5.0,5.297890997958678
4540,5.126988410949707,5.0,5.0,5.0,5.844698206593385,6.011255601796691,6.26164275048356
4541,5.1009721755981445,5.0,5.0,5.0,5.0,5.0,5.0
4542,5.106473445892334,5.0,5.0,5.0,5.0,5.0,5.3191360819912035
4543,4.973329067230225,5.0,5.0,5.0,5.486379853908173,6.0343342855371045,6.377990700976252
4544,5.167629718780518,5.0,5.0,5.0,5.0,5.0,5.0
4545,6.496110439300537,5.142667503568732,5.0,5.769551078621726,7.002632177292251,7.840628610219042,8.59864862673098
4546,5.375233173370361,5.0,5.0,5.0,5.4467905147876845,5.723436428713836,7.10110352518409
4547,5.924244403839111,5.0,5.0,5.0,5.327902142064283,5.638272163982407,5.721246399047171
4548,5.164647579193115,6.251811972993799,5.0,5.0,5.958607314841775,6.0,6.022276394711152
4549,5.851210117340088,5.0,5.0,5.769551078621726,7.002632177292251,7.840628610219042,8.59864862673098
4550,6.990269184112549,8.42021640338319,5.0,5.0,5.0,5.0,5.4604093769761874
4551,4.994865417480469,5.0,5.0,5.059593203859604,5.621921275511394,6.232348276903211,6.79018639043693
4552,6.073822975158691,7.494850021680094,5.378913216807529,5.958607314841775,6.717273000560288,6.850382250330102,7.853112668883502
4553,4.951211929321289,5.0,5.0,5.0,5.0,5.139140157839338,5.395587282774788
4554,5.0456318855285645,5.0,5.0,5.0,5.0,5.279588001734408,6.594799162246874
4555,4.896141052246094,5.0,5.0,5.0,5.0,5.0,5.348494528952238
4556,5.960774898529053,5.0,5.0,5.928180382362728,6.772577569995745,7.568636235841013,8.324875990832918
4557,5.967043876647949,5.0,5.0,5.0,6.315831350852757,7.387503458885711,8.024315496631102
4558,5.01420259475708,5.0,5.0,5.0,5.340823996531185,5.727202434050302,5.828575698611751
4559,5.203848361968994,5.0,5.0,5.0,5.0,5.0,5.0
4560,6.045042514801025,5.0,5.0,5.0,5.0,5.886324317847616,6.185228563145452
4561,5.433094024658203,5.0,5.0,5.0,5.0,5.103854924202302,5.3616200641289495
4562,5.620903491973877,5.0,5.0,5.0,5.0,5.0,5.0
4563,5.518557548522949,5.0,5.0,5.0,5.0,5.0,5.0
4564,5.321653366088867,5.0,5.0,5.0,5.832079254105832,6.155946574837715,6.577685037796933
4565,5.331542491912842,5.0,5.0,5.074370825640463,5.6777807052660805,5.93394602718122,7.162746583357596
4566,5.18676233291626,5.0,5.0,5.0,5.0,5.0,6.07116140690399
4567,5.9453558921813965,5.0,5.0,5.0,5.442273574926224,5.9699280077227055,6.804100085852557
4568,5.3182220458984375,5.0,5.0,5.0,5.0,5.508638306165727,6.451544993495972
4569,5.496237277984619,5.0,5.0,5.0,5.0,5.0,5.0
4570,5.357318878173828,6.619788758288394,5.0,5.0,5.708512583073295,6.456685660619315,8.053554394051933
4571,5.585019111633301,5.0,5.0,5.030240373690691,5.979796630032903,6.440875561547003,6.637736343307488
4572,5.340402603149414,5.0,5.0,5.0,5.708512583073295,6.456685660619315,8.053554394051933
4573,5.971729755401611,6.443697499232712,5.0,5.0,5.491206246861287,6.546096010217774,8.248901276889617
4574,5.13684606552124,5.0,5.0,5.0,5.0,5.0,5.3872161432802645
4575,5.781738758087158,7.214670164989233,5.0,5.0,5.0,5.0,5.0
4576,5.039316177368164,5.0,5.0,5.0,5.0,5.301727661233146,6.61798047468195
4577,5.630137920379639,5.0,5.0,6.481486060122113,7.734530109732988,8.275008751784874,8.346813140313207
4578,4.906260013580322,5.0,5.0,5.0,5.0,5.0,5.07535014192042
4579,4.945439338684082,5.0,5.0,5.0,5.0,5.0,5.0
4580,5.256970405578613,5.769551078621726,5.0,5.0,5.0,5.279588001734408,6.594799162246874
4581,4.932689189910889,5.0,5.0,5.0,5.0,5.0,5.0
4582,5.453135967254639,5.0,5.0,5.0,5.0,5.886324317847616,6.185228563145452
4583,5.3098368644714355,5.0,5.0,5.0,5.8287368785571365,5.96832750158095,6.4859366274865184
4584,6.138766288757324,5.585026652029182,5.0,5.886056647693163,6.411483315576424,6.812020239627062,7.869565169179853
4585,4.97020959854126,5.0,5.0,5.0,5.0,5.0,5.119382002601611
4586,5.410229206085205,5.0,5.0,5.0,5.303517951486582,5.772541840295507,6.237332733324225
4587,4.941812038421631,5.0,5.0,5.0,5.0,5.0,5.0
4588,5.323719501495361,5.0,5.0,5.0,5.0,5.0,5.603455322466291
4589,5.311739444732666,5.0,5.6333103967098985,6.454694646085796,6.916633373901797,7.104917602641903,7.2932018313820075
4590,6.913221836090088,6.585026652029182,5.0,5.0,5.0,5.026200619502573,5.429169121047358
4591,4.703903675079346,5.0,5.0,5.0,5.0,5.0,5.0
4592,5.466766834259033,5.0,5.0,5.0,6.278328604148765,7.086992643672552,7.7605410118764535
4593,5.575503826141357,5.494850021680094,5.0,5.0,5.0,5.0,5.0
4594,5.791780948638916,5.0,5.0,5.0,5.0,5.0,5.0
4595,5.478060245513916,5.0,5.0,5.0,5.509691001300805,6.858146007804834,7.63075221594426
4596,5.533741474151611,6.958607314841775,5.0,5.42021640338319,6.657577319177793,7.1249387366083,7.481486060122112
4597,5.324772357940674,5.0,5.0,5.0,5.075720713938118,6.214670164989233,6.327902142064283
4598,5.042969226837158,5.0,5.0,5.0,5.494752000253373,5.647915503315358,6.239625999943646
4599,7.734704494476318,7.5376020021010435,5.0,5.614942352606449,7.844835868359313,8.098999141397796,9.13106355737751
4600,4.7626566886901855,5.0,5.0,5.0,5.0,5.0,5.0
4601,4.934485912322998,5.0,5.0,5.0,5.0,5.0,5.0
4602,5.403224468231201,5.0,5.0,5.0,5.6,6.671112282106433,7.686473844022299
4603,4.889104843139648,5.0,5.0,5.0,5.0,5.576997119237737,5.915076914552607
4604,5.3822503089904785,6.431798275933005,5.0,5.0,5.0,5.0,5.0
4605,5.297401428222656,5.0,5.0,5.0,5.0,5.0,5.0
4606,5.099461078643799,5.0,5.0,5.0,5.0,5.494850021680094,5.698970004336019
4607,5.062410354614258,5.0,5.0,5.0,5.36804185367615,5.695208145805298,6.305438650294773
4608,4.871872425079346,5.0,5.0,5.0,5.0,5.0,5.035654732351381
4609,6.496110439300537,6.229147988357855,5.0,5.769551078621726,7.002632177292251,7.840628610219042,8.59864862673098
4610,5.849307537078857,5.259637310505756,5.0,5.0,5.557809882459554,6.481225900025257,7.487317135998911
4611,6.381258487701416,6.187086643357144,5.0,5.0,5.0,5.0,5.0
4612,4.991514205932617,5.0,5.0,5.0,5.0,5.0,5.30945511543382
4613,4.7824015617370605,5.0,5.0,5.0,5.086359655186601,5.345438620746404,6.887311395274088
4614,5.296508312225342,5.6020599913279625,5.0,5.0,5.0,5.0,5.3872161432802645
4615,5.359314918518066,5.0,5.0,5.0,5.0,5.0,5.0
4616,4.997138500213623,5.0,5.0,5.0,5.519066146175629,5.670701335829286,5.787170498505568
4617,4.716244220733643,5.0,5.0,5.0,5.0,5.0,5.0
4618,5.060832500457764,5.0,5.0,5.0,5.0,5.0,5.0
4619,5.285908222198486,5.0,5.0,5.0,5.4467905147876845,5.723436428713836,7.10110352518409
4620,5.309654712677002,5.0,5.0,5.0,5.0,5.033310396709899,6.016753322646608
4621,4.450101375579834,5.0,5.0,5.0,5.0,5.0,5.0
4622,4.914166450500488,5.0,5.0,5.0,5.0,5.0,5.0
4623,6.108282566070557,5.0,5.0,5.0,5.0,5.4120961494762785,7.102653267113967
4624,5.790086269378662,6.886056647693163,5.0,5.0,5.0,5.886324317847616,6.185228563145452
4625,7.402520656585693,7.619788758288394,5.6333103967098985,6.454694646085796,6.916633373901797,7.104917602641903,7.2932018313820075
4626,5.2681074142456055,6.102372908709558,5.0,5.0,5.0,5.0,5.0
4627,5.6670918464660645,5.0,5.0,5.0,5.522878745280337,6.2441251443275085,8.05551732784983
4628,5.177387714385986,5.0,5.0,5.0,5.0,5.494850021680094,5.698970004336019
4629,5.557603359222412,5.0,5.0,5.0,5.0,5.0,6.07116140690399
4630,5.04900598526001,5.0,5.0,5.0,5.20345532246629,5.305182983699437,5.406910644932582
4631,5.170065402984619,5.0,5.0,5.0,5.0,5.351015991217509,5.585026652029182
4632,5.035888195037842,5.0,5.0,5.0,5.0,5.0,5.0
4633,5.6236653327941895,5.0,5.0,5.0,5.0,5.0,5.12757241303992
4634,5.0627617835998535,5.0,5.0,5.0,5.0,5.03236876304957,5.148780806775779
4635,5.143261909484863,5.0,5.0,5.0,5.0,5.0,5.0
4636,5.472945690155029,5.0,5.0,5.0,5.0,5.0,5.0
4637,6.105586528778076,5.0,5.0,5.0,5.717948779044448,6.154656928386707,6.8675683249985315
4638,5.2941765785217285,5.0,5.0,5.0,5.0,5.0,5.317005330405837
4639,4.834753036499023,5.0,5.0,5.06246936830415,5.20446769648675,5.2839966563652006,5.389423339022647
4640,5.084959506988525,5.0,5.0,5.0,5.7366550031619,6.053660333567737,6.31934349279846
4641,4.995518207550049,5.0,5.0,5.0,5.0,5.552491252371425,6.7251911251650505
4642,6.118969440460205,6.1487416512809245,5.0,5.287967737291256,7.461462975529174,8.170234422669175,8.401017899130922
4643,5.634617328643799,5.0,5.0,5.0,5.583745543646882,6.167491087293763,6.433230545814891
4644,4.7317681312561035,5.0,5.0,5.0,5.0,5.0,5.0
4645,5.673915386199951,5.886056647693163,5.0,5.42021640338319,6.657577319177793,7.1249387366083,7.481486060122112
4646,5.553910732269287,6.7447274948966935,5.0,5.0,5.117005330405836,5.468021321623346,6.748955999889548
4647,6.684865474700928,8.236572006437063,5.0,6.054231271163718,7.256077439944282,8.1249387366083,8.627853508438662
4648,5.577783584594727,5.301029995663981,5.0,5.42021640338319,6.657577319177793,7.1249387366083,7.481486060122112
4649,6.94472599029541,7.42021640338319,5.0,5.0,6.278328604148765,7.086992643672552,7.7605410118764535
4650,5.371096134185791,5.2441251443275085,5.0,5.0,5.0,5.768718582206093,6.934458917154219
4651,6.176525592803955,10.4089353929735,5.0,5.42021640338319,6.657577319177793,7.1249387366083,7.481486060122112
4652,6.0599365234375,6.468521082957745,5.0,5.18837535480105,6.30571692463636,6.7661930404308706,7.007023843501842
4653,5.37395715713501,5.0,5.0,5.0,5.117005330405836,5.468021321623346,6.748955999889548
4654,5.466176509857178,5.0,5.0,5.0,5.0,6.318758762624412,6.5376020021010435
4655,6.034979343414307,5.0,5.455931955649724,6.839926856944473,7.240743030061056,7.522878745280337,8.002182402701225
4656,5.101674556732178,5.853871964321762,5.0,5.0,5.5376020021010435,5.721246399047171,6.026872146400302
4657,6.842531681060791,5.136677139879544,5.0,5.0,5.0,5.0,5.0
4658,7.102802753448486,5.0,5.0,6.054231271163718,7.256077439944282,8.1249387366083,8.627853508438662
4659,4.851377964019775,5.0,5.0,5.0,5.0,5.0,5.0
4660,5.337265968322754,5.0,5.0,5.0,5.0,5.0,5.0
4661,5.383292198181152,5.0,5.0,5.0,5.0,5.0,5.4089353929735005
4662,5.548235893249512,5.0,5.0,6.1531365255381765,6.499796115887473,6.650291819404307,6.885710295924456
4663,6.302547931671143,6.050609993355087,5.0,5.42021640338319,6.657577319177793,7.1249387366083,7.481486060122112
4664,5.029786586761475,5.0,5.0,5.0,5.6,6.671112282106433,7.686473844022299
4665,4.7626566886901855,5.0,5.0,5.0,5.0,5.0,5.0
4666,4.884762287139893,5.0,5.0,5.0,5.0,5.0,5.0
4667,5.681225299835205,5.0,5.0,5.0,5.708512583073295,6.456685660619315,8.053554394051933
4668,4.964544773101807,5.0,5.0,5.0,5.04997549464332,5.146666040200967,5.396975746372329
4669,5.979090690612793,5.0,5.0,5.0,5.0,5.0,5.0
4670,5.103635787963867,5.0,5.0,5.0,5.958607314841775,6.070581074285707,6.113509274827518
4671,6.302547931671143,10.431798275933005,5.0,5.42021640338319,6.657577319177793,7.1249387366083,7.481486060122112
4672,5.052803039550781,5.0,5.0,5.0,5.0,5.0,5.6777807052660805
4673,5.251908779144287,5.6020599913279625,5.0,5.0,5.0,5.16056374410622,5.992661405874745
4674,4.961557388305664,7.161150909262744,5.0,5.0,5.0,5.093971785205677,5.226292647534192
4675,5.094306945800781,5.0,5.0,5.0,5.0,5.0,5.0
4676,4.909268379211426,5.0,5.0,5.0,5.0,5.026200619502573,5.429169121047358
4677,5.956542491912842,5.920818753952375,5.0,5.42021640338319,6.657577319177793,7.1249387366083,7.481486060122112
4678,5.143503665924072,5.0,5.0,5.0,5.0638272163982405,5.255308865592963,5.4467905147876845
4679,5.628790378570557,6.585026652029182,5.0,5.328788659588897,5.885292569477766,6.015710880738921,6.572000504422791
4680,4.965423107147217,5.0,5.0,5.0,5.0,5.0,5.0
4681,4.934667587280273,5.0,5.0,5.0,5.0,5.0,5.0
4682,4.947024345397949,5.0,5.0,5.465907069126919,6.809959463326123,7.481647993062371,7.70932775827525
4683,5.74711799621582,5.0,5.0,5.0,5.481515245560481,5.850820228732402,6.0963131810635645
4684,5.000903606414795,5.0,5.0,5.0,5.329878389978372,5.420171791158,5.575313958251336
4685,5.599069118499756,5.958607314841775,5.0,5.0,5.335556141053215,6.342224564212866,7.434122917496055
4686,4.851078033447266,5.0,5.0,5.0,5.0,5.0,5.0
4687,4.911106586456299,5.0,5.0,5.0,5.0,5.331515463835559,6.737412782824986
4688,6.120117664337158,8.958607314841775,5.0,5.0,5.0,5.0,5.895349126175367
4689,5.165241718292236,5.0,5.0,5.0,5.0,5.0,5.0
4690,5.01581335067749,5.0,5.0,5.0,5.095627628787324,5.403952509078869,5.807929816367233
4691,5.220867156982422,5.0,5.0,5.0,5.509691001300805,6.858146007804834,7.63075221594426
4692,5.132650852203369,5.0,5.0,5.0,5.0,5.0,5.0
4693,5.5382304191589355,6.638272163982407,5.0,5.0,5.0,5.1925944240488455,5.658495156981774
4694,4.7948408126831055,5.0,5.0,5.261439372640169,5.9076542845912,6.292429823902063,7.125518569371919
4695,4.744574069976807,5.0,5.0,5.0,5.7366550031619,6.053660333567737,6.31934349279846
4696,5.172657012939453,5.552841968657781,5.0,5.0,5.596490607097571,6.025706859412084,6.4526793486171155
4697,7.3918681144714355,8.214670164989233,5.0,5.0,5.0,5.0,6.07116140690399
4698,6.35703706741333,7.259637310505756,5.0,5.0,5.0,5.1925944240488455,5.658495156981774
4699,7.0473551750183105,7.795880017344075,5.0,5.0,6.368669355166785,6.609493351697969,7.040192160757503
4700,5.633073329925537,6.055517327849832,5.0,5.0,5.717948779044448,6.154656928386707,6.8675683249985315
4701,5.1274638175964355,5.0,5.0,5.0,5.0,5.0,5.4089353929735005
4702,4.86349630355835,5.0,5.0,5.0,5.0,5.0,5.0
4703,5.263446807861328,5.0,5.0,5.0,5.708512583073295,6.456685660619315,8.053554394051933
4704,4.9667582511901855,5.0,5.0,5.0,5.5376020021010435,5.721246399047171,6.026872146400302
4705,5.1727166175842285,5.0,5.0,5.0,5.201449578395039,6.139488794400743,6.543303570590206
4706,5.453314304351807,5.0,5.0,5.0,5.101727661233145,5.717368524130526,6.277112444960014
4707,5.244232654571533,5.0,5.0,5.0,5.0,5.0,5.0
4708,4.941472053527832,5.0,5.0,5.0,5.0,5.371873254973036,6.369608053117638
4709,5.032530784606934,5.0,5.0,5.0,5.0,5.3707743928643525,6.112323178593057
4710,4.641829490661621,5.0,5.0,5.0,5.0,5.0,5.955056020812891
4711,7.107960224151611,7.823908740944319,5.0,5.287967737291256,7.461462975529174,8.170234422669175,8.401017899130922
4712,6.000770092010498,5.0,5.0,5.0,5.747866492601998,6.276799720315459,6.5119362786376165
4713,6.485760688781738,9.0,5.0,5.0,5.0,5.0,5.149669314685716
4714,4.984392166137695,5.0,5.0,5.0,5.090836138293877,5.342313722939064,5.714610867233399
4715,6.303398132324219,7.136677139879544,5.0,5.032750774378217,5.696834746491283,6.468685246554372,6.673751488085751
4716,5.35376501083374,5.0,5.0,5.0,5.1604035918505,5.622826716909309,6.0898160921468385
4717,4.749697685241699,5.0,5.0,5.0,5.0,5.301727661233146,6.61798047468195
4718,5.1721673011779785,5.0,5.0,5.5376020021010435,6.068170466997458,6.51022560613271,6.798055961229678
4719,5.473927974700928,5.468521082957745,5.0,5.0,5.0,5.0,6.015040800840419
4720,6.252030849456787,6.443697499232712,5.0,5.769551078621726,7.002632177292251,7.840628610219042,8.59864862673098
4721,5.78163480758667,5.0,5.378913216807529,5.958607314841775,6.717273000560288,6.850382250330102,7.853112668883502
4722,5.512196063995361,5.0,5.0,5.074370825640463,5.6777807052660805,5.93394602718122,7.162746583357596
4723,5.292431354522705,5.0,5.0,5.465907069126919,6.809959463326123,7.481647993062371,7.70932775827525
4724,5.2508111000061035,5.0,5.0,5.0,5.0,5.0,5.3014005676816796
4725,5.041807174682617,5.0,5.0,5.0,5.853660333567736,6.21269753761629,6.952842911422624
4726,5.534818649291992,5.0,5.0,5.42021640338319,6.657577319177793,7.1249387366083,7.481486060122112
4727,6.148870468139648,7.275724130399211,5.0,5.0,5.832079254105832,6.155946574837715,6.577685037796933
4728,6.361464977264404,7.920818753952375,5.0,5.0,5.309772914624212,5.785123056544632,6.580936883073365
4729,6.032766819000244,5.494850021680094,5.0,5.42021640338319,6.657577319177793,7.1249387366083,7.481486060122112
4730,5.026212215423584,5.0,5.0,5.0,5.0,5.03236876304957,5.148780806775779
4731,5.852497577667236,5.585026652029182,5.0,5.0,5.0,5.63741732867143,6.912251986014287
4732,5.304647922515869,5.0,5.0,5.0,5.101727661233145,5.520030657457415,5.848767903643857
4733,5.3760905265808105,5.0,5.0,5.42021640338319,6.657577319177793,7.1249387366083,7.481486060122112
4734,5.814847469329834,5.0,5.0,5.30033623392066,6.271896009882983,6.480994761799621,8.877103382651214
4735,5.340221881866455,5.0,5.0,5.0,5.0,5.0594966605123695,5.533901498419491
4736,5.153198719024658,5.0,5.0,5.33889035263304,5.770689473640969,5.908845318154531,6.0508638306165725
4737,5.815726280212402,5.0,5.0,5.287967737291256,7.461462975529174,8.170234422669175,8.401017899130922
4738,5.176645755767822,5.0,5.0,5.06246936830415,5.20446769648675,5.2839966563652006,5.389423339022647
4739,6.002614498138428,7.008773924307505,5.0,5.0,5.0,5.0,5.4089353929735005
4740,4.717470645904541,5.0,5.0,5.0,5.003621217265445,5.088723738510172,5.694820453954792
4741,5.311840534210205,5.0,5.0,5.0,5.0,5.0,6.468521082957745
4742,4.866081714630127,5.0,5.0,5.0,5.0,5.05679933127304,5.4839966563652
4743,5.423004627227783,5.0,5.0,5.011138197355576,5.888215363036752,6.241208065863358,6.365039369692465
4744,5.205464839935303,5.0,5.0,5.0,5.0,5.0,5.0
4745,6.8650336265563965,5.0,5.0,5.0,5.0,5.0,5.0
4746,5.397658348083496,5.0,5.0,5.0,5.895766104529767,6.125386129798948,6.502223389960223
4747,5.274910926818848,5.251811972993799,5.0,5.0,5.04997549464332,5.146666040200967,5.396975746372329
4748,6.504429340362549,5.721246399047171,5.0,5.287967737291256,7.461462975529174,8.170234422669175,8.401017899130922
4749,5.409596920013428,5.0,5.0,5.0,5.0,5.0,5.0
4750,5.927438259124756,6.366531544420414,5.0,5.0,5.0,5.0,5.0
4751,5.538909435272217,5.0,5.0,5.0,5.698970004336019,6.119186407719209,6.568636235841013
4752,4.688043594360352,5.0,5.0,5.0,5.0,5.139140157839338,5.395587282774788
4753,5.183729648590088,5.096910013008056,5.0,5.0,5.163951071032141,5.327902142064283,6.048726610343005
4754,5.581126689910889,6.130768280269024,5.0,5.0,5.335556141053215,6.342224564212866,7.434122917496055
4755,5.762034893035889,5.0,5.0,5.0,5.0,5.0,5.0
4756,4.707736015319824,5.853871964321762,5.0,5.547102059816066,5.779545458967391,5.920818753952375,6.67630851494269
4757,5.158383846282959,5.0,5.0,5.0,5.0,5.0,5.0
4758,5.264348983764648,5.6777807052660805,5.0,5.0,5.0,5.0,5.955056020812891
4759,6.013947010040283,5.0,6.076163040999861,6.170565203899018,6.233499979165125,6.264967366798177,6.29643475443123
4760,5.120504379272461,5.0,5.0,5.0,5.0,5.0,5.60806164392009
4761,6.876979827880859,7.769551078621726,5.0,5.928180382362728,6.772577569995745,7.568636235841013,8.324875990832918
4762,5.422349452972412,5.0,5.0,5.0,5.0,5.0,5.0
4763,4.836751937866211,7.2076083105017466,5.0,5.0,5.0,5.026200619502573,5.429169121047358
4764,6.366518497467041,5.0,5.0,6.1531365255381765,6.499796115887473,6.650291819404307,6.885710295924456
4765,5.135495185852051,5.0,5.0,5.0,5.0,5.0,5.0
4766,5.168850898742676,5.0,5.0,5.0,5.112251986014286,5.333388773477399,5.569928007722705
4767,4.81706428527832,5.0,5.0,5.0,5.0,5.0,5.12757241303992
4768,6.635384559631348,5.0,5.0,5.547102059816066,5.779545458967391,5.920818753952375,6.67630851494269
4769,5.424454689025879,5.0,5.0,5.457176355851572,5.760374041286161,5.882984820353755,6.11948012689327
4770,5.413926124572754,5.0,5.0,5.0,5.717948779044448,6.154656928386707,6.8675683249985315
4771,4.913475513458252,5.638272163982407,5.0,5.0,5.0,5.494850021680094,5.698970004336019
4772,4.994248867034912,5.0,5.0,5.0,5.0,5.0,5.314266750356872
4773,4.973646640777588,5.0,5.0,5.0,5.0,5.0,5.12757241303992
4774,5.826179027557373,6.6020599913279625,5.0,5.0,5.0,5.0,5.0
4775,5.015774250030518,5.0,5.0,5.0,5.0,5.0,5.0
4776,5.565006732940674,5.585026652029182,5.0,5.42021640338319,6.657577319177793,7.1249387366083,7.481486060122112
4777,5.507565975189209,5.795880017344075,5.0,5.0,5.340823996531185,5.727202434050302,5.828575698611751
4778,5.049019813537598,5.0,5.0,5.0,5.0,5.103854924202302,5.3616200641289495
4779,5.479875564575195,5.0,5.0,5.0,5.0,5.0,5.0
4780,6.10718297958374,7.886056647693163,5.0,5.0,5.853660333567736,6.21269753761629,6.952842911422624
4781,5.088390827178955,5.0,5.0,5.0,5.0,5.0,5.0
4782,5.004479885101318,5.0,5.0,5.0,5.6020599913279625,5.7447274948966935,5.886056647693163
4783,5.579041957855225,5.0,5.0,5.0,5.003621217265445,5.125582227794969,5.320642433508986
4784,4.990353107452393,5.0,5.0,5.0,5.252129842029914,5.652129842029915,6.159176003468815
4785,4.91868257522583,5.0,5.0,5.0,5.0,5.0,5.0
4786,5.673915386199951,6.026872146400302,5.0,5.42021640338319,6.657577319177793,7.1249387366083,7.481486060122112
4787,5.050515174865723,5.0,5.0,5.0,5.0,5.0,5.0
4788,4.890721321105957,5.0,5.0,5.0,5.097170173104912,5.229849699277086,5.693936665414687
4789,7.29586935043335,5.119186407719209,5.0,5.42021640338319,6.657577319177793,7.1249387366083,7.481486060122112
4790,5.412604331970215,5.301029995663981,5.0,5.0,5.0,5.0,5.085387196432176
4791,4.886376857757568,5.0,5.0,5.227965977824862,5.529434997455911,5.5376020021010435,5.642138395778679
4792,5.426558017730713,6.0,5.0,5.0,5.26289556697899,5.774816866366195,5.804897680378984
4793,5.254786014556885,5.0,5.0,5.0,5.0,5.0,5.638272163982407
4794,5.2407450675964355,5.0,5.0,5.0,5.0,5.0,5.0
4795,4.833224296569824,5.0,5.0,5.0,5.0,5.0,5.267606240177032
4796,4.749389171600342,5.0,5.0,5.0,5.442273574926224,5.9699280077227055,6.804100085852557
4797,4.991299152374268,5.292429823902063,5.0,5.0,5.1654344782395265,5.406258474770712,5.695764207919511
4798,5.828301906585693,5.0,5.0,5.0,5.0,5.026200619502573,5.429169121047358
4799,4.882174968719482,5.0,5.0,5.0,5.0,5.241230752217968,5.6218487496163565
4800,6.049130916595459,5.886056647693163,5.0,5.0,5.0,5.0,5.0
4801,5.207420825958252,5.0,5.0,5.0,5.0,5.084043280676638,5.252129842029914
4802,5.152623653411865,5.0,5.0,5.0,5.0,5.0,5.468521082957745
4803,5.571427345275879,5.0,5.0,5.0,5.0,5.7510871837962805,6.699686629564667
4804,5.161865711212158,5.0,5.0,5.0,5.0,5.0,5.0
4805,4.559390544891357,5.0,5.0,5.0,5.0,5.0,5.0
4806,5.268235683441162,5.0,5.0,5.0,6.721246399047171,7.102372908709558,7.221848749616356
4807,4.892180442810059,5.0,5.0,5.0,5.1916350977420995,5.494997974617254,5.904956590427026
4808,4.873952388763428,5.0,5.0,5.0,5.0,5.012096149476276,5.089111421265709
4809,6.017938137054443,5.0,5.0,5.0,5.345438620746404,5.564820623348016,5.830865318178036
4810,5.520554065704346,5.823908740944319,5.0,5.0,5.958607314841775,6.0,6.022276394711152
4811,5.411411285400391,5.0,5.0,5.42021640338319,6.657577319177793,7.1249387366083,7.481486060122112
4812,5.094698429107666,5.0,5.0,5.0,5.0,5.0,5.3014005676816796
4813,6.32242488861084,5.0,5.0,5.287967737291256,7.461462975529174,8.170234422669175,8.401017899130922
4814,5.633570194244385,5.638272163982407,5.0,5.0,5.0,5.984570506477258,6.408945452815283
4815,5.667568206787109,5.0,5.0,5.292429823902063,5.801396958063174,6.210789396402983,6.471963329792007
4816,4.925082683563232,8.537602002101044,5.0,5.0,5.0,5.0,5.0
4817,5.660408973693848,5.0,5.0,6.481486060122113,7.734530109732988,8.275008751784874,8.346813140313207
4818,4.844981670379639,5.0,5.0,5.0,5.0,5.0,5.864737526099142
4819,5.1592302322387695,5.0,5.0,5.122062572163754,5.770689473640969,5.900566781122885,5.985661382193382
4820,5.5214524269104,5.0,5.0,5.0,5.150741978564387,5.449959733306949,6.1009273341251244
4821,5.988431453704834,5.886056647693163,5.0,5.0,5.0,6.318758762624412,6.5376020021010435
4822,4.802112579345703,5.0,5.0,5.0,5.139794000867203,5.559176003468815,5.819382002601611
4823,5.933801174163818,6.721246399047171,5.045829597671571,5.568636235841013,7.83670401387526,7.959176003468815,8.440949163483824
4824,5.135986804962158,5.0,5.0,5.0,5.0,5.0,5.0
4825,5.216955661773682,5.0,5.0,5.0,5.192973858767064,5.328501281388417,6.025031859678254
4826,4.964566707611084,5.0,5.0,5.0,5.0,5.0,5.07535014192042
4827,5.285935878753662,5.0,5.0,5.0,5.0,5.148945498979339,5.832233621235863
4828,5.913804531097412,5.0,5.0,5.0,5.0,5.296297212024423,5.888891636073268
4829,4.955633640289307,5.0,5.0,5.0,5.0,5.0,5.0
4830,5.773408889770508,5.0,5.0,5.0,5.0,5.0,5.0
4831,5.6751627922058105,5.508638306165727,5.0,5.0,5.375890719404962,5.920818753952375,6.289198036565084
4832,5.055636882781982,5.0,5.0,5.0,5.0,5.1355561410532165,5.4066684231596485
4833,5.991633892059326,6.5376020021010435,5.0,5.372363747448347,6.566292336749683,6.899319376099946,7.31858214935268
4834,5.1773362159729,5.0,5.0,5.0,5.0,5.0,5.0
4835,6.4578752517700195,5.0,5.0,6.054231271163718,7.256077439944282,8.1249387366083,8.627853508438662
4836,4.8877739906311035,5.0,5.0,5.0,5.26935749724493,6.077429988979726,6.5496212774634985
4837,5.05763578414917,5.0,5.0,5.0,5.0,5.0,5.0
4838,6.288461685180664,5.0,5.0,5.0,5.0,5.0,6.07116140690399
4839,6.203769683837891,5.619788758288394,5.0,5.0,5.623884751944768,6.010375075152911,6.169468565440889
4840,6.081463813781738,5.0,5.0,6.299299729609228,7.56968241169672,7.787170498505569,7.910390122074611
4841,4.984260082244873,5.3979400086720375,5.0,5.0,5.218302996224269,5.873211984897081,6.295732985203996
4842,5.006712436676025,5.0,5.0,5.0,5.583745543646882,6.167491087293763,6.433230545814891
4843,5.099900722503662,5.0,5.0,5.0,5.583745543646882,6.167491087293763,6.433230545814891
4844,5.523792266845703,5.0,5.0,5.0,5.0,5.279588001734408,6.594799162246874
4845,4.865750312805176,5.0,5.0,5.0,5.0,5.083043324200698,5.371461077681457
4846,4.990875244140625,5.0,5.0,5.0,5.0,5.0,5.0
4847,4.818134307861328,5.42021640338319,5.0,5.0,5.0,5.0,5.0
4848,4.917719841003418,5.0,5.0,5.0,5.0,5.0,5.314266750356872
4849,5.198692798614502,5.0,5.0,5.0,5.0,5.0,5.0
4850,6.347950458526611,8.443697499232712,5.0,5.886056647693163,6.411483315576424,6.812020239627062,7.869565169179853
4851,6.311406135559082,5.958607314841775,5.0,5.032750774378217,5.696834746491283,6.468685246554372,6.673751488085751
4852,6.170592784881592,5.0,5.0,5.0,5.856464859428565,6.2960837014903515,6.823603534477858
4853,5.615376949310303,5.0,5.0,5.0,5.491206246861287,6.546096010217774,8.248901276889617
4854,5.175460338592529,5.0,5.0,5.0,5.0,5.0,5.583745543646882
4855,5.988622188568115,6.0,5.0,5.0,5.55007498130775,6.226778245030048,6.406763468004177
4856,5.9528584480285645,5.0,5.0,5.769551078621726,7.002632177292251,7.840628610219042,8.59864862673098
4857,4.764204502105713,5.0,5.0,5.0,5.0,5.0,5.0
4858,5.508125305175781,7.119186407719209,5.0,5.5376020021010435,6.068170466997458,6.51022560613271,6.798055961229678
4859,5.734358310699463,5.0,5.0,5.0,5.075720713938118,6.214670164989233,6.327902142064283
4860,5.179103374481201,5.0,5.0,5.0,5.0,5.0,5.3191360819912035
4861,6.0026164054870605,5.0,5.0,5.0,5.0,5.0916591953431425,5.269678045872886
4862,6.444308280944824,5.6777807052660805,5.0,5.0,5.0,5.0,5.0
4863,5.096736431121826,5.0,5.0,5.0,5.0,5.223837281543842,6.140057981153716
4864,5.292769908905029,5.0,5.0,5.030240373690691,5.979796630032903,6.440875561547003,6.637736343307488
4865,5.215978145599365,5.017728766960431,5.0,5.0,5.0,5.0,5.634010660811674
4866,4.9864888191223145,5.0,5.0,5.0,5.0,5.0,5.0
4867,5.295553684234619,5.0,5.0,5.0,5.0,5.0,5.0
4868,5.779300212860107,5.0,5.0,5.0,5.0,5.0,5.42166897466197
4869,5.354033946990967,5.0,5.0,5.0,5.008092190762393,5.555595640645169,6.751306992442353
4870,5.490098476409912,5.853871964321762,5.0,5.0,5.6869396686154365,6.036964173972116,6.7003820015986735
4871,5.483773708343506,5.0,5.0,5.0,5.717948779044448,6.154656928386707,6.8675683249985315
4872,5.050273418426514,5.0,5.0,5.0,5.0,5.0,5.0
4873,5.740950107574463,5.508638306165727,5.0,5.0,5.0,6.366531544420414,8.494850021680094
4874,5.16314172744751,5.207608310501746,5.0,5.0,5.36804185367615,5.695208145805298,6.305438650294773
4875,5.098992347717285,5.0,5.0,5.0,5.0,5.0,5.552841968657781
4876,6.310797691345215,7.481486060122112,5.0,5.0,5.159379381312206,5.318758762624412,5.988168040901103
4877,4.950573444366455,5.0,5.0,5.0,5.494752000253373,5.647915503315358,6.239625999943646
4878,5.004851818084717,5.0,5.0,5.0,5.0,5.0,5.129818655252878
4879,5.206488132476807,5.0,5.0,5.0,5.0,5.0,5.003509569723002
4880,4.453347682952881,5.0,5.0,5.0,5.0,5.0,5.0
4881,5.1546502113342285,5.0,5.0,5.0,5.0,5.1355561410532165,5.4066684231596485
4882,5.071183681488037,5.0,5.0,5.0,5.0,5.0,5.42166897466197
4883,6.429349422454834,6.522878745280337,5.0,5.0,5.708512583073295,6.456685660619315,8.053554394051933
4884,5.983431339263916,6.522878745280337,5.0,5.0,5.0,5.0,5.204575749056067
4885,6.134423732757568,8.744727494896694,5.0,5.0,5.068105564896511,5.409654350625216,6.169457226644011
4886,5.325636386871338,5.0,5.0,5.0,5.0,5.0,5.42166897466197
4887,4.996946811676025,5.0,5.0,5.0,5.0,5.0,5.552841968657781
4888,5.682142734527588,5.0,5.0,5.0,5.216373919714151,5.954208448776369,6.926693965314053
4889,4.992275238037109,5.0,5.0,5.0,5.708512583073295,6.456685660619315,8.053554394051933
4890,4.901731014251709,5.0,5.0,5.0,5.0,5.0,5.0
4891,5.109767913818359,5.0,5.0,5.0,5.0,5.0,5.0795880017344075
4892,5.217179775238037,5.6020599913279625,5.0,5.0,5.844698206593385,6.011255601796691,6.26164275048356
4893,4.974215030670166,5.0,5.0,5.0,5.0,5.0,5.3872161432802645
4894,5.096912860870361,5.5376020021010435,5.0,5.0,5.0,5.0,5.0
4895,5.0998921394348145,5.0,5.0,5.0,5.0,5.327902142064283,6.2076083105017466
4896,5.776607990264893,5.0,5.0,5.0,5.0,5.093971785205677,5.226292647534192
4897,5.827386379241943,5.0,5.0,5.0,5.0,5.0,6.07116140690399
4898,5.754426956176758,5.0,5.0,5.0,5.708512583073295,6.456685660619315,8.053554394051933
4899,5.79388952255249,8.431798275933005,5.206303410289213,6.721246399047171,6.920941467630807,7.025595927443738,7.175003442918692
4900,5.252974033355713,5.0,5.0,5.0,5.086359655186601,5.345438620746404,6.887311395274088
4901,5.347851753234863,5.0,5.0,5.18837535480105,6.7396216559868245,6.886056647693163,7.169199170261093
4902,5.479430675506592,6.017728766960431,5.0,5.0,5.0,5.0,5.0
4903,6.000279903411865,5.0,5.0,5.0,5.0,5.0,5.0
4904,6.790559768676758,5.920818753952375,5.0,6.200659450546418,6.638272163982407,8.221848749616356,8.958607314841775
4905,5.575658798217773,5.431798275933005,5.0,5.074370825640463,5.6777807052660805,5.93394602718122,7.162746583357596
4906,6.265390396118164,6.481486060122113,5.0,5.287967737291256,7.461462975529174,8.170234422669175,8.401017899130922
4907,5.160628795623779,7.055517327849832,5.0,5.0,5.0,5.0,5.904700876731446
4908,5.03222131729126,5.0,5.0,5.0,5.468521082957745,6.167491087293763,6.920818753952375
4909,6.686405658721924,7.267606240177032,5.0,5.42021640338319,6.657577319177793,7.1249387366083,7.481486060122112
4910,5.290030479431152,5.0,5.0,5.0,5.5376020021010435,5.721246399047171,6.026872146400302
4911,5.254490375518799,5.0,5.0,5.0,5.0,5.0,5.0
4912,4.817428112030029,5.0,5.0,5.0,5.0,5.0,5.0
4913,5.823744773864746,7.5376020021010435,5.0,5.0,5.192973858767064,5.328501281388417,6.025031859678254
4914,5.007693767547607,6.040958607678906,5.0,5.0,5.0,5.0,5.1
4915,5.614511966705322,6.2441251443275085,5.0,5.0,5.0,5.0,5.0
4916,6.3783650398254395,6.886056647693163,5.0,5.0,5.747866492601998,6.276799720315459,6.5119362786376165
4917,5.123778820037842,5.0,5.0,5.0,5.494752000253373,5.647915503315358,6.239625999943646
4918,4.808747291564941,5.0,5.0,5.0,5.0,5.071309464702763,5.2139283941082875
4919,5.155034065246582,5.0,5.0,5.0,5.0,5.0,5.045403709931007
4920,5.5480170249938965,5.958607314841775,5.0,5.42021640338319,6.657577319177793,7.1249387366083,7.481486060122112
4921,5.1374430656433105,5.0,5.0,5.0,5.0,5.093971785205677,5.226292647534192
4922,5.079675674438477,5.0,5.0,5.0,5.0,5.259497564773153,5.797940008672038
4923,5.127308368682861,5.0,5.0,5.0,5.0,5.0,5.009691001300806
4924,4.51395845413208,5.0,5.0,5.0,5.0,5.0,5.0
4925,5.735753059387207,6.2839966563652006,5.0,5.42021640338319,6.657577319177793,7.1249387366083,7.481486060122112
4926,4.89583158493042,5.0,5.0,5.0,5.0,5.3707743928643525,6.112323178593057
4927,5.472501277923584,5.0,5.0,5.0,5.0,5.0,5.0
4928,6.961038112640381,7.366531544420414,5.0,5.769551078621726,7.002632177292251,7.840628610219042,8.59864862673098
4929,5.204066753387451,5.0,5.0,5.0,5.0,5.0,5.0
4930,5.553311824798584,5.0,5.0,5.0,5.0,5.259078965559803,6.099531988906442
4931,5.581887722015381,5.0,5.0,6.481486060122113,7.734530109732988,8.275008751784874,8.346813140313207
4932,6.0150299072265625,6.036212172654444,5.0,5.0,5.0,5.139140157839338,5.395587282774788
4933,5.729913711547852,5.657577319177793,5.0,5.0,6.081359291354222,6.4035294254543444,6.620538427799027
4934,4.964157581329346,5.0,5.0,5.0,5.0,5.0,5.149669314685716
4935,4.851143836975098,5.0,5.0,5.0,5.0,5.012096149476276,5.089111421265709
4936,7.213619709014893,6.6020599913279625,5.382963298389445,6.42021640338319,7.7229554474115485,8.285461606394016,8.584121974471215
4937,4.790689945220947,5.0,5.0,5.0,5.117005330405836,5.468021321623346,6.748955999889548
4938,6.137311935424805,7.721246399047171,5.0,5.33889035263304,5.770689473640969,5.908845318154531,6.0508638306165725
4939,4.8274245262146,5.0,5.0,5.0,5.303517951486582,5.772541840295507,6.237332733324225
4940,4.950832843780518,5.0,5.0,5.0,5.0,5.0,5.0
4941,5.95635461807251,7.6020599913279625,5.0,5.0,5.0,5.259497564773153,5.797940008672038
4942,6.470265865325928,5.6777807052660805,5.0,5.0,5.0,5.071309464702763,5.2139283941082875
4943,5.595330715179443,6.769551078621726,5.0,5.0,5.0,5.507042496070813,6.274290991274421
4944,5.879133224487305,6.443697499232712,5.0,5.0,5.468521082957745,6.167491087293763,6.920818753952375
4945,5.468141555786133,5.0,5.0,5.0,5.708512583073295,6.456685660619315,8.053554394051933
4946,5.341701984405518,5.0,5.0,5.0,5.0,5.0,5.0
4947,4.711434841156006,5.0,5.0,5.0,5.0,5.0,5.0
4948,5.815788745880127,5.0,5.0,5.0,5.0,5.0,5.0
4949,5.693976879119873,5.0,5.0,5.0,5.0,5.0,5.0
4950,5.0736083984375,6.267606240177032,5.0,5.0,5.0,5.0,5.0
4951,5.596281051635742,5.0,5.0,5.0,5.26289556697899,5.774816866366195,5.804897680378984
4952,5.123867511749268,5.0,5.0,5.0,5.0,5.0,5.305182983699436
4953,5.899268627166748,6.00436480540245,5.0,5.0,5.0,5.0,5.255144826079842
4954,5.486649513244629,5.552841968657781,5.015144142787624,5.6777807052660805,6.359508994354129,6.896667784042121,7.4288753542995805
4955,5.601648807525635,5.0,5.0,5.0,5.0,6.366531544420414,8.494850021680094
4956,5.405355453491211,5.0,5.0,5.0,5.342883161099869,5.813915343413893,5.936172597251873
4957,5.018024921417236,5.0,5.0,5.122062572163754,5.770689473640969,5.900566781122885,5.985661382193382
4958,5.51282262802124,5.0,5.0,5.0,6.368669355166785,6.609493351697969,7.040192160757503
4959,4.928036212921143,8.823908740944319,5.0,5.0,5.0,5.0,5.0
4960,5.91377592086792,6.130768280269024,5.0,5.0,5.0,5.507042496070813,6.274290991274421
4961,6.423646450042725,5.0,5.0,5.0,5.768744396507357,6.052401239005146,7.4183227671325565
4962,5.404139041900635,5.0,5.0,5.0,5.698970004336019,6.119186407719209,6.568636235841013
4963,5.36587381362915,5.292429823902063,5.0,5.0,5.0,5.0,5.09995098928664
4964,6.104495048522949,5.0,5.0,5.928180382362728,6.772577569995745,7.568636235841013,8.324875990832918
4965,5.533741474151611,7.6777807052660805,5.0,5.42021640338319,6.657577319177793,7.1249387366083,7.481486060122112
4966,5.293684959411621,5.0,5.0,5.328788659588897,5.885292569477766,6.015710880738921,6.572000504422791
4967,5.615215301513672,6.356547323513812,5.0,5.0,5.708512583073295,6.456685660619315,8.053554394051933
4968,5.348761081695557,5.481486060122113,5.0,5.42021640338319,6.793384992580273,7.137875212617382,7.140271358093056
4969,6.381258487701416,5.267606240177032,5.0,5.0,5.0,5.0,5.0
4970,5.4323954582214355,5.0,5.0,5.18837535480105,6.30571692463636,6.7661930404308706,7.007023843501842
4971,4.957194805145264,5.0,5.0,5.0,5.0,5.016383443071563,5.298347314555982
4972,5.182486057281494,5.0,5.0,5.0,5.0,5.63741732867143,6.912251986014287
4973,4.99202823638916,5.0,5.0,5.0,5.0,5.0,5.0
4974,4.800405025482178,5.0,5.0,5.0,5.0,5.0,5.622062572163754
4975,5.240591526031494,5.0,5.0,5.0,5.853660333567736,6.21269753761629,6.952842911422624
4976,6.962546348571777,8.309803919971486,5.0,5.287967737291256,7.461462975529174,8.170234422669175,8.401017899130922
4977,4.893073558807373,5.0,5.0,5.0,5.0,5.0,5.30945511543382
4978,5.861722469329834,5.0,5.0,5.928180382362728,6.772577569995745,7.568636235841013,8.324875990832918
4979,4.7626566886901855,5.0,5.0,5.0,5.0,5.0,5.0
4980,5.649645805358887,5.0,5.0,5.287967737291256,7.461462975529174,8.170234422669175,8.401017899130922
4981,4.914198398590088,5.0,5.0,5.0,5.0,5.0,5.0
4982,5.933570384979248,5.0,5.0,5.0,5.0,5.3707743928643525,6.112323178593057
4983,6.065756320953369,5.886056647693163,5.0,5.261439372640169,5.9076542845912,6.292429823902063,7.125518569371919
4984,5.438258647918701,5.0,5.0,5.619788758288394,6.26468584634236,6.445303843740749,7.131147698050925
4985,4.645534992218018,5.0,5.0,5.0,5.0,5.0,5.342800251070619
4986,5.721246719360352,5.853871964321762,5.0,5.0,5.0,5.0,5.0
4987,5.516500473022461,5.0,5.0,5.465907069126919,6.809959463326123,7.481647993062371,7.70932775827525
4988,5.63602352142334,7.050609993355087,5.0,5.0,5.159379381312206,5.318758762624412,5.988168040901103
4989,5.247448444366455,5.0,5.0,5.0,6.036212172654444,6.142667503568731,6.823908740944319
4990,5.754924297332764,5.0,5.0,5.0,5.491206246861287,6.546096010217774,8.248901276889617
4991,5.47814416885376,5.0,5.0,5.0,5.0,5.0,6.07116140690399
4992,6.272489547729492,5.0,5.0,5.0,5.0,6.42021640338319,6.481486060122113
4993,5.061886310577393,5.0,5.0,5.0,5.765188503875645,6.337734009539242,7.555434863764585
4994,5.028885364532471,5.0,5.0,5.0,5.112251986014286,5.333388773477399,5.569928007722705
4995,5.4592204093933105,5.0,5.0,5.0,5.823908740944319,5.958607314841775,6.619788758288394
4996,5.121755599975586,5.0,5.0,5.0,5.0,5.247314401287413,5.741943203862238
4997,5.519951820373535,6.2839966563652006,5.0,5.129818655252878,5.329481682537159,6.008456040717206,6.535526288668958
4998,5.517089366912842,5.0,5.0,5.0,5.0,5.0,5.0
4999,5.262278079986572,5.136677139879544,5.0,5.0,5.0,5.0,5.3191360819912035
5000,5.873569011688232,5.0,5.0,5.0,5.0,5.0,5.3191360819912035
5001,4.877681255340576,5.0,5.0,5.0,5.0,5.0,5.0
5002,4.725504398345947,5.0,5.0,5.0,5.336173122706551,5.502471299162677,5.940909367734202
5003,5.284486293792725,5.0,5.0,5.0,5.509691001300805,6.858146007804834,7.63075221594426
5004,6.342676162719727,9.769551078621726,5.5376020021010435,6.136677139879544,6.42021640338319,6.6020599913279625,7.161150909262744
5005,5.0321807861328125,5.0,5.0,5.0,5.218302996224269,5.873211984897081,6.295732985203996
5006,6.021456241607666,7.769551078621726,5.0,5.769551078621726,7.002632177292251,7.840628610219042,8.59864862673098
5007,6.233684539794922,8.075720713938118,5.0,5.0,5.210108201691595,5.42021640338319,5.5707314012151805
5008,6.181846618652344,6.267606240177032,5.0,5.0,5.329878389978372,5.420171791158,5.575313958251336
5009,5.85565185546875,6.769551078621726,5.0,5.0,5.0,5.766026570025314,6.106860737855564
5010,5.194268226623535,5.0,5.0,5.0,5.0,5.084043280676638,5.252129842029914
5011,5.9884724617004395,5.0,5.0,5.0,5.003621217265445,5.125582227794969,5.320642433508986
5012,5.851210117340088,5.0,5.0,5.769551078621726,7.002632177292251,7.840628610219042,8.59864862673098
5013,5.022675037384033,5.0,5.0,5.0,5.097170173104912,5.229849699277086,5.693936665414687
5014,4.871073246002197,5.481486060122113,5.0,5.0,5.336173122706551,5.502471299162677,5.940909367734202
5015,4.973099231719971,5.0,5.0,5.0,5.0,5.477528010406445,6.104288634424147
5016,5.356228351593018,5.0,5.0,5.0,6.721246399047171,7.102372908709558,7.221848749616356
5017,5.082122325897217,5.0,5.0,5.0,5.442273574926224,5.9699280077227055,6.804100085852557
5018,4.918877601623535,5.0,5.0,5.0,5.0,5.0,5.920818753952375
5019,5.9488205909729,6.229147988357855,5.0,5.0,6.081359291354222,6.4035294254543444,6.620538427799027
5020,5.1299662590026855,5.0,5.0,5.0,5.095627628787324,5.403952509078869,5.807929816367233
5021,6.052582740783691,5.0,5.0,5.769551078621726,7.002632177292251,7.840628610219042,8.59864862673098
5022,4.932839870452881,5.0,5.0,5.0,5.0,5.0,5.085387196432176
5023,5.090968132019043,5.0,5.0,5.0,5.0,5.0,5.0
5024,5.619314670562744,5.0,5.0,5.0,5.309772914624212,5.785123056544632,6.580936883073365
5025,4.786715984344482,5.0,5.0,5.0,5.0,5.0,5.119382002601611
5026,5.992567539215088,8.102372908709558,5.0,5.769551078621726,7.002632177292251,7.840628610219042,8.59864862673098
5027,5.210310459136963,5.0,5.0,5.0,5.0,5.0,5.4089353929735005
5028,5.83112096786499,5.0,5.0,6.481486060122113,7.734530109732988,8.275008751784874,8.346813140313207
5029,6.4190993309021,9.259637310505756,5.0,5.42021640338319,6.657577319177793,7.1249387366083,7.481486060122112
5030,5.0232696533203125,5.0,5.0,5.0,5.657577319177793,5.920818753952375,6.154901959985743
5031,5.066495895385742,5.0,5.0,5.0,5.0,5.0,5.3013094416207345
5032,5.181478023529053,5.0,5.0,5.0,5.0,5.0,5.864737526099142
5033,5.140354633331299,5.0,5.0,5.0,5.0,5.0802637802185675,5.370649559108152
5034,5.159726619720459,6.00436480540245,5.0,5.0,5.0,5.0,5.0
5035,5.16470193862915,5.0,5.0,5.0,5.0,5.103854924202302,5.3616200641289495
5036,5.322548866271973,5.0,5.0,5.0,5.0,5.0,5.085387196432176
5037,4.633625030517578,5.0,5.0,5.0,5.0,5.0,5.0
5038,5.243118762969971,5.0,5.0,5.0,5.0,5.1355561410532165,5.4066684231596485
5039,5.138833999633789,5.0,5.0,5.0,5.0638272163982405,5.255308865592963,5.4467905147876845
5040,6.906382083892822,6.568636235841013,5.0,5.0,5.090836138293877,5.342313722939064,5.714610867233399
5041,6.160295009613037,5.0,5.0,5.18837535480105,6.7396216559868245,6.886056647693163,7.169199170261093
5042,5.228092193603516,5.823908740944319,5.0,5.0,6.010237290870956,6.118490746653228,6.2535212480354065
5043,5.968514442443848,5.0,5.0,5.0,5.0,5.210121998671017,5.630365996013053
5044,5.355596542358398,5.0,5.0,5.0,5.0,5.0,5.0
5045,5.984666347503662,8.619788758288394,5.045829597671571,5.568636235841013,7.83670401387526,7.959176003468815,8.440949163483824
5046,5.915489673614502,7.113509274827518,5.0,5.0,5.6,6.671112282106433,7.686473844022299
5047,6.431344032287598,5.229147988357856,5.6936512982466265,6.821318484692428,7.295062717774298,7.354829414764048,7.459720859977528
5048,5.373646259307861,5.0,5.0,5.0,5.968889800705817,6.338153788612729,6.662443951152241
5049,4.666871070861816,5.0,5.0,5.059593203859604,5.621921275511394,6.232348276903211,6.79018639043693
5050,4.968724250793457,5.0,5.0,5.0,5.003621217265445,5.088723738510172,5.694820453954792
5051,5.19343376159668,5.0,5.0,5.0,5.0,5.0,5.468521082957745
5052,6.121254920959473,5.0,5.0,5.0,5.0,5.371873254973036,6.369608053117638
5053,5.491216659545898,5.0,5.0,5.0,5.0,6.318758762624412,6.5376020021010435
5054,5.48215913772583,5.0,5.0,5.0,5.576736118661023,5.901436751350764,6.360123729071389
5055,5.074419021606445,5.0,5.0,5.0,5.0,5.0,5.0
5056,4.833231449127197,5.0,5.0,5.0,5.0,5.0,5.0
5057,5.994927883148193,5.0,5.0,5.0,5.0,5.0,5.904700876731446
5058,4.680114269256592,5.0,5.0,5.261439372640169,5.9076542845912,6.292429823902063,7.125518569371919
5059,4.940088748931885,5.0,5.9901019303030605,6.591647408166742,7.128788772280643,7.208036362993901,7.287283953707157
5060,5.4850687980651855,5.42021640338319,5.0,5.0,5.0,5.0,5.267606240177032
5061,4.888177871704102,5.0,5.0,5.0,5.0,5.012096149476276,5.089111421265709
5062,5.711503028869629,5.0,5.0,5.0,5.0,5.0,5.0
5063,5.122488498687744,5.0,5.0,5.0,5.0,5.093971785205677,5.226292647534192
5064,5.425593852996826,5.0,5.0,5.0,5.0,5.0,6.468521082957745
5065,5.533497333526611,5.0,5.0,5.0,5.0,6.318758762624412,6.5376020021010435
5066,6.4190993309021,9.236572006437063,5.0,5.42021640338319,6.657577319177793,7.1249387366083,7.481486060122112
5067,5.1341753005981445,5.0,5.0,5.0,5.958607314841775,6.070581074285707,6.113509274827518
5068,4.935740947723389,5.0,5.0,5.0,5.097170173104912,5.229849699277086,5.693936665414687
5069,5.746075630187988,5.0,5.455931955649724,6.839926856944473,7.240743030061056,7.522878745280337,8.002182402701225
5070,5.718830585479736,5.045757490560675,5.0,5.5376020021010435,6.068170466997458,6.51022560613271,6.798055961229678
5071,5.601456642150879,6.180456064458132,5.0,5.0,5.0,5.0,5.552841968657781
5072,5.245267391204834,5.0,5.0,5.309894379144197,6.0491978875360894,6.32765564127649,6.517658239483867
5073,5.242607593536377,5.0,5.0,5.0,5.0,5.0,5.0
5074,5.06770658493042,5.0,5.0,5.0,5.0,5.0,5.701172650495527
5075,5.341888904571533,5.0,5.0,5.227965977824862,5.529434997455911,5.5376020021010435,5.642138395778679
5076,5.875815391540527,7.568636235841013,5.0,5.0,5.0,5.0,5.0
5077,5.489110469818115,5.0,5.0,5.0,5.0,5.0,5.3013094416207345
5078,5.332221984863281,5.0,5.0,5.0,5.7162920156096675,6.038747677265481,6.6638798638515
5079,5.673050403594971,5.0,5.0,5.0,5.0,5.552491252371425,6.617810671064914
5080,7.069488048553467,9.259637310505756,5.0,5.0,5.0,5.0,5.0
5081,4.981017589569092,5.0,5.0,5.0,5.0,5.203455322466291,5.620010954683868
5082,5.292318344116211,6.619788758288394,5.0,5.0,5.0,5.0,5.4604093769761874
5083,5.918635845184326,5.0,5.0,5.0,5.101727661233145,5.520030657457415,5.848767903643857
5084,5.045557498931885,5.0,5.0,5.0,5.0,5.301727661233146,6.61798047468195
5085,6.482387065887451,7.013228265733755,5.0,5.0,5.003621217265445,5.088723738510172,5.694820453954792
5086,5.2123026847839355,5.0,5.0,5.0,5.0,5.0,5.0
5087,5.22685432434082,5.0,5.0,5.0,5.823908740944319,5.958607314841775,6.619788758288394
5088,7.1667160987854,6.5376020021010435,5.142618929405526,5.356547323513812,6.088763051451145,6.454870915419811,6.8209787793884775
5089,5.287001609802246,5.0,5.0,5.0,5.0,5.0,5.583745543646882
5090,5.77498722076416,5.2839966563652006,5.0,5.0,5.230865323586517,5.820867764665735,6.715554367524456
5091,5.366790771484375,5.0,5.0,5.0,5.468521082957745,6.167491087293763,6.920818753952375
5092,5.122311115264893,6.886056647693163,5.0,5.0,5.342883161099869,5.813915343413893,5.936172597251873
5093,5.287716388702393,5.0,5.0,5.074370825640463,5.6777807052660805,5.93394602718122,7.162746583357596
5094,5.452425003051758,5.0,5.0,5.0,7.035625007497918,7.38004376813455,7.604730444456747
5095,5.757591724395752,5.0,5.0,5.0,5.0,5.0,5.0
5096,5.206518650054932,5.0,5.0,5.0,5.0,5.0,5.0
5097,4.779209613800049,5.0,5.0,5.0,5.7366550031619,6.053660333567737,6.31934349279846
5098,5.969825267791748,8.397940008672037,5.0,5.0,5.086359655186601,5.345438620746404,6.887311395274088
5099,5.504578113555908,5.0,5.0,5.0,5.491206246861287,6.546096010217774,8.248901276889617
5100,6.242049694061279,5.638272163982407,5.0,5.287967737291256,7.461462975529174,8.170234422669175,8.401017899130922
5101,5.65586519241333,5.0,5.0,5.0,5.708512583073295,6.456685660619315,8.053554394051933
5102,5.331422328948975,5.0,5.0,5.0,5.0,5.0,5.0
5103,5.2099609375,5.0,5.0,5.0,5.0,5.0,5.468521082957745
5104,4.645176410675049,5.0,5.0,5.0,5.0,5.0,5.0
5105,5.701016426086426,5.0,5.0,5.42021640338319,6.657577319177793,7.1249387366083,7.481486060122112
5106,7.065817356109619,7.823908740944319,5.0,5.614942352606449,7.844835868359313,8.098999141397796,9.13106355737751
5107,4.746120929718018,5.0,5.0,5.0,5.0,5.0,5.314266750356872
5108,5.286709308624268,6.214670164989233,5.0,5.0,5.0,5.0,5.287582194452533
5109,4.914786338806152,5.0,5.0,5.457176355851572,5.760374041286161,5.882984820353755,6.11948012689327
5110,5.233094692230225,5.0,5.0,5.0,5.0,5.0,5.0
5111,8.251410484313965,8.619788758288394,5.0,5.287967737291256,7.461462975529174,8.170234422669175,8.401017899130922
5112,6.523626327514648,6.431798275933005,5.382963298389445,6.42021640338319,7.7229554474115485,8.285461606394016,8.584121974471215
5113,5.271236896514893,5.0,5.0,5.292429823902063,5.801396958063174,6.210789396402983,6.471963329792007
5114,5.672741413116455,7.522878745280337,5.0,5.0,5.0,5.1355561410532165,5.4066684231596485
5115,4.889553546905518,5.0,5.0,5.0,5.958607314841775,6.070581074285707,6.113509274827518
5116,5.582946300506592,5.886056647693163,5.0,5.0,6.036212172654444,6.142667503568731,6.823908740944319
5117,5.225578308105469,5.0,5.0,5.0,5.0,5.0,5.0
5118,4.999570369720459,5.0,5.0,5.0,5.336173122706551,5.502471299162677,5.940909367734202
5119,5.133929252624512,6.481486060122113,5.0,5.0,5.0,5.0,5.342800251070619
5120,5.255148410797119,5.0,5.0,5.0,6.721246399047171,7.102372908709558,7.221848749616356
5121,7.093291282653809,5.0,5.0,5.0,5.0,5.0,5.3872161432802645
5122,5.515117168426514,5.0,5.0,5.0,5.0,5.0,5.0
5123,4.911660671234131,5.0,5.0,5.0,5.375890719404962,5.920818753952375,6.289198036565084
5124,7.0755085945129395,6.0655015487564325,5.0,5.0,5.708512583073295,6.456685660619315,8.053554394051933
5125,5.477605819702148,5.0,5.0,5.0,5.192973858767064,5.328501281388417,6.025031859678254
5126,5.052745819091797,5.0,5.0,5.0,5.0,5.0,5.634010660811674
5127,5.9040141105651855,5.0,5.0,5.287967737291256,7.461462975529174,8.170234422669175,8.401017899130922
5128,5.850961685180664,5.0,5.0,5.0,6.081359291354222,6.4035294254543444,6.620538427799027
5129,6.431764125823975,5.920818753952375,5.0,5.0,5.768744396507357,6.052401239005146,7.4183227671325565
5130,5.1948065757751465,5.0,5.0,5.0,5.0,5.05679933127304,5.4839966563652
5131,5.424753189086914,5.0,5.0,5.0,5.0,5.0,5.0
5132,5.493228435516357,5.0,5.0,5.0,5.708512583073295,6.456685660619315,8.053554394051933
5133,4.954225540161133,5.0,5.0,5.0,5.0,5.0,5.255144826079842
5134,5.150359630584717,5.0,5.0,5.455931955649724,5.7623113358060305,6.008024464539142,6.170518507620311
5135,5.888375759124756,5.142667503568732,5.0,5.287967737291256,7.461462975529174,8.170234422669175,8.401017899130922
5136,5.167455196380615,5.0,5.0,5.0,5.0,5.139140157839338,5.395587282774788
5137,5.897345066070557,5.0,5.0,5.0,5.0,5.0,5.0
5138,6.5439043045043945,8.09151498112135,5.0,5.0,5.0,5.0802637802185675,5.370649559108152
5139,6.132481098175049,6.0,5.0,5.769551078621726,7.002632177292251,7.840628610219042,8.59864862673098
5140,5.5759687423706055,6.443697499232712,5.0,5.0,5.0,5.279588001734408,6.594799162246874
5141,5.819782733917236,5.0,5.0,5.0,5.0,5.0,5.0
5142,5.618850231170654,5.0,5.0,5.0,5.0,5.0,5.09995098928664
5143,5.823872089385986,5.886056647693163,5.0,5.42021640338319,6.657577319177793,7.1249387366083,7.481486060122112
5144,5.686136722564697,5.0,5.0,5.0,5.0,5.0,5.0795880017344075
5145,5.4695963859558105,5.0,5.0,5.0,5.201449578395039,6.139488794400743,6.543303570590206
5146,5.411535739898682,5.0,5.0,5.06246936830415,5.20446769648675,5.2839966563652006,5.389423339022647
5147,4.75164270401001,5.0,5.0,5.0,5.0,5.0,5.0
5148,5.114758014678955,5.0,5.0,5.0,5.139794000867203,5.559176003468815,5.819382002601611
5149,5.996853351593018,5.0,5.5376020021010435,6.136677139879544,6.42021640338319,6.6020599913279625,7.161150909262744
5150,5.003425598144531,5.0,5.0,5.0,6.368669355166785,6.609493351697969,7.040192160757503
5151,5.688464164733887,5.721246399047171,5.0,5.0,5.876329286972975,7.012697251504221,7.26494905424264
5152,5.7147216796875,5.0,5.0,5.0,5.0,5.139140157839338,5.395587282774788
5153,5.806245803833008,5.0,5.0,5.0,5.0,5.0,5.01190543916038
5154,6.132481098175049,5.366531544420414,5.0,5.769551078621726,7.002632177292251,7.840628610219042,8.59864862673098
5155,5.162161827087402,5.346787486224656,5.0,5.0,5.0,5.0,5.267606240177032
5156,4.972479820251465,5.0,5.0,5.0,5.252129842029914,5.652129842029915,6.159176003468815
5157,6.0480241775512695,5.026872146400302,5.0,5.0,5.11302521288063,5.478611897220312,6.0218634973565965
5158,5.207348346710205,5.823908740944319,5.0,5.0,5.0,5.139140157839338,5.395587282774788
5159,5.129981994628906,5.0,5.0,5.0,5.0,5.0,5.119382002601611
5160,6.396246433258057,6.4089353929735005,5.0,5.030240373690691,5.979796630032903,6.440875561547003,6.637736343307488
5161,5.295740604400635,5.0,5.0,5.0,5.519066146175629,5.670701335829286,5.787170498505568
5162,4.790455341339111,5.0,5.0,5.0,5.0,5.0,5.055517327849831
5163,5.220296859741211,5.0,5.0,5.0,5.1916350977420995,5.494997974617254,5.904956590427026
5164,5.487591743469238,5.0,5.0,5.0,5.0,5.0,5.0
5165,5.201928615570068,5.0,5.0,5.0,5.0,5.0,5.377211329538633
5166,5.3906989097595215,5.0,5.0,5.0,5.329878389978372,5.420171791158,5.575313958251336
5167,5.963932514190674,5.6777807052660805,5.0,5.42021640338319,6.657577319177793,7.1249387366083,7.481486060122112
5168,6.1892852783203125,6.008773924307505,5.0,5.886056647693163,6.411483315576424,6.812020239627062,7.869565169179853
5169,4.950260639190674,5.0,5.0,5.0,5.0,5.012096149476276,5.089111421265709
5170,5.214567184448242,5.0,5.0,5.0,5.0,5.0,5.0
5171,7.078048229217529,7.7447274948966935,5.0,5.0,5.0,5.0,5.008864383480216
5172,6.168674468994141,5.920818753952375,5.0,5.0,5.210108201691595,5.42021640338319,5.5707314012151805
5173,5.516384601593018,5.0,5.0,5.0,5.0,5.4120961494762785,7.102653267113967
5174,5.6352763175964355,5.0,5.0,5.0,5.0,5.05679933127304,5.4839966563652
5175,5.0428690910339355,5.0,5.0,5.0,5.0,5.0,5.119382002601611
5176,5.678202152252197,5.0,5.0,5.465907069126919,6.809959463326123,7.481647993062371,7.70932775827525
5177,4.998928546905518,5.619788758288394,5.0,5.0,5.0,5.139140157839338,5.395587282774788
5178,5.282866477966309,5.0,5.0,5.0,5.0,5.279588001734408,6.594799162246874
5179,5.143460750579834,6.161150909262744,5.0,5.0,5.0,5.0,6.07116140690399
5180,5.021142482757568,5.0,5.0,5.0,5.0,5.0,5.0
5181,5.182679653167725,5.0,5.0,5.0,5.230865323586517,5.820867764665735,6.715554367524456
5182,4.766043186187744,5.0,5.0,5.0,5.0,5.0,5.0
5183,5.2685370445251465,5.0,5.0,5.0,5.0,5.1925944240488455,5.658495156981774
5184,4.8402018547058105,5.0,5.0,5.0,5.230865323586517,5.820867764665735,6.715554367524456
5185,4.832181453704834,5.0,5.0,5.0,5.0,5.0,5.583745543646882
5186,4.961890697479248,5.0,5.0,5.0,5.0,5.016383443071563,5.298347314555982
5187,5.92958927154541,5.0,5.0,5.0,5.0,5.0,5.0
5188,4.72947359085083,5.0,5.0,5.0,5.0,5.034785039459835,5.5334877854314275
5189,5.496827602386475,5.2839966563652006,5.0,5.0,5.708512583073295,6.456685660619315,8.053554394051933
5190,4.736529350280762,5.0,5.0,5.0,5.0,5.0,5.0
5191,5.1348090171813965,5.0,5.0,5.0,5.0,5.0,5.0
5192,4.855591297149658,5.0,5.0,5.0,5.0,5.084043280676638,5.252129842029914
5193,5.095601558685303,5.0,5.0,5.0,5.159379381312206,5.318758762624412,5.988168040901103
5194,5.468141555786133,5.0,5.0,5.0,5.708512583073295,6.456685660619315,8.053554394051933
5195,6.25351095199585,6.823908740944319,5.0,5.18837535480105,6.7396216559868245,6.886056647693163,7.169199170261093
5196,5.076944351196289,5.0,5.0,5.0,5.0,5.016383443071563,5.298347314555982
5197,8.1477689743042,7.657577319177793,5.0,5.769551078621726,7.002632177292251,7.840628610219042,8.59864862673098
5198,7.563358783721924,7.376750709602099,5.0,5.0,5.481515245560481,5.850820228732402,6.0963131810635645
5199,5.802792549133301,6.638272163982407,5.0,5.0,5.0,5.0,5.288498559618869
5200,5.7347092628479,5.823908740944319,5.0,5.0,5.823908740944319,5.958607314841775,6.619788758288394
5201,4.6712117195129395,5.0,5.0,5.0,5.0,5.0,5.0
5202,5.41607666015625,5.0,5.0,5.0,5.0,5.0,5.20144957839504
5203,5.090747833251953,5.0,5.0,5.0,5.481647993062369,5.786415255761733,6.111946779547825
5204,6.3111395835876465,6.055517327849832,5.0,5.0,5.1916350977420995,5.494997974617254,5.904956590427026
5205,5.340731143951416,5.0,5.0,5.0,5.0,5.0,5.0
5206,5.152215957641602,5.0,5.0,5.0,5.0,5.0,5.0
5207,5.719925403594971,5.0,5.0,5.0,5.0,6.366531544420414,8.494850021680094
5208,5.392879009246826,5.0,5.0,5.0,5.5376020021010435,5.721246399047171,6.026872146400302
5209,6.835093021392822,7.346787486224656,5.0,5.614942352606449,7.844835868359313,8.098999141397796,9.13106355737751
5210,5.786285877227783,6.301029995663981,5.0,5.42021640338319,6.657577319177793,7.1249387366083,7.481486060122112
5211,5.05024528503418,5.236572006437063,5.0,5.0,6.081359291354222,6.4035294254543444,6.620538427799027
5212,5.647805690765381,5.0,5.0,5.0,6.368669355166785,6.609493351697969,7.040192160757503
5213,5.488526821136475,6.3872161432802645,5.0,5.0,5.876329286972975,7.012697251504221,7.26494905424264
5214,5.775773048400879,6.958607314841775,5.0,5.0,5.968889800705817,6.338153788612729,6.662443951152241
5215,5.449276924133301,5.0,5.0,5.0,5.968889800705817,6.338153788612729,6.662443951152241
5216,5.968632698059082,5.0,5.0,5.0,5.0,5.0,5.288498559618869
5217,5.77498722076416,5.0,5.0,5.0,5.230865323586517,5.820867764665735,6.715554367524456
5218,5.961386203765869,5.0,5.0,5.0,5.0,5.0,5.3013094416207345
5219,5.943904399871826,7.142667503568731,5.0,5.0,5.0,5.0,5.0
5220,4.530964374542236,5.0,5.0,5.0,5.0,5.0,5.035654732351381
5221,5.1700849533081055,5.0,5.0,5.0,5.0,5.766026570025314,6.106860737855564
5222,5.564074516296387,5.0,5.0,5.0,5.0,5.0,5.0795880017344075
5223,5.450819492340088,5.0,5.0,5.0,5.0,5.0,5.0
5224,5.735898494720459,5.0,5.0,5.30033623392066,6.271896009882983,6.480994761799621,8.877103382651214
5225,5.815659523010254,5.0,5.0,5.42021640338319,6.657577319177793,7.1249387366083,7.481486060122112
5226,5.688109874725342,5.0,5.0,5.0,5.823908740944319,5.958607314841775,6.619788758288394
5227,4.9089436531066895,5.0,5.0,5.0,5.0,5.0,5.0
5228,5.709463596343994,5.853871964321762,5.0,5.0,5.0,5.0,5.864737526099142
5229,5.864464282989502,7.318758762624412,5.0,5.0,5.0,5.0,5.12757241303992
5230,4.796233654022217,5.0,5.0,5.0,5.0,5.0,5.0
5231,4.843059062957764,5.0,5.0,5.0,5.0,5.0,5.0
5232,6.121928691864014,5.4089353929735005,5.0,5.0,5.230865323586517,5.820867764665735,6.715554367524456
5233,4.915260314941406,5.0,5.0,5.0,5.0,5.0,5.3013094416207345
5234,5.183560848236084,5.0,5.0,5.0,5.0,5.139140157839338,5.395587282774788
5235,5.6162543296813965,5.0,5.0,5.0,5.6020599913279625,5.7447274948966935,5.886056647693163
5236,4.848348140716553,6.142667503568731,5.0,5.0,5.0,5.0,5.055517327849831
5237,5.818531513214111,6.167491087293763,5.0,5.0,5.0,5.0,5.622062572163754
5238,5.185933589935303,5.0,5.0,5.0,5.0,5.0,5.255144826079842
5239,4.910620212554932,6.301029995663981,5.0,5.0,5.0,5.103854924202302,5.3616200641289495
5240,6.291965007781982,6.721246399047171,5.0,5.287967737291256,7.461462975529174,8.170234422669175,8.401017899130922
5241,6.2011189460754395,5.0,5.0,5.129818655252878,5.329481682537159,6.008456040717206,6.535526288668958
5242,4.817782402038574,5.0,5.0,5.0,5.090836138293877,5.342313722939064,5.714610867233399
5243,6.187158584594727,5.0,5.0,5.0,5.0,5.351015991217509,5.585026652029182
5244,5.035743236541748,5.0,5.0,5.0,5.0,5.0,5.0
5245,5.741573810577393,5.0,5.0,5.0,5.0,5.0,5.0
5246,6.721015453338623,8.387216143280265,5.0,5.0,5.142618929405524,5.5753667688338275,6.54003127572679
5247,5.226041316986084,5.0,5.0,5.0,5.481647993062369,5.786415255761733,6.111946779547825
5248,5.3419013023376465,5.0,5.0,5.0,5.856464859428565,6.2960837014903515,6.823603534477858
5249,4.980247974395752,5.0,5.0,5.0,5.0,5.0,5.0
5250,5.779665470123291,5.0,5.0,5.0,5.0,5.0,5.07535014192042
5251,5.181995868682861,5.0,5.0,5.0,5.0,5.0,5.0
5252,5.697029113769531,5.017728766960431,5.0,5.0,5.0,5.0,5.045403709931007
5253,5.192770481109619,5.0,5.0,5.0,5.336173122706551,5.502471299162677,5.940909367734202
5254,5.664585590362549,8.318758762624412,5.0,5.0,5.708512583073295,6.456685660619315,8.053554394051933
5255,5.232523441314697,5.0,5.0,5.0,5.0,5.0,5.0
5256,6.394583225250244,5.0,5.0,6.054231271163718,7.256077439944282,8.1249387366083,8.627853508438662
5257,5.963932514190674,8.10790539730952,5.0,5.42021640338319,6.657577319177793,7.1249387366083,7.481486060122112
5258,5.398172855377197,5.0,5.0,5.42021640338319,6.657577319177793,7.1249387366083,7.481486060122112
5259,5.9148030281066895,5.6777807052660805,5.0,5.0,5.0,5.223837281543842,6.140057981153716
5260,5.6708760261535645,5.0,5.0,5.0,5.0,5.552491252371425,6.617810671064914
5261,4.938669204711914,6.161150909262744,5.0,5.0,5.0,5.0,6.142667503568731
5262,6.3490166664123535,5.0,5.6936512982466265,6.821318484692428,7.295062717774298,7.354829414764048,7.459720859977528
5263,4.604016304016113,5.0,5.0,5.0,5.0,5.0,5.0
5264,4.890737533569336,5.0,5.0,5.0,5.0,5.0,5.335556141053217
5265,4.992350101470947,5.0,5.0,5.0,5.0,6.42021640338319,6.481486060122113
5266,4.931402206420898,5.0,5.0,5.0,5.0,5.0,5.0
5267,7.110812664031982,9.0,5.0,5.0,5.163951071032141,5.327902142064283,6.048726610343005
5268,5.102201461791992,5.0,5.0,5.011138197355576,5.888215363036752,6.241208065863358,6.365039369692465
5269,4.824622631072998,5.0,5.0,5.0,5.0,5.0,5.0
5270,4.809922695159912,5.0,5.0,5.0,5.0,5.0,5.0
5271,5.114691734313965,5.0,5.0,5.0,5.0,5.0,5.0
5272,6.735866069793701,8.602059991327963,5.0,6.481486060122113,7.734530109732988,8.275008751784874,8.346813140313207
5273,5.534818649291992,5.0,5.0,5.42021640338319,6.657577319177793,7.1249387366083,7.481486060122112
5274,5.046813488006592,5.0,5.0,5.0,5.0,5.012096149476276,5.089111421265709
5275,5.228096008300781,5.0,5.0,5.457176355851572,5.760374041286161,5.882984820353755,6.11948012689327
5276,5.111278533935547,5.0,5.0,5.0,5.446836496938015,5.7447274948966935,5.82193565197116
5277,5.809778213500977,7.008773924307505,5.0,5.0,5.309772914624212,5.785123056544632,6.580936883073365
5278,4.962453365325928,5.0,5.0,5.0,5.0,5.0,5.0
5279,5.012699604034424,5.0,5.0,5.0,5.0,5.05679933127304,5.4839966563652
5280,5.672891139984131,5.920818753952375,5.0,5.0,5.0,5.0,5.0
5281,5.942530632019043,5.0,5.0,6.481486060122113,7.734530109732988,8.275008751784874,8.346813140313207
5282,5.03361177444458,5.0,5.0,5.0,5.0,5.0,5.721246399047171
5283,7.232559680938721,5.568636235841013,5.0,5.0,5.0,5.351015991217509,5.585026652029182
5284,5.163472652435303,5.0,5.0,5.0,5.117005330405836,5.468021321623346,6.748955999889548
5285,5.2399821281433105,5.0,5.0,5.0,5.698970004336019,6.119186407719209,6.568636235841013
5286,5.170739650726318,5.0,5.0,5.0,5.0,5.177211329538633,5.531633988615898
5287,5.863794326782227,5.0,5.0,5.0,5.0,5.0,5.60806164392009
5288,4.898168563842773,5.0,5.0,5.0,5.04997549464332,5.146666040200967,5.396975746372329
5289,4.8768391609191895,5.0,5.0,5.0,5.0,5.177211329538633,5.531633988615898
5290,4.933371067047119,5.721246399047171,5.0,5.0,5.261960783994296,6.04784313597719,6.88377334994157
5291,5.077976703643799,5.0,5.0,5.0,5.0,5.0,5.3872161432802645
5292,7.230216979980469,5.769551078621726,5.0,5.0,5.491206246861287,6.546096010217774,8.248901276889617
5293,5.386958599090576,5.0,5.0,5.0,5.6020599913279625,5.7447274948966935,5.886056647693163
5294,5.156534194946289,5.0,5.0,5.0,5.0,5.0,5.0
5295,4.973363876342773,5.568636235841013,5.0,5.0,5.0,5.0,6.015040800840419
5296,5.271029949188232,5.301029995663981,5.0,5.0,6.010237290870956,6.118490746653228,6.2535212480354065
5297,5.838943004608154,5.886056647693163,5.0,5.0,5.0,5.0,5.0
5298,6.23645544052124,6.585026652029182,5.0,5.309894379144197,6.0491978875360894,6.32765564127649,6.517658239483867
5299,5.444910526275635,5.0,5.0,5.0,5.0,5.984570506477258,6.408945452815283
5300,5.123144626617432,6.657577319177793,5.0,5.0,5.0,5.0,5.0
5301,5.766040802001953,5.0,5.0,5.0,5.0,5.0,5.346395015176066
5302,5.117410182952881,5.0,5.0,5.0,5.0,5.0,5.3872161432802645
5303,5.299519062042236,5.318758762624412,5.0,5.0,5.0,5.0,5.634010660811674
5304,5.497285842895508,5.0,5.0,5.0,5.0,5.223837281543842,6.140057981153716
5305,5.65033483505249,5.6777807052660805,5.0,5.0,5.776413232992072,6.865621827428363,7.442043438104964
5306,5.549459457397461,5.0,5.0,5.0,5.747866492601998,6.276799720315459,6.5119362786376165
5307,5.533355712890625,6.173925197299173,5.0,5.0,5.0,5.51359866254608,6.637319323763178
5308,4.932210445404053,5.0,5.0,5.0,5.0,5.0,5.0
5309,5.123594284057617,5.0,5.0,5.0,5.0,5.507042496070813,6.274290991274421
5310,5.659742832183838,5.0,5.0,5.30033623392066,6.271896009882983,6.480994761799621,8.877103382651214
5311,5.593769550323486,5.0,5.0,6.481486060122113,7.734530109732988,8.275008751784874,8.346813140313207
5312,5.168769836425781,5.0,5.048825028865502,5.122062572163754,5.170887601029256,5.195300115462007,5.219712629894758
5313,5.551772117614746,5.0,5.0,5.0,5.708512583073295,6.456685660619315,8.053554394051933
5314,5.793206214904785,5.0,5.0,5.6777807052660805,6.845389193153565,7.339521244880396,8.032755032589993
5315,5.346542835235596,5.0,5.0,5.261439372640169,5.9076542845912,6.292429823902063,7.125518569371919
5316,5.109786510467529,5.0,5.0,5.059593203859604,5.621921275511394,6.232348276903211,6.79018639043693
5317,6.1210455894470215,6.0655015487564325,5.0,5.0,5.0,5.1925944240488455,5.658495156981774
5318,6.381258487701416,5.229147988357856,5.0,5.0,5.0,5.0,5.0
5319,5.818349838256836,5.0,5.0,5.6777807052660805,6.845389193153565,7.339521244880396,8.032755032589993
5320,5.098495006561279,5.0,5.0,5.0,5.717948779044448,6.154656928386707,6.8675683249985315
5321,4.955449104309082,7.00436480540245,5.0,5.0,5.6,6.671112282106433,7.686473844022299
5322,5.463226318359375,5.0,5.0,5.0,5.8327668861431246,6.519126541329726,7.4754624086313655
5323,5.3804402351379395,5.0,5.0,5.0,5.0,6.318758762624412,6.5376020021010435
5324,5.340542316436768,5.0,5.0,5.0,5.0,5.223837281543842,6.140057981153716
5325,5.256387233734131,5.0,5.0,5.0,5.0,5.033310396709899,6.016753322646608
5326,5.115585803985596,5.0,5.0,5.0,5.0,5.0,5.638272163982407
5327,5.343681335449219,5.0,5.0,5.0,5.309772914624212,5.785123056544632,6.580936883073365
5328,5.476315498352051,5.173925197299173,5.0,5.0,5.0,5.065580428412857,5.5327869988180645
5329,5.906283855438232,5.0,5.0,5.0,5.494752000253373,5.647915503315358,6.239625999943646
5330,5.1534104347229,5.0,5.0,5.0,5.0,5.296297212024423,5.888891636073268
5331,5.48489236831665,5.0,5.0,5.0,5.0,5.0,5.583745543646882
5332,5.897089958190918,5.508638306165727,5.0,5.0,5.747866492601998,6.276799720315459,6.5119362786376165
5333,5.231278896331787,5.0,5.0,5.0,5.468521082957745,6.167491087293763,6.920818753952375
5334,4.7522406578063965,5.0,5.0,5.0,5.0,5.223837281543842,5.671511844631525
5335,5.670833110809326,5.0,5.0,5.0,5.0,5.0,5.0
5336,5.144616603851318,5.0,5.0,5.0,5.8287368785571365,5.96832750158095,6.4859366274865184
5337,5.615215301513672,6.853871964321762,5.0,5.0,5.708512583073295,6.456685660619315,8.053554394051933
5338,5.270447731018066,5.0,5.0,5.0,5.856464859428565,6.2960837014903515,6.823603534477858
5339,5.143805980682373,5.0,5.0,5.0,5.0,5.0,7.440487994684071
5340,6.346597671508789,6.022276394711152,5.0,5.0,5.309772914624212,5.785123056544632,6.580936883073365
5341,5.42741584777832,5.0,5.0,5.0,5.0,5.1925944240488455,5.658495156981774
5342,4.7660651206970215,5.0,5.0,5.0,5.261960783994296,6.04784313597719,6.88377334994157
5343,5.437886714935303,5.769551078621726,5.0,5.0,5.8327668861431246,6.519126541329726,7.4754624086313655
5344,4.917039394378662,5.0,5.0,5.0,5.0,5.0,5.0
5345,5.828972339630127,5.0,5.0,5.287967737291256,7.461462975529174,8.170234422669175,8.401017899130922
5346,5.3013081550598145,5.0,5.0,5.0,5.0,5.0,6.468521082957745
5347,7.622325420379639,7.920818753952375,5.0,5.0,5.7162920156096675,6.038747677265481,6.6638798638515
5348,4.865610122680664,5.0,5.0,5.0,5.0,5.0,5.0
5349,5.20404577255249,5.275724130399211,5.0,5.0,5.708512583073295,6.456685660619315,8.053554394051933
5350,5.323445796966553,5.0,5.0,5.0,5.0,5.0,5.035654732351381
5351,4.526333332061768,5.0,5.0,5.0,5.0,5.0,5.119382002601611
5352,5.213653087615967,5.0,5.0,5.0,5.0,5.0,5.0
5353,5.91841459274292,7.508638306165727,5.0,5.260284331401132,5.936842114697192,6.212300767287724,7.029730760384687
5354,5.195679187774658,5.0,5.0,5.0,5.0,5.0,5.346395015176066
5355,5.376199245452881,5.0,5.0,6.1531365255381765,6.499796115887473,6.650291819404307,6.885710295924456
5356,5.007119655609131,5.0,5.0,5.547102059816066,5.779545458967391,5.920818753952375,6.67630851494269
5357,5.472536563873291,5.0,5.0,5.803651523370167,6.43379958559393,6.683044951125544,6.860947047480813
5358,6.131532669067383,6.356547323513812,5.00261888324147,5.429118384862106,5.882751518246458,5.969390180020549,6.056028841794641
5359,5.148438453674316,5.0,5.0,5.0,5.101727661233145,5.520030657457415,5.848767903643857
5360,6.4407477378845215,6.958607314841775,5.0,5.346787486224656,6.443697499232712,7.1938200260161125,7.920818753952375
5361,6.666826248168945,6.0,5.0,5.0,5.0,5.0916591953431425,5.269678045872886
5362,5.532386302947998,5.0,5.0,5.0,5.4467905147876845,5.723436428713836,7.10110352518409
5363,4.918121814727783,5.0,5.0,5.0,5.0,5.0,5.0
5364,4.807190418243408,5.0,5.0,5.0,5.230865323586517,5.820867764665735,6.715554367524456
5365,5.284433841705322,6.096910013008056,5.0,5.0,5.5376020021010435,5.721246399047171,6.026872146400302
5366,5.598628520965576,5.721246399047171,5.0,5.0,5.0,5.0,5.267606240177032
5367,5.376108646392822,5.0,5.0,5.0,5.765188503875645,6.337734009539242,7.555434863764585
5368,5.836083889007568,6.113509274827518,5.0,5.328788659588897,5.885292569477766,6.015710880738921,6.572000504422791
5369,5.030613422393799,5.0,5.0,5.0,5.0,5.0,5.149669314685716
5370,5.195770263671875,5.0,5.0,5.0,5.0,5.0,5.0
5371,5.11896276473999,5.0,5.0,5.0,5.0,5.0,5.0
5372,4.967015743255615,5.0,5.0,5.0,5.0,5.0,5.603455322466291
5373,5.633608818054199,5.5376020021010435,5.0,5.0,5.0,5.0,5.288498559618869
5374,5.466624736785889,5.0,5.0,5.0,5.920818753952375,6.356547323513812,6.455931955649724
5375,4.894083499908447,5.0,5.0,5.0,5.0,5.576997119237737,5.915076914552607
5376,4.987854480743408,5.0,5.0,5.0,5.0,5.0,5.4089353929735005
5377,6.092931270599365,7.769551078621726,5.0,5.122062572163754,5.770689473640969,5.900566781122885,5.985661382193382
5378,5.127493858337402,5.0,5.0,5.0,5.0,5.0,5.129818655252878
5379,5.921243190765381,6.275724130399211,5.0,5.0,5.0,5.05679933127304,5.4839966563652
5380,5.688858509063721,5.0,5.0,5.0,5.968889800705817,6.338153788612729,6.662443951152241
5381,5.5553178787231445,5.0,5.378913216807529,5.958607314841775,6.717273000560288,6.850382250330102,7.853112668883502
5382,5.171085357666016,5.795880017344075,5.0,5.0,5.210108201691595,5.42021640338319,5.5707314012151805
5383,5.917636394500732,5.0,5.0,5.0,5.201449578395039,6.139488794400743,6.543303570590206
5384,5.022298336029053,5.508638306165727,5.0,5.0,5.738738546094465,6.547883699278268,7.436625011876349
5385,5.020157814025879,5.0,5.0,5.33889035263304,5.770689473640969,5.908845318154531,6.0508638306165725
5386,7.100409984588623,8.244125144327509,5.0,5.372363747448347,6.566292336749683,6.899319376099946,7.31858214935268
5387,6.113096714019775,5.0,5.382963298389445,6.42021640338319,7.7229554474115485,8.285461606394016,8.584121974471215
5388,5.106508255004883,5.0,5.0,5.0,5.0,5.6020599913279625,6.619788758288394
5389,5.812839508056641,5.0,5.0,5.0,5.336173122706551,5.502471299162677,5.940909367734202
5390,5.359023571014404,5.0,5.0,5.0,5.0,5.0,5.377211329538633
5391,5.196528911590576,5.0,5.0,5.0,5.0,5.259497564773153,5.797940008672038
5392,4.93174409866333,5.0,5.0,5.0,5.006682918413346,5.149336579604481,5.6839014626552515
5393,5.550928592681885,5.0,5.0,5.0,5.557809882459554,6.481225900025257,7.487317135998911
5394,6.148441791534424,5.886056647693163,5.0,5.287967737291256,7.461462975529174,8.170234422669175,8.401017899130922
5395,4.981645107269287,5.0,5.0,5.0,5.0,5.0,5.0
5396,5.063411235809326,5.0,5.0,5.0,5.0,5.0,5.255144826079842
5397,5.458108901977539,5.0,5.0,5.0,6.068377979021429,6.7791897757223625,7.668920260392717
5398,5.831305980682373,6.920818753952375,5.0,5.0,5.0,5.0,5.0
5399,5.966425895690918,5.0,5.0,5.0,5.327902142064283,5.638272163982407,5.721246399047171
5400,7.0045342445373535,7.721246399047171,5.0,5.886056647693163,6.411483315576424,6.812020239627062,7.869565169179853
5401,4.913944721221924,5.0,5.0,5.0,5.0,5.494850021680094,5.698970004336019
5402,5.324808597564697,6.3872161432802645,5.0,5.0,5.0,5.508638306165727,6.451544993495972
5403,5.10961389541626,5.0,5.0,5.0,5.0,5.0,5.622062572163754
5404,5.530144691467285,5.0,5.0,5.42021640338319,6.657577319177793,7.1249387366083,7.481486060122112
5405,4.9084906578063965,5.4089353929735005,5.0,5.0,5.0,5.0802637802185675,5.370649559108152
5406,5.1773505210876465,5.0,5.0,5.0,5.0,5.0,5.0
5407,5.593645095825195,6.327902142064283,5.0,5.0,5.0,5.508638306165727,6.451544993495972
5408,5.746809482574463,5.853871964321762,5.0,5.0,5.708512583073295,6.456685660619315,8.053554394051933
5409,4.794320106506348,5.0,5.0,5.0,5.04997549464332,5.146666040200967,5.396975746372329
5410,5.1729254722595215,5.0,5.0,5.0,5.0,5.0,5.0
5411,5.4382758140563965,5.0,5.0,5.0,5.708512583073295,6.456685660619315,8.053554394051933
5412,4.824978351593018,5.0,5.0,5.0,5.0,5.0,5.045403709931007
5413,5.448808193206787,9.275724130399212,5.0,5.0,5.342883161099869,5.813915343413893,5.936172597251873
5414,5.283474445343018,5.0,5.0,5.0,5.0,5.0,5.0
5415,5.553799152374268,5.0,5.0,5.032750774378217,5.696834746491283,6.468685246554372,6.673751488085751
5416,5.123325824737549,5.0,5.0,5.261439372640169,5.9076542845912,6.292429823902063,7.125518569371919
5417,5.496633052825928,5.0,5.0,5.0,5.856464859428565,6.2960837014903515,6.823603534477858
5418,6.035183906555176,5.0,5.6333103967098985,6.454694646085796,6.916633373901797,7.104917602641903,7.2932018313820075
5419,5.0505242347717285,5.0,5.0,5.0,5.101727661233145,5.520030657457415,5.848767903643857
5420,4.7939982414245605,5.0,5.0,5.0,5.0,5.0,5.342800251070619
5421,5.420892238616943,6.327902142064283,5.0,5.0,5.708512583073295,6.456685660619315,8.053554394051933
5422,6.836158752441406,6.008773924307505,5.6936512982466265,6.821318484692428,7.295062717774298,7.354829414764048,7.459720859977528
5423,5.895771026611328,6.455931955649724,5.0,5.0,5.0,5.259078965559803,6.099531988906442
5424,5.471373081207275,6.096910013008056,5.0,5.0,5.0,6.366531544420414,8.494850021680094
5425,5.110618591308594,5.0,5.0,5.0,6.081359291354222,6.4035294254543444,6.620538427799027
5426,4.647651195526123,5.0,5.0,5.0,5.0,5.0,5.0
5427,5.102813720703125,5.0,5.0,5.0,5.0,5.356547323513812,6.795880017344075
5428,5.007290363311768,5.0,5.0,5.0,5.0,5.0,5.0
5429,4.849344730377197,5.0,5.0,5.0,5.0,5.0,5.0
5430,5.503265857696533,5.0,5.0,5.0,5.708512583073295,6.456685660619315,8.053554394051933
5431,5.674545764923096,7.638272163982407,5.0,5.0,5.0,5.0,5.035654732351381
5432,5.149979114532471,5.0,5.0,5.0,5.0,5.886324317847616,6.185228563145452
5433,5.003979206085205,5.0,5.0,5.0,5.6020599913279625,5.7447274948966935,5.886056647693163
5434,6.18316650390625,5.958607314841775,5.0,5.33889035263304,5.770689473640969,5.908845318154531,6.0508638306165725
5435,5.731642246246338,5.055517327849831,5.045829597671571,5.568636235841013,7.83670401387526,7.959176003468815,8.440949163483824
5436,7.009963512420654,7.886056647693163,5.0,5.287967737291256,7.461462975529174,8.170234422669175,8.401017899130922
5437,7.618676662445068,7.494850021680094,5.0,5.886056647693163,6.411483315576424,6.812020239627062,7.869565169179853
5438,5.169187545776367,5.0,5.0,5.0,5.0,5.0,5.701172650495527
5439,5.093193531036377,5.0,5.0,5.0,5.336173122706551,5.502471299162677,5.940909367734202
5440,5.194273948669434,5.0,5.0,5.0,5.0,5.0,5.0
5441,5.083224773406982,5.0,5.0,5.0,5.0,5.241230752217968,5.6218487496163565
5442,5.115917682647705,5.0,5.0,5.0,5.184163750790474,5.736655003161901,6.145085676420271
5443,5.559401035308838,5.0,5.0,5.0,5.0,5.241230752217968,5.6218487496163565
5444,6.976443290710449,7.096910013008056,5.0,5.0,5.0,5.371873254973037,5.760661765532939
5445,5.487504959106445,5.0,5.0,5.0,6.068377979021429,6.7791897757223625,7.668920260392717
5446,5.316339015960693,5.0,5.0,5.0,5.0,5.0,5.583745543646882
5447,5.656283378601074,6.292429823902063,5.0,5.0,5.0,5.1925944240488455,5.658495156981774
5448,6.389138221740723,6.6777807052660805,5.0,5.0,5.0,6.366531544420414,8.494850021680094
5449,5.309624195098877,5.0,5.0,5.0,5.0,5.0,5.008864383480216
5450,4.946770191192627,6.1249387366083,5.0,5.0,5.0,5.0,5.008864383480216
5451,5.889349460601807,5.568636235841013,5.0,5.0,5.0,5.1355561410532165,5.4066684231596485
5452,5.959540843963623,7.327902142064283,5.0,5.0,5.717948779044448,6.154656928386707,6.8675683249985315
5453,5.314547061920166,5.0,5.0,5.0,5.0201454878767855,5.7447274948966935,6.035290537142854
5454,4.910262584686279,5.0,5.0,5.0,5.0,5.0,5.234010660811673
5455,6.722062587738037,5.455931955649724,5.0,5.769551078621726,7.002632177292251,7.840628610219042,8.59864862673098
5456,4.983249187469482,5.0,5.0,5.0,5.0,5.0,5.0
5457,5.912564754486084,6.1938200260161125,5.0,6.200659450546418,6.638272163982407,8.221848749616356,8.958607314841775
5458,5.667869567871094,6.619788758288394,5.0,5.0,5.101727661233145,5.717368524130526,6.277112444960014
5459,4.952636241912842,8.075720713938118,5.0,5.0,5.0,5.0,5.955056020812891
5460,6.1631760597229,7.050609993355087,5.0,5.0,5.920818753952375,6.356547323513812,6.455931955649724
5461,5.330847263336182,6.318758762624412,5.0,5.0,5.0,5.0,5.085387196432176
5462,6.085858345031738,7.236572006437063,5.0,5.42021640338319,6.657577319177793,7.1249387366083,7.481486060122112
5463,4.972220420837402,5.0,5.0,5.227965977824862,5.529434997455911,5.5376020021010435,5.642138395778679
5464,5.341700077056885,5.0,5.0,5.0,5.142618929405524,5.5753667688338275,6.54003127572679
5465,5.057717800140381,5.0,5.0,5.0,5.0,5.296297212024423,5.888891636073268
5466,5.828972339630127,5.0,5.0,5.287967737291256,7.461462975529174,8.170234422669175,8.401017899130922
5467,4.849360466003418,5.0,5.0,5.0,5.583745543646882,6.167491087293763,6.433230545814891
5468,4.956459999084473,5.0,5.0,5.0,5.0,5.0,5.0
5469,5.519877910614014,5.0,5.0,5.0,6.368669355166785,6.609493351697969,7.040192160757503
5470,5.3405632972717285,5.0,5.0,5.457176355851572,5.760374041286161,5.882984820353755,6.11948012689327
5471,5.448601722717285,5.0,5.0,5.0,5.468521082957745,6.167491087293763,6.920818753952375
5472,5.40487003326416,5.0,5.0,5.0,5.5129341232531095,5.958432293377779,6.459547352245197
5473,5.242040634155273,5.0,5.0,5.0,5.139794000867203,5.559176003468815,5.819382002601611
5474,5.8669939041137695,8.337242168318426,5.206303410289213,6.721246399047171,6.920941467630807,7.025595927443738,7.175003442918692
5475,5.314201831817627,5.0,5.0,5.0,5.0,5.4120961494762785,7.102653267113967
5476,4.6741204261779785,5.0,5.0,5.0,5.11302521288063,5.478611897220312,6.0218634973565965
5477,6.392101764678955,6.5376020021010435,5.0,5.0,5.0,5.0,5.0
5478,6.5140910148620605,5.0,5.0,5.18837535480105,6.30571692463636,6.7661930404308706,7.007023843501842
5479,5.454830169677734,6.200659450546418,5.0,5.0,5.0,5.259078965559803,6.099531988906442
5480,4.845579624176025,5.0,5.0,5.0,5.006682918413346,5.149336579604481,5.6839014626552515
5481,6.014723300933838,8.0,5.0,5.0,5.345438620746404,5.564820623348016,5.830865318178036
5482,5.230681896209717,5.0,5.0,5.0,5.0,5.093971785205677,5.226292647534192
5483,5.37095832824707,6.318758762624412,5.0,5.0,5.0,5.331515463835559,6.737412782824986
5484,5.251243591308594,5.0,5.0,5.0,5.0,5.0,5.139794000867203
5485,5.329356670379639,5.0,5.0,5.0,5.0,5.1355561410532165,5.4066684231596485
5486,5.617269992828369,5.0,5.0,5.0,5.0,5.576997119237737,5.915076914552607
5487,5.786285877227783,5.585026652029182,5.0,5.42021640338319,6.657577319177793,7.1249387366083,7.481486060122112
5488,5.5480170249938965,6.346787486224656,5.0,5.42021640338319,6.657577319177793,7.1249387366083,7.481486060122112
5489,4.566055774688721,5.0,5.0,5.0,5.0,5.0,5.0
5490,5.191417217254639,5.0,5.0,5.0,5.446836496938015,5.7447274948966935,5.82193565197116
5491,5.355603218078613,5.0,5.0,5.0,5.0,5.351015991217509,5.585026652029182
5492,4.9879374504089355,5.0,5.0,5.0,5.0,5.0,5.0
5493,4.586047172546387,5.0,5.0,5.0,5.0,5.259497564773153,5.797940008672038
5494,5.061485290527344,6.0,5.0,5.0,5.7366550031619,6.053660333567737,6.31934349279846
5495,6.802524089813232,8.795880017344075,5.0,5.928180382362728,6.772577569995745,7.568636235841013,8.324875990832918
5496,4.9704413414001465,5.0,5.0,5.0,5.583745543646882,6.167491087293763,6.433230545814891
5497,5.569835186004639,6.214670164989233,5.0,5.0,5.5376020021010435,5.721246399047171,6.026872146400302
5498,5.839937686920166,5.0,5.0,5.614942352606449,7.844835868359313,8.098999141397796,9.13106355737751
5499,5.8030805587768555,5.0,5.0,5.0,5.097170173104912,5.229849699277086,5.693936665414687
5500,4.916946887969971,5.0,5.0,5.0,5.0,5.0,5.0
5501,4.9948039054870605,5.0,5.0,5.0,5.346395015176065,5.658146007804834,6.182811806226959
5502,6.571068286895752,7.251811972993799,5.0,5.0,6.036212172654444,6.142667503568731,6.823908740944319
5503,5.810801982879639,6.200659450546418,5.0,5.0,5.0,5.0,5.0
5504,4.986417293548584,5.619788758288394,5.0,5.0,5.0,5.886324317847616,6.185228563145452
5505,5.168808460235596,5.0,5.0,5.0,5.708512583073295,6.456685660619315,8.053554394051933
5506,5.323126316070557,5.0,5.0,5.0,5.0,5.0,5.4089353929735005
5507,5.481353282928467,7.431798275933005,5.0,5.0,5.0,5.0,5.267606240177032
5508,5.956542491912842,5.795880017344075,5.0,5.42021640338319,6.657577319177793,7.1249387366083,7.481486060122112
5509,5.785203456878662,5.0,5.0,5.0,5.6869396686154365,6.036964173972116,6.7003820015986735
5510,4.861454486846924,5.0,5.0,5.0,5.0,5.203455322466291,5.620010954683868
5511,6.228816509246826,8.136677139879543,5.0,5.0,6.010237290870956,6.118490746653228,6.2535212480354065
5512,4.897708415985107,5.0,5.0,5.0,5.0,5.0,5.6777807052660805
5513,5.150511741638184,5.0,5.0,5.0,5.335556141053215,6.342224564212866,7.434122917496055
5514,4.966849327087402,5.0,5.0,5.0,5.0,5.0,5.255144826079842
5515,5.1272454261779785,5.0,5.0,5.011138197355576,5.888215363036752,6.241208065863358,6.365039369692465
5516,6.3331170082092285,5.522878745280337,5.0,5.0,5.5129341232531095,5.958432293377779,6.459547352245197
5517,5.180186748504639,5.0,5.0,5.0,5.0,5.7510871837962805,6.699686629564667
5518,5.355952739715576,7.045757490560675,5.6333103967098985,6.454694646085796,6.916633373901797,7.104917602641903,7.2932018313820075
5519,5.7347412109375,6.113509274827518,5.0,5.0,5.920818753952375,6.356547323513812,6.455931955649724
5520,5.577634334564209,5.0,5.0,5.0,5.0,5.0,5.0
5521,6.4975810050964355,7.6020599913279625,5.0,5.0,5.0,5.0,5.0795880017344075
5522,5.195407390594482,6.00436480540245,5.0,5.0,5.0,5.0,5.895349126175367
5523,6.083456039428711,5.0,5.0,5.42021640338319,6.657577319177793,7.1249387366083,7.481486060122112
5524,5.1689677238464355,5.0,5.0,5.0,5.486379853908173,6.0343342855371045,6.377990700976252
5525,4.953851222991943,5.0,5.6333103967098985,6.454694646085796,6.916633373901797,7.104917602641903,7.2932018313820075
5526,5.0850629806518555,5.0,5.0,5.0,5.0,5.0,5.144364851566506
5527,5.2107014656066895,5.0,5.0,5.0,5.0,5.0,5.864737526099142
5528,6.577916622161865,5.0,5.0,5.0,5.491206246861287,6.546096010217774,8.248901276889617
5529,5.019968509674072,5.0,5.0,5.619788758288394,6.26468584634236,6.445303843740749,7.131147698050925
5530,5.376240253448486,5.0,5.0,5.0,5.0,5.0,5.0
5531,5.16530704498291,5.0,5.0,5.0,5.0,5.0,5.0
5532,7.669374942779541,9.657577319177793,5.0,5.18837535480105,6.30571692463636,6.7661930404308706,7.007023843501842
5533,5.8645124435424805,5.0,5.0,5.769551078621726,7.002632177292251,7.840628610219042,8.59864862673098
5534,5.664885997772217,5.0,5.0,5.0,5.481515245560481,5.850820228732402,6.0963131810635645
5535,5.542698383331299,8.387216143280265,5.0,5.0,5.920818753952375,6.356547323513812,6.455931955649724
5536,5.7944817543029785,7.920818753952375,5.0,5.42021640338319,6.657577319177793,7.1249387366083,7.481486060122112
5537,4.940524578094482,5.0,5.0,5.0,5.0,5.0,5.09995098928664
5538,4.799964427947998,5.0,5.0,5.0,5.0,5.0,5.3191360819912035
5539,5.423276424407959,5.0,5.0,5.0,5.0,5.0,5.0
5540,5.360144138336182,5.0,5.0,5.309894379144197,6.0491978875360894,6.32765564127649,6.517658239483867
5541,5.741382122039795,5.0,5.5376020021010435,6.136677139879544,6.42021640338319,6.6020599913279625,7.161150909262744
5542,5.764071941375732,5.0,5.0,5.0,5.252129842029914,5.652129842029915,6.159176003468815
5543,5.1798577308654785,5.0,5.0,5.0,5.0,5.0916591953431425,5.269678045872886
5544,5.742992877960205,7.552841968657781,5.0,5.0,5.0,5.0,5.4089353929735005
5545,4.60727071762085,5.0,5.0,5.0,5.0,5.0,5.119382002601611
5546,5.559475898742676,5.0,5.0,5.457176355851572,5.760374041286161,5.882984820353755,6.11948012689327
5547,5.866763114929199,5.0,5.0,5.0,5.776413232992072,6.865621827428363,7.442043438104964
5548,5.899196147918701,5.0,5.0,5.0,5.003621217265445,5.125582227794969,5.320642433508986
5549,4.971283912658691,5.0,5.0,5.0,5.7447274948966935,6.026872146400302,6.5376020021010435
5550,6.449775695800781,5.0,5.0,5.0,5.0,5.0,5.0
5551,5.415167331695557,5.0,5.0,5.0,5.0,5.0,5.0
5552,7.29586935043335,6.075720713938118,5.0,5.42021640338319,6.657577319177793,7.1249387366083,7.481486060122112
5553,4.869542598724365,5.522878745280337,5.0,5.0,5.0,5.0,5.0
5554,5.303511142730713,5.0,5.0,5.030240373690691,5.979796630032903,6.440875561547003,6.637736343307488
5555,8.162820816040039,7.823908740944319,5.0,5.928180382362728,6.772577569995745,7.568636235841013,8.324875990832918
5556,5.730872631072998,5.0,5.5376020021010435,6.136677139879544,6.42021640338319,6.6020599913279625,7.161150909262744
5557,4.725361347198486,5.0,5.0,5.0,5.0,5.0,5.342800251070619
5558,4.831425189971924,5.0,5.0,5.0,5.0,5.0,5.0
5559,4.639411926269531,5.0,5.0,5.0,5.0,5.766026570025314,6.106860737855564
5560,4.895579814910889,5.0,5.0,5.0,5.0,5.203455322466291,5.620010954683868
5561,5.252521991729736,5.0,5.0,5.292429823902063,5.801396958063174,6.210789396402983,6.471963329792007
5562,4.900722026824951,5.0,5.0,5.122062572163754,5.770689473640969,5.900566781122885,5.985661382193382
5563,5.038877964019775,5.0,5.0,5.0,5.0,5.494850021680094,5.698970004336019
5564,4.9462103843688965,5.0,5.0,5.0,5.0,5.0,5.0
5565,5.601674556732178,8.193820026016112,5.0,5.0,5.0,5.247314401287413,5.741943203862238
5566,5.757534980773926,6.6020599913279625,5.0,5.0,5.068105564896511,5.409654350625216,6.169457226644011
5567,6.353606700897217,6.657577319177793,5.0,5.0,5.0,5.0,5.0
5568,5.527668476104736,5.721246399047171,5.0,5.0,5.761091082236913,6.416153306250301,7.328727082090541
5569,5.254135608673096,5.0,5.0,5.0,5.0,5.0,5.3014005676816796
5570,5.24222993850708,5.0,5.0,5.0,5.303517951486582,5.772541840295507,6.237332733324225
5571,5.578089714050293,9.214670164989233,5.0,5.0,5.708512583073295,6.456685660619315,8.053554394051933
5572,5.273505210876465,5.0,6.076163040999861,6.170565203899018,6.233499979165125,6.264967366798177,6.29643475443123
5573,5.475368499755859,5.0,5.0,5.30033623392066,6.271896009882983,6.480994761799621,8.877103382651214
5574,5.401274681091309,6.619788758288394,5.0,5.18837535480105,6.7396216559868245,6.886056647693163,7.169199170261093
5575,5.783991813659668,5.0,5.0,5.0,5.0,5.0,5.255144826079842
5576,5.8511881828308105,5.0,5.0,5.769551078621726,7.002632177292251,7.840628610219042,8.59864862673098
5577,6.255594253540039,5.0,5.0,5.0,5.481515245560481,5.850820228732402,6.0963131810635645
5578,4.879846096038818,5.0,5.0,5.0,5.557809882459554,6.481225900025257,7.487317135998911
5579,4.976901531219482,5.0,5.0,5.0,5.486379853908173,6.0343342855371045,6.377990700976252
5580,4.960385799407959,5.0,5.0,5.0,5.522878745280337,6.2441251443275085,8.05551732784983
5581,4.850790500640869,5.0,5.0,5.0,5.150741978564387,5.449959733306949,6.1009273341251244
5582,5.688882350921631,5.0,5.0,5.0,5.101727661233145,5.520030657457415,5.848767903643857
5583,6.542566776275635,7.468521082957745,5.0,5.42021640338319,6.657577319177793,7.1249387366083,7.481486060122112
5584,4.7317681312561035,5.0,5.0,5.0,5.0,5.0,5.0
5585,5.522343158721924,5.0,5.0,5.0,5.708512583073295,6.456685660619315,8.053554394051933
5586,6.315911293029785,5.0,5.0,6.299299729609228,7.56968241169672,7.787170498505569,7.910390122074611
5587,5.501272201538086,6.267606240177032,5.0,5.0,5.0,5.0,5.267606240177032
5588,5.5661139488220215,6.00436480540245,5.0,5.619788758288394,6.26468584634236,6.445303843740749,7.131147698050925
5589,5.244419574737549,5.0,5.0,5.0,5.0,5.0,5.204575749056067
5590,5.047134876251221,5.0,5.0,5.0,5.0,5.0,5.0
5591,4.876685619354248,5.0,5.0,5.0,5.0,5.071309464702763,5.2139283941082875
5592,5.218609809875488,5.0,5.0,5.0,5.0,5.139140157839338,5.395587282774788
5593,4.796233654022217,5.0,5.0,5.0,5.0,5.0,5.0
5594,6.11953592300415,6.481486060122113,5.0,5.0,5.0,5.0,5.20144957839504
5595,5.208974361419678,5.0,5.0,5.0,5.0,5.0,5.634010660811674
5596,5.789180278778076,6.229147988357855,5.0,5.18837535480105,6.30571692463636,6.7661930404308706,7.007023843501842
5597,5.975628852844238,5.0,5.0,5.0,5.1654344782395265,5.406258474770712,5.695764207919511
5598,6.289148807525635,5.0,5.0,5.0,5.0,5.1925944240488455,5.658495156981774
5599,4.919174671173096,5.0,5.0,5.0,5.0,5.259078965559803,6.099531988906442
5600,4.991429805755615,5.200659450546418,5.0,5.0,5.2543191530828635,5.508638306165727,5.56421353222706
5601,5.351521968841553,5.0,5.0,5.0,5.0,5.1925944240488455,5.658495156981774
5602,5.600346088409424,5.0,5.0,5.0,6.068377979021429,6.7791897757223625,7.668920260392717
5603,4.9794440269470215,5.0,5.0,5.0,5.5376020021010435,5.721246399047171,6.026872146400302
5604,5.686717510223389,5.0,5.0,5.0,5.7447274948966935,6.026872146400302,6.5376020021010435
5605,5.0871405601501465,5.0,5.0,5.0,5.0,5.507042496070813,6.274290991274421
5606,5.178919315338135,5.0,5.0,5.0,5.0,5.0,5.0
5607,6.246537685394287,5.0,5.0,5.0,5.0,5.508638306165727,6.451544993495972
5608,5.681225299835205,5.0,5.0,5.0,5.708512583073295,6.456685660619315,8.053554394051933
5609,5.698861122131348,5.0,5.0,5.0,5.0,5.0,5.0
5610,5.0278639793396,5.494850021680094,5.0,5.0,5.951015991217508,6.669367998155139,6.845855511987395
5611,5.051316738128662,5.0,5.0,5.0,5.765188503875645,6.337734009539242,7.555434863764585
5612,5.157483100891113,5.0,5.0,5.0,5.0,5.0,6.468521082957745
5613,4.88743257522583,5.0,5.0,5.0,5.150741978564387,5.449959733306949,6.1009273341251244
5614,5.569677829742432,5.0,5.0,5.0,5.0,5.0,5.0
5615,5.326204776763916,5.0,5.0,5.0,5.075720713938118,6.214670164989233,6.327902142064283
5616,5.258025646209717,5.0,5.0,5.0,5.0,5.0,6.052177559189752
5617,4.585677146911621,5.0,5.0,5.0,5.0,5.0,5.0
5618,6.020163059234619,5.0,5.142618929405526,5.356547323513812,6.088763051451145,6.454870915419811,6.8209787793884775
5619,5.718870639801025,5.0,5.0,6.1531365255381765,6.499796115887473,6.650291819404307,6.885710295924456
5620,6.430393695831299,5.0,5.0,5.0,5.481515245560481,5.850820228732402,6.0963131810635645
5621,5.315242290496826,7.366531544420414,5.0,5.0,5.160563744106219,5.440151745840627,5.855473215493237
5622,5.963932514190674,6.3979400086720375,5.0,5.42021640338319,6.657577319177793,7.1249387366083,7.481486060122112
5623,5.656494140625,6.017728766960431,5.0,5.0,5.309772914624212,5.785123056544632,6.580936883073365
5624,5.450978755950928,6.552841968657781,5.0,5.0,5.0,5.223837281543842,6.140057981153716
5625,6.476528167724609,5.431798275933005,5.0,5.0,5.768744396507357,6.052401239005146,7.4183227671325565
5626,5.083810329437256,5.0,5.0,5.0,5.0,5.0,5.0795880017344075
5627,6.470728397369385,5.376750709602099,5.0,5.0,5.968889800705817,6.338153788612729,6.662443951152241
5628,5.05017614364624,5.0,5.6333103967098985,6.454694646085796,6.916633373901797,7.104917602641903,7.2932018313820075
5629,5.6286301612854,5.0,5.0,5.42021640338319,6.657577319177793,7.1249387366083,7.481486060122112
5630,4.505493640899658,5.0,5.0,5.0,5.2543191530828635,5.508638306165727,5.56421353222706
5631,6.606813907623291,6.698970004336019,5.0,5.614942352606449,7.844835868359313,8.098999141397796,9.13106355737751
5632,5.294580936431885,5.0,5.0,5.0,5.802345300991055,6.353045584831895,6.507703977970893
5633,5.273108005523682,5.0,5.0,5.0,5.0,5.552491252371425,6.617810671064914
5634,6.502142906188965,5.0,5.382963298389445,6.42021640338319,7.7229554474115485,8.285461606394016,8.584121974471215
5635,5.931674003601074,6.086186147616283,5.0,5.0,5.0,5.093971785205677,5.226292647534192
5636,5.256703853607178,5.0,5.0,5.30033623392066,6.271896009882983,6.480994761799621,8.877103382651214
5637,5.183769226074219,5.0,5.0,5.0,5.090836138293877,5.342313722939064,5.714610867233399
5638,5.136998653411865,5.0,5.0,5.0,5.0,5.0,5.0
5639,4.901026725769043,5.0,5.0,5.0,5.0,5.0,5.0
5640,5.6884589195251465,5.0,5.0,5.0,5.0,6.318758762624412,6.5376020021010435
5641,4.711023807525635,5.0,5.0,5.0,5.0,5.0,5.864737526099142
5642,5.664585590362549,8.102372908709558,5.0,5.0,5.708512583073295,6.456685660619315,8.053554394051933
5643,5.504197597503662,5.0,5.0,5.465907069126919,6.809959463326123,7.481647993062371,7.70932775827525
5644,4.939818382263184,5.0,5.206303410289213,6.721246399047171,6.920941467630807,7.025595927443738,7.175003442918692
5645,5.0416436195373535,5.0,5.0,5.0,5.0,5.0,5.0
5646,5.51143217086792,6.698970004336019,5.0,5.0,5.895766104529767,6.125386129798948,6.502223389960223
5647,5.251135349273682,5.0,5.0,5.0,5.0,5.0,5.0
5648,5.075227737426758,5.0,5.0,5.0,5.0,5.0594966605123695,5.533901498419491
5649,5.438261032104492,5.585026652029182,5.0,5.0,5.0,5.0,5.895349126175367
5650,5.356690883636475,5.0,5.0,5.0,5.0,5.0,6.07116140690399
5651,5.1693196296691895,5.0,5.0,5.0,5.327902142064283,5.638272163982407,5.721246399047171
5652,4.907588481903076,7.3872161432802645,5.0,5.0,5.0,5.0,5.0
5653,4.984447002410889,5.0,5.0,5.0,5.0,5.766026570025314,6.106860737855564
5654,5.158029079437256,5.0,5.0,5.0,5.0,5.0,5.0
5655,4.939812183380127,5.0,5.0,5.0,5.0,5.03236876304957,5.148780806775779
5656,5.132233142852783,5.0,5.0,5.0,5.340823996531185,5.727202434050302,5.828575698611751
5657,5.929272651672363,5.0,5.048825028865502,5.122062572163754,5.170887601029256,5.195300115462007,5.219712629894758
5658,6.096841812133789,6.522878745280337,5.0,5.0,5.0,5.223837281543842,6.140057981153716
5659,6.265390396118164,6.6020599913279625,5.0,5.287967737291256,7.461462975529174,8.170234422669175,8.401017899130922
5660,5.13548469543457,5.0,5.0,5.0,5.0,5.0,5.0
5661,5.672591686248779,5.443697499232712,5.0,5.0,6.010237290870956,6.118490746653228,6.2535212480354065
5662,5.185975551605225,5.0,5.206303410289213,6.721246399047171,6.920941467630807,7.025595927443738,7.175003442918692
5663,5.032533168792725,5.0,5.0,5.0,5.0,5.0,5.0
5664,5.101233005523682,5.0,5.0,5.0,5.895766104529767,6.125386129798948,6.502223389960223
5665,5.2584004402160645,5.0,5.0,5.0,5.261960783994296,6.04784313597719,6.88377334994157
5666,5.425650119781494,5.0,5.0,5.0,5.0,5.0,5.0
5667,4.856221675872803,5.0,5.0,5.0,5.0,5.0,5.0
5668,5.788400173187256,5.173925197299173,5.0,5.292429823902063,5.801396958063174,6.210789396402983,6.471963329792007
5669,5.037607669830322,5.0,5.0,5.0,5.0,5.0,5.0
5670,5.112016677856445,5.0,5.0,5.0,5.0,5.0,5.0
5671,4.894920825958252,5.0,5.0,5.0,5.0,5.0,5.0
5672,6.207167625427246,7.7447274948966935,5.0,5.0,5.068105564896511,5.409654350625216,6.169457226644011
5673,5.273346424102783,6.5376020021010435,5.0,5.0,5.0,5.0,5.0
5674,4.813944339752197,5.0,5.0,5.0,5.468521082957745,6.167491087293763,6.920818753952375
5675,5.828089714050293,5.0,5.0,5.0,5.0,5.0,5.144364851566506
5676,6.0653815269470215,5.0,5.0,5.614942352606449,7.844835868359313,8.098999141397796,9.13106355737751
5677,5.543591022491455,5.455931955649724,5.0,5.06246936830415,5.20446769648675,5.2839966563652006,5.389423339022647
5678,5.452549457550049,5.0,5.0,5.0,5.509691001300805,6.858146007804834,7.63075221594426
5679,5.181779384613037,5.0,5.0,5.0,5.6869396686154365,6.036964173972116,6.7003820015986735
5680,5.249742031097412,5.920818753952375,5.0,5.0,5.765188503875645,6.337734009539242,7.555434863764585
5681,6.729854106903076,9.292429823902063,5.0,5.769551078621726,7.002632177292251,7.840628610219042,8.59864862673098
5682,4.956407070159912,5.0,5.0,5.0,5.20345532246629,5.305182983699437,5.406910644932582
5683,7.044491291046143,7.431798275933005,5.0,5.0,5.0,5.0,5.3191360819912035
5684,4.641787052154541,5.0,5.0,5.0,5.0,5.0,6.142667503568731
5685,4.989902019500732,5.0,5.0,5.0,5.522878745280337,6.2441251443275085,8.05551732784983
5686,5.204397678375244,5.0,5.0,5.0,5.0,5.6020599913279625,6.619788758288394
5687,6.032766819000244,7.0,5.0,5.42021640338319,6.657577319177793,7.1249387366083,7.481486060122112
5688,6.152430057525635,7.638272163982407,5.0,5.0,6.081359291354222,6.4035294254543444,6.620538427799027
5689,5.43246603012085,5.0,5.0,5.0,5.844698206593385,6.011255601796691,6.26164275048356
5690,5.308254718780518,5.040958607678906,5.0,5.0,5.596490607097571,6.025706859412084,6.4526793486171155
5691,6.021727085113525,5.0,5.0,5.0,5.0,5.0,5.0
5692,5.569677829742432,5.0,5.0,5.0,5.0,5.0,5.0
5693,5.300586223602295,5.0,5.0,5.0,5.0,5.477528010406445,6.104288634424147
5694,5.331704139709473,5.0,5.0,5.547102059816066,5.779545458967391,5.920818753952375,6.67630851494269
5695,5.515020847320557,5.853871964321762,5.0,5.0,5.768744396507357,6.052401239005146,7.4183227671325565
5696,6.449828624725342,6.050609993355087,5.0,5.0,5.0,6.318758762624412,6.5376020021010435
5697,5.278810024261475,5.0,5.0,5.0,5.0,5.0,5.70446769648675
5698,5.372592926025391,5.0,5.0,5.0,5.086359655186601,5.345438620746404,6.887311395274088
5699,5.9683685302734375,5.0,5.0,5.928180382362728,6.772577569995745,7.568636235841013,8.324875990832918
5700,5.644921779632568,6.886056647693163,5.0,5.0,5.761091082236913,6.416153306250301,7.328727082090541
5701,5.204061508178711,5.920818753952375,5.0,5.0,5.329878389978372,5.420171791158,5.575313958251336
5702,5.480336666107178,5.2441251443275085,5.0,5.0,5.0,5.552491252371425,6.617810671064914
5703,6.419039249420166,8.318758762624412,5.0,5.928180382362728,6.772577569995745,7.568636235841013,8.324875990832918
5704,5.024590015411377,5.0,5.0,5.0,5.0,5.0,5.186847479451571
5705,7.753262519836426,6.721246399047171,5.0,5.30033623392066,6.271896009882983,6.480994761799621,8.877103382651214
5706,5.470457553863525,5.0,5.0,5.0,5.0,5.0,6.07116140690399
5707,5.854526996612549,5.0,5.0,5.0,5.0,5.0,5.0
5708,6.147035121917725,7.167491087293763,5.0,5.0,5.446836496938015,5.7447274948966935,5.82193565197116
5709,5.12522029876709,5.0,5.0,5.0,5.0,5.0,5.4089353929735005
5710,5.094616413116455,5.0,5.0,5.0,5.36804185367615,5.695208145805298,6.305438650294773
5711,5.383916854858398,5.0,5.0,5.0,5.5713337517843655,6.142667503568731,6.787232889750868
5712,5.964494228363037,5.0,5.382963298389445,6.42021640338319,7.7229554474115485,8.285461606394016,8.584121974471215
5713,5.06583833694458,5.0,5.0,5.0,5.0,5.0,5.0
5714,5.269718647003174,5.0,5.0,5.0,5.184163750790474,5.736655003161901,6.145085676420271
5715,4.969611644744873,5.0,5.0,5.0,5.0,5.0,5.0
5716,5.8511881828308105,5.0,5.0,5.769551078621726,7.002632177292251,7.840628610219042,8.59864862673098
5717,5.963926792144775,5.0,5.0,5.0,5.0,5.576997119237737,5.915076914552607
5718,6.080284595489502,5.0,5.0,5.0,5.0,5.0,5.186847479451571
5719,6.150999546051025,8.366531544420413,5.0,5.0,5.55007498130775,6.226778245030048,6.406763468004177
5720,5.263571262359619,5.431798275933005,5.0,5.0,5.0,5.241230752217968,5.6218487496163565
5721,5.6079792976379395,5.0,5.0,5.346787486224656,6.443697499232712,7.1938200260161125,7.920818753952375
5722,6.302246570587158,5.721246399047171,5.0,5.698970004336019,7.251811972993799,7.301029995663981,7.301029995663981
5723,4.726651668548584,5.0,5.0,5.0,5.0,5.0,5.0
5724,5.361459732055664,5.0,5.0,5.0,5.0,5.071309464702763,5.2139283941082875
5725,5.104971885681152,5.0,5.0,5.0,5.0,5.033310396709899,6.016753322646608
5726,5.543181419372559,5.0,5.0,5.0,5.0,5.241230752217968,5.6218487496163565
5727,5.4282965660095215,5.0,5.0,5.0,5.6,6.671112282106433,7.686473844022299
5728,4.829971790313721,5.0,5.0,5.0,5.0,5.0,5.0
5729,5.260201930999756,5.0,5.0,5.0,5.0,6.42021640338319,6.481486060122113
5730,5.788491725921631,5.0,5.0,5.0,5.0,5.0,5.0
5731,5.288552761077881,5.0,5.0,5.0,5.0,5.0,5.297890997958678
5732,5.88452672958374,6.337242168318426,5.0,5.0,5.0,5.0,5.149669314685716
5733,5.346225261688232,5.0,5.0,5.129818655252878,5.329481682537159,6.008456040717206,6.535526288668958
5734,5.814754962921143,5.0,5.0,5.769551078621726,7.002632177292251,7.840628610219042,8.59864862673098
5735,5.451484680175781,5.0,5.0,5.0,5.0,5.0,5.0
5736,5.0677666664123535,5.0,5.0,5.0,5.0,5.034785039459835,5.5334877854314275
5737,6.254951000213623,6.721246399047171,5.0,5.0,5.708512583073295,6.456685660619315,8.053554394051933
5738,5.648415565490723,5.0,5.0,5.0,5.0,5.4120961494762785,7.102653267113967
5739,5.742643356323242,5.0,5.0,5.0,5.0,5.0,5.204575749056067
5740,5.688070297241211,5.221848749616356,5.0,5.0,5.0,5.033310396709899,6.016753322646608
5741,4.843193054199219,5.0,5.0,5.0,5.0,5.0,5.335556141053217
5742,5.354412078857422,5.0,5.0,5.0,5.0,5.4120961494762785,7.102653267113967
5743,6.643593788146973,6.4089353929735005,5.0,5.42021640338319,6.657577319177793,7.1249387366083,7.481486060122112
5744,5.014915943145752,5.0,5.0,5.0,5.0,5.0,5.0
5745,5.8412628173828125,6.6020599913279625,5.0,5.0,5.006682918413346,5.149336579604481,5.6839014626552515
5746,5.295777797698975,5.0,5.0,5.0,5.139794000867203,5.559176003468815,5.819382002601611
5747,6.245489597320557,5.795880017344075,5.0,5.287967737291256,7.461462975529174,8.170234422669175,8.401017899130922
5748,5.1820831298828125,5.0,5.0,5.0,5.0,5.0,5.0
5749,4.996490955352783,5.0,5.0,5.0,5.261960783994296,6.04784313597719,6.88377334994157
5750,5.044564723968506,5.0,5.0,5.0,5.0,5.0,5.0
5751,5.078404903411865,5.0,5.0,5.0,5.557809882459554,6.481225900025257,7.487317135998911
5752,5.712432384490967,5.0,5.0,5.0,5.0,5.016383443071563,5.298347314555982
5753,5.09459114074707,5.0,5.0,5.0,5.0,5.0,5.864737526099142
5754,5.1612868309021,5.0,5.0,5.0,5.0,5.508638306165727,6.451544993495972
5755,4.9863200187683105,5.0,5.0,5.0,5.0,5.576997119237737,5.915076914552607
5756,5.188417911529541,5.0,5.0,5.0,5.0,5.0,5.895349126175367
5757,5.366678714752197,5.0,5.0,5.0,5.0,5.7510871837962805,6.699686629564667
5758,5.245438098907471,5.0,5.0,5.0,5.0,5.223837281543842,5.671511844631525
5759,5.241845607757568,5.0,5.0,5.0,5.583745543646882,6.167491087293763,6.433230545814891
5760,6.083456039428711,5.0,5.0,5.42021640338319,6.657577319177793,7.1249387366083,7.481486060122112
5761,5.414186954498291,5.619788758288394,5.0,5.0,5.008092190762393,5.555595640645169,6.751306992442353
5762,5.077957630157471,5.0,5.0,5.0,5.0,5.0,5.0
5763,5.269960403442383,5.0,5.0,5.0,5.0,5.0,5.0
5764,5.270274639129639,5.0,5.0,5.0,5.0,5.0,5.955056020812891
5765,5.26192569732666,6.958607314841775,5.0,5.0,5.346395015176065,5.658146007804834,6.182811806226959
5766,5.5480170249938965,6.236572006437063,5.0,5.42021640338319,6.657577319177793,7.1249387366083,7.481486060122112
5767,5.847226619720459,5.0,5.0,5.42021640338319,6.657577319177793,7.1249387366083,7.481486060122112
5768,5.04462194442749,5.0,5.0,5.011138197355576,5.888215363036752,6.241208065863358,6.365039369692465
5769,5.222280979156494,5.0,5.0,5.0,5.0,5.0,5.0
5770,6.8432159423828125,8.522878745280337,5.0,5.0,5.342883161099869,5.813915343413893,5.936172597251873
5771,5.440448760986328,5.0,5.0,5.0,5.0,5.0,5.0
5772,5.045103549957275,5.0,5.0,5.0,5.0,5.279588001734408,6.594799162246874
5773,5.754426956176758,5.0,5.0,5.0,5.708512583073295,6.456685660619315,8.053554394051933
5774,5.612542629241943,7.040958607678906,5.0,5.0,5.0,5.0,5.0
5775,5.250667095184326,5.0,5.0,5.0,5.0,5.0,5.09995098928664
5776,5.046960353851318,5.0,5.0,5.0,5.0,5.103854924202302,5.3616200641289495
5777,6.2060980796813965,6.0655015487564325,5.0,5.0,5.708512583073295,6.456685660619315,8.053554394051933
5778,6.196324825286865,5.0,5.0,6.299299729609228,7.56968241169672,7.787170498505569,7.910390122074611
5779,6.032766819000244,7.013228265733755,5.0,5.42021640338319,6.657577319177793,7.1249387366083,7.481486060122112
5780,5.673915386199951,6.050609993355087,5.0,5.42021640338319,6.657577319177793,7.1249387366083,7.481486060122112
5781,5.28236722946167,5.0,5.0,5.0,5.0,5.203455322466291,5.620010954683868
5782,5.712337970733643,5.0,5.0,5.0,5.0,5.0,5.09995098928664
5783,4.965864181518555,5.0,5.0,5.0,5.0,5.0,5.1
5784,5.102226734161377,5.0,5.0,5.0,5.0,5.0,5.0
5785,5.966622829437256,5.142667503568732,5.0,5.698970004336019,7.251811972993799,7.301029995663981,7.301029995663981
5786,5.913350582122803,7.1487416512809245,5.0,5.0,5.0,5.0,5.3191360819912035
5787,5.551772117614746,5.0,5.0,5.0,5.708512583073295,6.456685660619315,8.053554394051933
5788,5.779098033905029,5.508638306165727,5.0,5.0,6.036212172654444,6.142667503568731,6.823908740944319
5789,5.373958587646484,5.769551078621726,5.0,5.0,5.0,5.0,5.42166897466197
5790,4.900426387786865,5.0,5.0,5.0,5.0,5.0,5.0
5791,6.129878997802734,5.0,5.0,5.0,5.0,5.0,5.0
5792,6.686405658721924,7.4089353929735005,5.0,5.42021640338319,6.657577319177793,7.1249387366083,7.481486060122112
5793,5.104548454284668,5.0,5.0,5.0,5.0,5.0,5.0
5794,5.024470329284668,5.0,5.0,5.0,5.336173122706551,5.502471299162677,5.940909367734202
5795,4.796233654022217,5.0,5.0,5.0,5.0,5.0,5.0
5796,4.858514785766602,5.0,5.0,5.0,5.0869625986495866,5.173925197299173,5.265236260406493
5797,5.7207722663879395,5.0,5.0,5.0,5.0,5.0,5.0
5798,5.587698459625244,5.0,5.0,5.18837535480105,6.30571692463636,6.7661930404308706,7.007023843501842
5799,6.573133945465088,5.0,5.0,5.42021640338319,6.657577319177793,7.1249387366083,7.481486060122112
5800,4.763129711151123,5.0,5.0,5.0,5.958607314841775,6.070581074285707,6.113509274827518
5801,6.081206798553467,5.0,5.0,5.18837535480105,6.30571692463636,6.7661930404308706,7.007023843501842
5802,4.969163417816162,5.0,5.0,5.0,5.0,5.0,5.904700876731446
5803,5.336704730987549,5.0,5.0,5.0,5.0,5.0,5.0
5804,6.132481098175049,5.0,5.0,5.769551078621726,7.002632177292251,7.840628610219042,8.59864862673098
5805,5.33017110824585,6.958607314841775,5.0,5.0,5.0,5.0,6.142667503568731
5806,5.013647079467773,5.0,5.0,5.0,5.0,5.0,5.552841968657781
5807,5.0978102684021,5.0,5.0,5.0,5.101727661233145,5.520030657457415,5.848767903643857
5808,5.969170093536377,5.431798275933005,5.0,5.0,5.0,5.0,5.0
5809,6.240661144256592,5.0,5.382963298389445,6.42021640338319,7.7229554474115485,8.285461606394016,8.584121974471215
5810,6.392480373382568,6.4089353929735005,5.0,5.0,5.0,5.51359866254608,6.637319323763178
5811,4.699848651885986,5.0,5.0,5.059593203859604,5.621921275511394,6.232348276903211,6.79018639043693
5812,4.986385822296143,5.0,5.0,5.0,5.0,5.0,5.377211329538633
5813,5.8264288902282715,5.0,5.0,5.0,5.0,5.0,5.0
5814,5.494711399078369,5.0,5.0,5.0,5.0,5.0,5.0
5815,5.033583164215088,5.0,5.0,5.0,5.0,5.0,5.3191360819912035
5816,4.883976936340332,5.0,5.0,5.0,5.139794000867203,5.559176003468815,5.819382002601611
5817,6.716813087463379,7.3979400086720375,5.0,5.0,5.776413232992072,6.865621827428363,7.442043438104964
5818,4.695780277252197,5.0,5.0,5.0,5.0,5.0,5.920818753952375
5819,5.221502304077148,5.0,5.0,5.0,5.0,5.0,5.0
5820,5.461407661437988,5.0,5.0,5.0,5.101727661233145,5.717368524130526,6.277112444960014
5821,6.359058856964111,5.886056647693163,5.0,5.0,5.708512583073295,6.456685660619315,8.053554394051933
5822,5.137823581695557,5.0,5.0,5.0,5.0,5.0,5.0
5823,5.444896221160889,5.0,5.0,5.0,5.0,5.0,5.288498559618869
5824,5.173416614532471,5.0,5.0,5.0,5.769551078621726,7.5376020021010435,7.585026652029182
5825,5.169699192047119,5.0,5.0,5.0,5.0,5.0,5.0
5826,5.192432403564453,5.0,5.0,5.0,5.0,5.508638306165727,6.451544993495972
5827,5.203245639801025,5.0,5.0,5.0,5.0,5.984570506477258,6.408945452815283
5828,4.957544803619385,5.0,5.0,5.0,5.0,5.0,5.008864383480216
5829,5.06486177444458,5.0,5.0,5.0,5.0,5.203455322466291,5.620010954683868
5830,5.0339131355285645,5.0,5.0,5.0,5.0,5.065580428412857,5.5327869988180645
5831,6.326987266540527,5.4089353929735005,5.0,5.292429823902063,5.801396958063174,6.210789396402983,6.471963329792007
5832,5.835805416107178,7.136677139879544,5.0,5.0,5.0,5.0,5.904700876731446
5833,5.649682998657227,6.366531544420414,5.0,5.0,5.0,5.63741732867143,6.912251986014287
5834,5.8757100105285645,5.337242168318426,5.0,5.0,5.708512583073295,6.456685660619315,8.053554394051933
5835,5.1187262535095215,5.0,5.0,5.0,5.0,5.0,5.0
5836,5.262852191925049,6.267606240177032,5.0,5.0,5.0,5.371873254973037,5.760661765532939
5837,5.120228290557861,5.0,5.0,5.0,5.0,5.0,5.07535014192042
5838,4.826680660247803,5.0,5.0,5.0,5.0,5.0,5.055517327849831
5839,5.478438854217529,5.0,5.0,5.0,5.101727661233145,5.717368524130526,6.277112444960014
5840,4.668054103851318,5.0,5.0,5.0,5.0,5.16056374410622,5.992661405874745
5841,5.078491687774658,5.0,5.0,5.0,5.958607314841775,6.070581074285707,6.113509274827518
5842,5.941691875457764,5.0,5.0,5.0,5.509691001300805,6.858146007804834,7.63075221594426
5843,5.282049655914307,5.0,5.0,5.0,7.035625007497918,7.38004376813455,7.604730444456747
5844,4.840826511383057,5.0,5.0,5.0,5.0,5.0,5.0
5845,5.822460651397705,5.0,5.0,5.0,5.708512583073295,6.456685660619315,8.053554394051933
5846,5.482729434967041,5.0,5.0,5.0,5.708512583073295,6.456685660619315,8.053554394051933
5847,5.4382758140563965,5.0,5.0,5.0,5.708512583073295,6.456685660619315,8.053554394051933
5848,4.565716743469238,5.0,5.0,5.0,5.0,5.263030927671117,5.733304289873123
5849,5.3516926765441895,5.0,5.0,5.0,5.5129341232531095,5.958432293377779,6.459547352245197
5850,5.583950042724609,6.080921907623926,5.0,5.0,6.278328604148765,7.086992643672552,7.7605410118764535
5851,4.869808673858643,5.0,5.0,5.0,5.0,5.327902142064283,6.2076083105017466
5852,7.562456130981445,5.920818753952375,5.0,5.0,6.315831350852757,7.387503458885711,8.024315496631102
5853,6.000699520111084,5.301029995663981,5.0,5.457176355851572,5.760374041286161,5.882984820353755,6.11948012689327
5854,5.207301616668701,5.0,5.0,5.0,5.0,5.0,5.07535014192042
5855,5.615743637084961,5.958607314841775,5.0,5.5376020021010435,6.068170466997458,6.51022560613271,6.798055961229678
5856,5.804507732391357,5.0,5.0,5.0,5.0,5.766026570025314,6.106860737855564
5857,5.353178024291992,5.0,5.0,5.30033623392066,6.271896009882983,6.480994761799621,8.877103382651214
5858,5.411447048187256,5.0,5.0,5.0,5.738738546094465,6.547883699278268,7.436625011876349
5859,4.795599460601807,5.0,5.0,5.0,5.2543191530828635,5.508638306165727,5.56421353222706
5860,6.191275119781494,5.455931955649724,5.0,5.769551078621726,7.002632177292251,7.840628610219042,8.59864862673098
5861,5.502589702606201,5.5376020021010435,5.0,5.0,6.315831350852757,7.387503458885711,8.024315496631102
5862,5.475826740264893,5.318758762624412,5.0,5.0,5.261960783994296,6.04784313597719,6.88377334994157
5863,6.471416473388672,5.698970004336019,5.0,5.0,5.708512583073295,6.456685660619315,8.053554394051933
5864,6.255322456359863,5.0,5.0,5.129818655252878,5.329481682537159,6.008456040717206,6.535526288668958
5865,5.769893169403076,5.7447274948966935,5.0,5.0,5.0,5.210121998671017,5.630365996013053
5866,6.207041263580322,5.0,5.0,5.928180382362728,6.772577569995745,7.568636235841013,8.324875990832918
5867,5.014865398406982,5.0,5.0,5.0,5.36804185367615,5.695208145805298,6.305438650294773
5868,6.308135509490967,6.7447274948966935,5.0,5.465907069126919,6.809959463326123,7.481647993062371,7.70932775827525
5869,6.006091117858887,5.0,5.0,5.928180382362728,6.772577569995745,7.568636235841013,8.324875990832918
5870,4.87917947769165,5.7447274948966935,5.0,5.0,5.0,5.0,5.139794000867203
5871,6.493913650512695,6.366531544420414,5.0,5.769551078621726,7.002632177292251,7.840628610219042,8.59864862673098
5872,5.245269775390625,5.0,5.0,5.0,5.55007498130775,6.226778245030048,6.406763468004177
5873,6.441801071166992,5.0,5.0,5.0,5.0,6.318758762624412,6.5376020021010435
5874,5.966156482696533,6.070581074285707,5.0,5.0,5.184163750790474,5.736655003161901,6.145085676420271
5875,5.132744312286377,5.0,5.0,5.0,5.0,5.0,5.955056020812891
5876,5.3996405601501465,5.0,5.0,5.0,5.0,5.0,5.638272163982407
5877,4.952305316925049,5.0,5.0,5.0,5.0,5.259497564773153,5.797940008672038
5878,4.949153423309326,5.0,5.0,5.0,5.26935749724493,6.077429988979726,6.5496212774634985
5879,5.468303203582764,5.0,5.9901019303030605,6.591647408166742,7.128788772280643,7.208036362993901,7.287283953707157
5880,5.723540782928467,5.0,5.0,5.0,5.7162920156096675,6.038747677265481,6.6638798638515
5881,5.017425060272217,5.0,5.0,5.0,5.11302521288063,5.478611897220312,6.0218634973565965
5882,4.998491287231445,5.0,5.0,5.0,5.0,5.139140157839338,5.395587282774788
5883,5.087308883666992,5.0,5.0,5.0,5.0,5.083043324200698,5.371461077681457
5884,5.773054599761963,5.0,5.0,5.0,5.008092190762393,5.555595640645169,6.751306992442353
5885,5.938735485076904,6.2839966563652006,5.0,5.465907069126919,6.809959463326123,7.481647993062371,7.70932775827525
5886,5.127957820892334,5.0,5.0,5.0,5.086359655186601,5.345438620746404,6.887311395274088
5887,5.222054481506348,5.585026652029182,5.0,5.0,5.802345300991055,6.353045584831895,6.507703977970893
5888,5.603039264678955,6.376750709602099,5.0,5.0,5.856464859428565,6.2960837014903515,6.823603534477858
5889,5.263086795806885,5.795880017344075,5.0,5.0,5.342883161099869,5.813915343413893,5.936172597251873
5890,5.931411266326904,5.0,5.0,5.0,5.0,5.0,5.622062572163754
5891,5.088644981384277,5.0,5.0,5.0,5.0,5.0,5.0
5892,4.9446187019348145,5.0,5.0,5.0,5.1654344782395265,5.406258474770712,5.695764207919511
5893,4.981815338134766,6.026872146400302,5.0,5.0,5.0,5.0,5.30945511543382
5894,5.090209484100342,5.0,5.0,5.0,5.0,5.0,5.07535014192042
5895,4.905430316925049,5.0,5.0,5.0,5.0,5.148945498979339,5.832233621235863
5896,6.161714553833008,6.552841968657781,5.0,5.0,5.230865323586517,5.820867764665735,6.715554367524456
5897,6.737865447998047,6.886056647693163,5.0,5.928180382362728,6.772577569995745,7.568636235841013,8.324875990832918
5898,4.688587665557861,5.0,5.0,5.0,5.0,5.0,5.0
5899,5.391005992889404,5.0,5.0,5.0,5.0,5.0,5.42166897466197
5900,5.108216762542725,5.0,5.0,5.0,5.0,5.0,5.0
5901,5.4864068031311035,5.075720713938118,5.0,5.42021640338319,6.657577319177793,7.1249387366083,7.481486060122112
5902,5.354182720184326,7.0655015487564325,5.0,5.0,5.446836496938015,5.7447274948966935,5.82193565197116
5903,5.0883564949035645,5.0,5.0,5.0,5.0,5.0,5.0
5904,6.277881145477295,5.853871964321762,5.0,5.465907069126919,6.809959463326123,7.481647993062371,7.70932775827525
5905,5.390173435211182,5.0,6.076163040999861,6.170565203899018,6.233499979165125,6.264967366798177,6.29643475443123
5906,5.329982280731201,5.0,5.0,5.0,5.0,5.0,5.0
5907,4.936710357666016,5.0,5.0,5.0,5.0,5.0,5.0
5908,6.430734157562256,6.468521082957745,5.0,5.0,5.823908740944319,5.958607314841775,6.619788758288394
5909,5.547105312347412,5.0,5.0,5.0,5.0,5.508638306165727,6.451544993495972
5910,4.762017726898193,5.0,5.0,5.0,5.0,5.259078965559803,6.099531988906442
5911,5.240924835205078,5.0,5.0,5.734260541478872,6.763144123905442,7.191911180327464,7.651523988147662
5912,5.143205165863037,5.0,5.0,5.0,5.0,5.7510871837962805,6.699686629564667
5913,5.912644386291504,5.0,5.0,5.0,5.0,5.0,5.0
5914,5.92326021194458,6.173925197299173,5.0,5.30033623392066,6.271896009882983,6.480994761799621,8.877103382651214
5915,4.7675676345825195,5.0,5.0,5.0,5.0,5.0,5.0
5916,5.092270374298096,5.0,5.0,5.0,5.0,5.0,5.07535014192042
5917,6.128710746765137,7.1249387366083,5.0,5.0,5.0,5.148945498979339,5.832233621235863
5918,5.266473770141602,6.0,5.0,5.0,5.7447274948966935,6.026872146400302,6.5376020021010435
5919,4.778670787811279,5.0,5.0,5.0,5.0,5.0,5.0
5920,5.012023448944092,5.585026652029182,5.0,5.0,5.2543191530828635,5.508638306165727,5.56421353222706
5921,6.086670875549316,6.886056647693163,5.0,5.0,5.442273574926224,5.9699280077227055,6.804100085852557
5922,5.476386547088623,5.0,5.0,5.30033623392066,6.271896009882983,6.480994761799621,8.877103382651214
5923,5.247650623321533,5.0,5.0,5.0,5.0,5.0,5.0
5924,5.048038959503174,5.0,5.0,5.0,5.0,5.0,6.015040800840419
5925,5.036778450012207,5.0,5.0,5.5376020021010435,6.068170466997458,6.51022560613271,6.798055961229678
5926,5.570464134216309,5.0,5.0,5.0,5.0,5.0,5.955056020812891
5927,5.0639967918396,5.0,5.0,5.0,5.0,5.0,5.468521082957745
5928,5.874301433563232,6.638272163982407,5.0,5.42021640338319,6.657577319177793,7.1249387366083,7.481486060122112
5929,5.147940635681152,5.0,5.0,5.0,5.0,5.301727661233146,6.61798047468195
5930,5.493228435516357,5.0,5.0,5.0,5.708512583073295,6.456685660619315,8.053554394051933
5931,4.825381755828857,5.0,5.0,5.0,5.7447274948966935,6.026872146400302,6.5376020021010435
5932,5.057016372680664,5.0,5.0,5.0,5.0,5.1355561410532165,5.4066684231596485
5933,5.166855812072754,5.6777807052660805,5.0,5.0,5.0,5.0,5.920818753952375
5934,5.020904064178467,6.481486060122113,5.0,5.0,5.0201454878767855,5.7447274948966935,6.035290537142854
5935,4.883944034576416,5.0,5.0,5.0,5.0,5.477528010406445,6.104288634424147
5936,5.54730749130249,5.0,5.0,5.0,5.0,5.0,5.0
5937,5.753807544708252,7.017728766960431,5.045829597671571,5.568636235841013,7.83670401387526,7.959176003468815,8.440949163483824
5938,5.842312335968018,5.0,5.0,5.0,5.0,5.0,5.0
5939,5.416985988616943,5.0,5.00261888324147,5.429118384862106,5.882751518246458,5.969390180020549,6.056028841794641
5940,5.5783820152282715,5.0,5.0,6.299299729609228,7.56968241169672,7.787170498505569,7.910390122074611
5941,5.466065883636475,5.0,5.0,5.0,5.708512583073295,6.456685660619315,8.053554394051933
5942,5.407769680023193,5.0,5.0,5.0,5.0,5.508638306165727,6.451544993495972
5943,4.830402851104736,5.0,5.0,5.0,5.2543191530828635,5.508638306165727,5.56421353222706
5944,5.727667331695557,5.0,5.0,5.769551078621726,7.002632177292251,7.840628610219042,8.59864862673098
5945,6.482351779937744,7.638272163982407,5.0,5.328788659588897,5.885292569477766,6.015710880738921,6.572000504422791
5946,5.222317695617676,6.568636235841013,5.0,5.0,5.522878745280337,6.2441251443275085,8.05551732784983
5947,5.145142555236816,5.0,5.0,5.0,5.7366550031619,6.053660333567737,6.31934349279846
5948,7.158688068389893,6.585026652029182,5.382963298389445,6.42021640338319,7.7229554474115485,8.285461606394016,8.584121974471215
5949,5.915732383728027,5.0,5.455931955649724,6.839926856944473,7.240743030061056,7.522878745280337,8.002182402701225
5950,5.84749174118042,5.0,5.0,5.0,5.0,5.984570506477258,6.408945452815283
5951,5.088014125823975,5.0,5.0,5.0,5.0,5.0,5.055517327849831
5952,5.938592433929443,6.2839966563652006,5.0,5.0,5.0,5.0,6.052177559189752
5953,4.8300042152404785,5.0,5.0,5.260284331401132,5.936842114697192,6.212300767287724,7.029730760384687
5954,5.789561748504639,5.0,5.0,5.0,5.0,5.0,5.0
5955,5.69840145111084,6.1249387366083,5.0,5.0,5.0,5.247314401287413,5.741943203862238
5956,5.113047122955322,5.0,5.0,5.0,5.26935749724493,6.077429988979726,6.5496212774634985
5957,4.879660606384277,5.0,5.0,5.0,5.0,5.63741732867143,6.912251986014287
5958,4.817737579345703,5.0,5.0,5.0,5.0,5.0,5.342800251070619
5959,7.820923328399658,7.7447274948966935,5.0,5.42021640338319,6.657577319177793,7.1249387366083,7.481486060122112
5960,5.9793877601623535,5.886056647693163,5.0,5.0,5.26935749724493,6.077429988979726,6.5496212774634985
5961,5.170226097106934,5.0,5.0,5.0,5.218302996224269,5.873211984897081,6.295732985203996
5962,5.282057285308838,5.0,5.0,5.0,5.0,5.0,5.003509569723002
5963,6.666865348815918,8.275724130399212,5.0,5.261439372640169,5.9076542845912,6.292429823902063,7.125518569371919
5964,5.403212070465088,5.6020599913279625,5.0,5.0,5.0,5.552491252371425,6.617810671064914
5965,5.118499279022217,5.0,5.0,5.0,5.0,5.0,5.0
5966,5.112851142883301,5.0,5.0,5.0,5.139794000867203,5.559176003468815,5.819382002601611
5967,5.083503723144531,5.0,5.0,5.0,5.0,5.177211329538633,5.531633988615898
5968,4.912619113922119,5.0,5.0,5.0,5.0,5.0,5.0
5969,6.030603885650635,5.214670164989233,5.0,5.0,5.309772914624212,5.785123056544632,6.580936883073365
5970,6.125783443450928,6.886056647693163,5.0,5.0,5.6,6.671112282106433,7.686473844022299
5971,5.764675617218018,5.638272163982407,5.0,5.0,5.0,5.012096149476276,5.089111421265709
5972,6.059367656707764,5.0,5.0,5.030240373690691,5.979796630032903,6.440875561547003,6.637736343307488
5973,5.158897876739502,5.0,5.0,5.0,5.0,5.0,5.346395015176066
5974,6.067198276519775,5.0,5.0,5.0,5.0,5.0,5.0
5975,5.849874973297119,6.0,5.048825028865502,5.122062572163754,5.170887601029256,5.195300115462007,5.219712629894758
5976,4.885653018951416,5.0,5.0,5.0,5.0,5.7510871837962805,6.699686629564667
5977,7.016520023345947,6.1249387366083,5.0,5.0,5.340823996531185,5.727202434050302,5.828575698611751
5978,5.4555182456970215,5.0,5.0,5.0,5.0,5.0,5.42166897466197
5979,5.248097896575928,5.259637310505756,5.0,5.0,5.0,5.071309464702763,5.2139283941082875
5980,4.848465442657471,5.0,5.0,5.0,5.0,5.0,5.0
5981,5.427401542663574,5.795880017344075,5.0,5.0,5.0,5.3707743928643525,6.112323178593057
5982,5.464642524719238,6.431798275933005,5.0,5.0,5.0,5.0,5.180617997398389
5983,5.254002094268799,5.0,5.0,5.0,5.0,5.0,5.008864383480216
5984,5.035654544830322,5.0,5.0,5.0,5.0,5.0,6.142667503568731
5985,5.772395133972168,5.0,5.0,5.0,5.708512583073295,6.456685660619315,8.053554394051933
5986,5.355596542358398,5.0,5.0,5.0,5.0,5.0,5.0
5987,5.177520751953125,5.0,5.0,5.0,5.003621217265445,5.088723738510172,5.694820453954792
5988,5.012292861938477,5.0,5.0,5.0,5.0,5.0,5.0
5989,5.408702850341797,5.853871964321762,5.0,5.0,5.0,5.0,5.0
5990,5.265931606292725,5.0,5.0,5.0,5.0,5.0,5.0
5991,5.45418119430542,6.275724130399211,5.0,5.0,5.0,5.0,5.0
5992,5.356633186340332,5.698970004336019,5.0,5.0,5.0,5.0,5.0
5993,4.889603614807129,5.0,5.0,5.0,5.0,5.0,5.335556141053217
5994,6.292578220367432,5.886056647693163,5.0,5.287967737291256,7.461462975529174,8.170234422669175,8.401017899130922
5995,5.004386901855469,5.0,5.0,5.0,5.0,5.0,5.335556141053217
5996,4.895010948181152,5.0,5.0,5.0,5.0,5.477528010406445,6.104288634424147
5997,5.392367839813232,5.657577319177793,5.0,5.0,5.0,5.886324317847616,6.185228563145452
5998,5.274597644805908,5.0,5.0,5.0,5.0,5.0,5.0
5999,5.975284099578857,5.0,5.0,5.227965977824862,5.529434997455911,5.5376020021010435,5.642138395778679
6000,4.8524956703186035,5.0,5.0,5.0,5.192973858767064,5.328501281388417,6.025031859678254
6001,5.527195453643799,5.0,5.0,5.0,6.315831350852757,7.387503458885711,8.024315496631102
6002,5.136291980743408,5.0,5.0,5.0,5.006682918413346,5.149336579604481,5.6839014626552515
6003,5.401052951812744,5.823908740944319,5.0,5.0,5.090836138293877,5.342313722939064,5.714610867233399
6004,4.711502552032471,5.0,5.0,5.0,5.0,5.026200619502573,5.429169121047358
6005,5.014782905578613,5.0,5.0,5.0,5.765188503875645,6.337734009539242,7.555434863764585
6006,5.363892078399658,5.638272163982407,5.0,5.0,5.112251986014286,5.333388773477399,5.569928007722705
6007,5.666228771209717,5.0,5.0,5.0,5.0,5.0,5.346395015176066
6008,5.523172855377197,5.3872161432802645,5.0,5.0,5.309772914624212,5.785123056544632,6.580936883073365
6009,5.141463279724121,5.0,5.0,5.0,5.0,5.033310396709899,6.016753322646608
6010,6.022413730621338,5.0,5.0,5.0,5.491206246861287,6.546096010217774,8.248901276889617
